fold,window,window_start_seconds,window_end_seconds,k_features,selection_strategy,C,balanced_accuracy,macro_f1,negative_log_likelihood
1,0:2,0.0,2.0,0,all_after_variance,0.01,0.31568383167220376,0.3151684640977308,1.3704357889505356
1,0:2,0.0,2.0,0,all_after_variance,0.1,0.3010728128460686,0.2989331580370929,2.15748341426141
1,0:2,0.0,2.0,0,all_after_variance,1.0,0.3010728128460686,0.2990070352172883,3.2706612125707033
1,0:2,0.0,2.0,8,kbest,0.01,0.3617732558139535,0.35642135642135647,1.0976359695165612
1,0:2,0.0,2.0,8,kbest,0.1,0.3486918604651163,0.3459425237203015,1.1924939374895371
1,0:2,0.0,2.0,8,kbest,1.0,0.36686046511627907,0.36486291486291483,1.3447845853185307
1,0:2,0.0,2.0,16,kbest,0.01,0.34207502768549275,0.3253920984713123,1.1142695193841172
1,0:2,0.0,2.0,16,kbest,0.1,0.34958471760797344,0.34715976968472645,1.2371377369986611
1,0:2,0.0,2.0,16,kbest,1.0,0.34781284606866003,0.3474799779066556,1.3988199365563918
1,0:2,0.0,2.0,32,kbest,0.01,0.3826065891472868,0.3723723723723724,1.1473400193279686
1,0:2,0.0,2.0,32,kbest,0.1,0.3617732558139535,0.35642135642135647,1.3194713973947818
1,0:2,0.0,2.0,32,kbest,1.0,0.38236434108527134,0.38182213524679276,1.729602291928569
1,0:2,0.0,2.0,64,kbest,0.01,0.41094961240310074,0.4082486480061806,1.1618215404319465
1,0:2,0.0,2.0,64,kbest,0.1,0.41782253599114066,0.41512417210016167,1.4464253739889346
1,0:2,0.0,2.0,64,kbest,1.0,0.41094961240310074,0.4099657775714114,2.5200259139419354
1,2:4,2.0,4.0,0,all_after_variance,0.01,0.35111434108527134,0.3520150508256384,1.3994591880005707
1,2:4,2.0,4.0,0,all_after_variance,0.1,0.282890365448505,0.2843020613661082,2.2104794233579663
1,2:4,2.0,4.0,0,all_after_variance,1.0,0.2864341085271318,0.2853241800152555,3.383138082362089
1,2:4,2.0,4.0,8,kbest,0.01,0.32722176079734216,0.31873015873015875,1.1052726986980088
1,2:4,2.0,4.0,8,kbest,0.1,0.32366417497231453,0.3209007489200726,1.242873076544014
1,2:4,2.0,4.0,8,kbest,1.0,0.31146179401993357,0.30902585836250845,1.5193012161343034
1,2:4,2.0,4.0,16,kbest,0.01,0.40407668881506087,0.4000974658869396,1.1100375197651717
1,2:4,2.0,4.0,16,kbest,0.1,0.39010243632336655,0.3880869624480338,1.3200773323132162
1,2:4,2.0,4.0,16,kbest,1.0,0.3716915836101882,0.36654363305444543,1.7701708218424783
1,2:4,2.0,4.0,32,kbest,0.01,0.36749723145071983,0.3731957496468276,1.1051583848860076
1,2:4,2.0,4.0,32,kbest,0.1,0.3553086932447398,0.35625729174768606,1.3573040377221663
1,2:4,2.0,4.0,32,kbest,1.0,0.3830011074197121,0.3849576476115464,1.971186579041279
1,2:4,2.0,4.0,64,kbest,0.01,0.3603959025470653,0.36068424121272696,1.1555577496916816
1,2:4,2.0,4.0,64,kbest,0.1,0.3249515503875969,0.3247152029826015,1.522173597270241
1,2:4,2.0,4.0,64,kbest,1.0,0.3287375415282392,0.32649925024794285,2.6746648865846976
1,4:6,4.0,6.0,0,all_after_variance,0.01,0.3344892026578073,0.33291394595742424,1.4365351609994494
1,4:6,4.0,6.0,0,all_after_variance,0.1,0.27821151716500553,0.275266762223284,2.2751639087002573
1,4:6,4.0,6.0,0,all_after_variance,1.0,0.25495570321151717,0.25504009344062223,3.4604253141499295
1,4:6,4.0,6.0,8,kbest,0.01,0.30679678848283504,0.30844604847341633,1.1455611531460645
1,4:6,4.0,6.0,8,kbest,0.1,0.2895210409745293,0.2916666666666667,1.252151339474174
1,4:6,4.0,6.0,8,kbest,1.0,0.32585825027685494,0.32910740053597193,1.4026241588366983
1,4:6,4.0,6.0,16,kbest,0.01,0.27845376522702103,0.27908041265286604,1.1747954684684145
1,4:6,4.0,6.0,16,kbest,0.1,0.25851328903654486,0.259018759018759,1.3535246572961122
1,4:6,4.0,6.0,16,kbest,1.0,0.3276162790697674,0.32492697277461874,1.678219338540062
1,4:6,4.0,6.0,32,kbest,0.01,0.3070390365448505,0.30694476394959486,1.2127767110459553
1,4:6,4.0,6.0,32,kbest,0.1,0.29153516057585827,0.2907102993404363,1.5713304858110457
1,4:6,4.0,6.0,32,kbest,1.0,0.3502214839424142,0.3503186444362915,2.278129776278251
1,4:6,4.0,6.0,64,kbest,0.01,0.28443383167220376,0.28469229905023635,1.257944628631438
1,4:6,4.0,6.0,64,kbest,0.1,0.28199750830564785,0.2802750118539592,1.7000179408568654
1,4:6,4.0,6.0,64,kbest,1.0,0.29241417497231453,0.2896090796158832,2.866536452205802
1,6:8,6.0,8.0,0,all_after_variance,0.01,0.3147909745293466,0.3169950017776105,1.4592313796712701
1,6:8,6.0,8.0,0,all_after_variance,0.1,0.3311738648947951,0.3335204853475569,2.319505599202634
1,6:8,6.0,8.0,0,all_after_variance,1.0,0.323421926910299,0.3252342936480389,3.4977930368043992
1,6:8,6.0,8.0,8,kbest,0.01,0.3606243078626799,0.36261240381941223,1.1283703405313132
1,6:8,6.0,8.0,8,kbest,0.1,0.3502076411960133,0.3510822510822511,1.3558913472145333
1,6:8,6.0,8.0,8,kbest,1.0,0.3406838316722038,0.34733524503345475,1.6798204309859193
1,6:8,6.0,8.0,16,kbest,0.01,0.3406838316722038,0.3407124014624439,1.1504987867876855
1,6:8,6.0,8.0,16,kbest,0.1,0.3553086932447398,0.3593846852273819,1.4138260551125685
1,6:8,6.0,8.0,16,kbest,1.0,0.2981519933554817,0.3014545840632797,1.8238580596410499
1,6:8,6.0,8.0,32,kbest,0.01,0.3276162790697674,0.33138383318517134,1.1838621127519777
1,6:8,6.0,8.0,32,kbest,0.1,0.30590393133997784,0.3080997183819765,1.4662632543912049
1,6:8,6.0,8.0,32,kbest,1.0,0.34313399778516057,0.3443958356702936,2.1134308297038755
1,6:8,6.0,8.0,64,kbest,0.01,0.3207571982281285,0.32142974428110926,1.2442320672979834
1,6:8,6.0,8.0,64,kbest,0.1,0.3103405315614618,0.3099069512862616,1.6496214212778804
1,6:8,6.0,8.0,64,kbest,1.0,0.3285091362126246,0.3299359844135964,2.8585626006982108
1,8:10,8.0,10.0,0,all_after_variance,0.01,0.3196497785160576,0.3145148960335488,1.5451985113039595
1,8:10,8.0,10.0,0,all_after_variance,0.1,0.29106450719822813,0.2840104026544705,2.6810174383827046
1,8:10,8.0,10.0,0,all_after_variance,1.0,0.26603682170542636,0.2606837606837607,4.3285734405895315
1,8:10,8.0,10.0,8,kbest,0.01,0.26449335548172753,0.26517857142857143,1.1528637427727448
1,8:10,8.0,10.0,8,kbest,0.1,0.26005675526024363,0.25735644895480964,1.3086064274083984
1,8:10,8.0,10.0,8,kbest,1.0,0.2695805647840532,0.2660791589363018,1.395504883886529
1,8:10,8.0,10.0,16,kbest,0.01,0.3050249169435216,0.3046310095490423,1.2091625207389225
1,8:10,8.0,10.0,16,kbest,0.1,0.29460825027685494,0.29166481275491285,1.4983349262526062
1,8:10,8.0,10.0,16,kbest,1.0,0.3163205980066445,0.31641449683321604,1.9775982294206988
1,8:10,8.0,10.0,32,kbest,0.01,0.3231935215946844,0.3235446792732666,1.2610479325766843
1,8:10,8.0,10.0,32,kbest,0.1,0.35863787375415285,0.35618156270021545,1.6857790200963567
1,8:10,8.0,10.0,32,kbest,1.0,0.3630744739756368,0.3629487339663502,2.3212035424330186
1,8:10,8.0,10.0,64,kbest,0.01,0.25319767441860463,0.25104158245075053,1.3666680533515299
1,8:10,8.0,10.0,64,kbest,0.1,0.31721345514950167,0.3171023965141612,2.1888948571822695
1,8:10,8.0,10.0,64,kbest,1.0,0.30946151716500553,0.30959277972103466,9.052982730097558
1,0:10,0.0,10.0,0,all_after_variance,0.01,0.3085825027685493,0.30895647977207363,1.4632678447818366
1,0:10,0.0,10.0,0,all_after_variance,0.1,0.3240863787375415,0.32221691352126136,2.6080696512788117
1,0:10,0.0,10.0,0,all_after_variance,1.0,0.3240863787375415,0.32221691352126136,4.250499385248286
1,0:10,0.0,10.0,8,kbest,0.01,0.3511281838316722,0.35095979347187073,1.125152995140642
1,0:10,0.0,10.0,8,kbest,0.1,0.3630744739756368,0.36252786108138085,1.215453003122234
1,0:10,0.0,10.0,8,kbest,1.0,0.3369116832779624,0.32834691587681225,1.3183691479933684
1,0:10,0.0,10.0,16,kbest,0.01,0.3451481173864895,0.34408007105281135,1.155163580446672
1,0:10,0.0,10.0,16,kbest,0.1,0.2627214839424142,0.261634224824603,1.3003239958890436
1,0:10,0.0,10.0,16,kbest,1.0,0.28774916943521595,0.28506698187549256,1.5323170481332258
1,0:10,0.0,10.0,32,kbest,0.01,0.36751107419712076,0.3677015658837248,1.1787152669146146
1,0:10,0.0,10.0,32,kbest,0.1,0.30260243632336653,0.3025792395811371,1.3622073082423924
1,0:10,0.0,10.0,32,kbest,1.0,0.3327173311184939,0.33030835807988224,1.7778261235271502
1,0:10,0.0,10.0,64,kbest,0.01,0.38722314507198224,0.38657647616485385,1.2008263978515539
1,0:10,0.0,10.0,64,kbest,0.1,0.33868355481727574,0.3342749529190207,1.4944213830532616
1,0:10,0.0,10.0,64,kbest,1.0,0.3214078073089701,0.3204524721766101,2.3426759802378223
2,0:2,0.0,2.0,0,all_after_variance,0.01,0.41860353897656627,0.41810607600081284,1.1901943322746191
2,0:2,0.0,2.0,0,all_after_variance,0.1,0.4455011272801803,0.4447162094220918,1.667633597063015
2,0:2,0.0,2.0,0,all_after_variance,1.0,0.4275671244107399,0.4261329511329512,2.4541079491162847
2,0:2,0.0,2.0,8,kbest,0.01,0.3289335246293639,0.32582547955455105,1.113181786746626
2,0:2,0.0,2.0,8,kbest,0.1,0.31295347407255586,0.309704641350211,1.1889253294419277
2,0:2,0.0,2.0,8,kbest,1.0,0.3098859055817449,0.30894259046157774,1.2689535246312857
2,0:2,0.0,2.0,16,kbest,0.01,0.3527225524356084,0.3405802752174343,1.1253360904154204
2,0:2,0.0,2.0,16,kbest,0.1,0.34291863086698093,0.33063002646121536,1.2227369564669068
2,0:2,0.0,2.0,16,kbest,1.0,0.34180501468880237,0.3351845424042578,1.3759360839578687
2,0:2,0.0,2.0,32,kbest,0.01,0.3255448520871764,0.3156565656565656,1.1439263604686496
2,0:2,0.0,2.0,32,kbest,0.1,0.3630866980938717,0.3528118939883646,1.318095032107984
2,0:2,0.0,2.0,32,kbest,1.0,0.3423652387784382,0.33706360593017687,1.7041261966252097
2,0:2,0.0,2.0,64,kbest,0.01,0.3700553392088543,0.33300994421537716,1.1619272490361992
2,0:2,0.0,2.0,64,kbest,0.1,0.40680467308874774,0.3992383760211289,1.3585873268254967
2,0:2,0.0,2.0,64,kbest,1.0,0.4073648971783836,0.39998371028746255,1.9869907335218393
2,2:4,2.0,4.0,0,all_after_variance,0.01,0.3497028079524493,0.34740034843936946,1.3243675691695125
2,2:4,2.0,4.0,0,all_after_variance,0.1,0.3437999590079934,0.34355775642047487,2.1093050761171437
2,2:4,2.0,4.0,0,all_after_variance,1.0,0.333996037439366,0.333255524431995,3.276244062121685
2,2:4,2.0,4.0,8,kbest,0.01,0.3211723713875794,0.307200556357995,1.1122388414984217
2,2:4,2.0,4.0,8,kbest,0.1,0.3096536175445788,0.30643464268031023,1.2141239565959137
2,2:4,2.0,4.0,8,kbest,1.0,0.3110473457675753,0.3089657776404764,1.3084100557658216
2,2:4,2.0,4.0,16,kbest,0.01,0.33515747762519643,0.33100059144835264,1.1294795903206356
2,2:4,2.0,4.0,16,kbest,0.1,0.316943362710938,0.31389761854878134,1.2811506177452952
2,2:4,2.0,4.0,16,kbest,1.0,0.3287012365921979,0.32983646916432857,1.4487065926157983
2,2:4,2.0,4.0,32,kbest,0.01,0.3620550659288106,0.3566137566137566,1.1338613009971092
2,2:4,2.0,4.0,32,kbest,0.1,0.31554963448794154,0.3093529737863309,1.2921108426731571
2,2:4,2.0,4.0,32,kbest,1.0,0.34161371865819495,0.3346817433773956,1.7367469016288677
2,2:4,2.0,4.0,64,kbest,0.01,0.31244107399057186,0.3103543743078627,1.159119006424191
2,2:4,2.0,4.0,64,kbest,0.1,0.3328824212611874,0.3327784485489934,1.4669382025291844
2,2:4,2.0,4.0,64,kbest,1.0,0.37604017216642754,0.3735841550991353,2.464876194252859
2,4:6,4.0,6.0,0,all_after_variance,0.01,0.37827423652387787,0.3786101222720941,1.367113426666675
2,4:6,4.0,6.0,0,all_after_variance,0.1,0.3365512058481929,0.33251231967660294,1.9747763135742677
2,4:6,4.0,6.0,0,all_after_variance,1.0,0.3284211245473799,0.32542012109504265,2.849012264158988
2,4:6,4.0,6.0,8,kbest,0.01,0.2465669194507071,0.24226636108989053,1.174912955303882
2,4:6,4.0,6.0,8,kbest,0.1,0.24796064767370365,0.24441400304414004,1.502721247874514
2,4:6,4.0,6.0,8,kbest,1.0,0.24628680740588918,0.24465753424657535,1.8884284883049536
2,4:6,4.0,6.0,16,kbest,0.01,0.2843820455011273,0.2820564925828084,1.1710699671796354
2,4:6,4.0,6.0,16,kbest,0.1,0.2919519027123045,0.29044834307992207,1.486128672097135
2,4:6,4.0,6.0,16,kbest,1.0,0.2729042836646854,0.27266797129810827,1.9970279720941542
2,4:6,4.0,6.0,32,kbest,0.01,0.2911183985789438,0.28989849578084875,1.190827135118737
2,4:6,4.0,6.0,32,kbest,0.1,0.28103436496549833,0.2809523809523809,1.535891622031962
2,4:6,4.0,6.0,32,kbest,1.0,0.32279838764774205,0.32152274225444955,2.3794656021305447
2,4:6,4.0,6.0,64,kbest,0.01,0.2622668579626973,0.26102636229218507,1.2647075186662697
2,4:6,4.0,6.0,64,kbest,0.1,0.27151055544168884,0.2729379007068881,1.8305027071760371
2,4:6,4.0,6.0,64,kbest,1.0,0.3485823597731776,0.34849010760152727,3.360515877696224
2,6:8,6.0,8.0,0,all_after_variance,0.01,0.40378492860558857,0.3985264241406399,1.3944332012238254
2,6:8,6.0,8.0,0,all_after_variance,0.1,0.39370089499214317,0.39088656954021445,2.2504791946157163
2,6:8,6.0,8.0,0,all_after_variance,1.0,0.39342078294732524,0.3922704386414064,3.4281989631225187
2,6:8,6.0,8.0,8,kbest,0.01,0.2821548131447701,0.276820987654321,1.1314894824266435
2,6:8,6.0,8.0,8,kbest,0.1,0.2880508300881328,0.287734181689643,1.3167927097034715
2,6:8,6.0,8.0,8,kbest,1.0,0.3135546901687504,0.313304390268965,1.5836881917376835
2,6:8,6.0,8.0,16,kbest,0.01,0.3160688665710187,0.31098039215686274,1.152626995584456
2,6:8,6.0,8.0,16,kbest,0.1,0.36062034569925533,0.36095602992154713,1.395218975587931
2,6:8,6.0,8.0,16,kbest,1.0,0.32838013254082116,0.3277161701819236,1.8116474975625458
2,6:8,6.0,8.0,32,kbest,0.01,0.2807610849217736,0.27424582266517133,1.1994246367755412
2,6:8,6.0,8.0,32,kbest,0.1,0.3516567602650816,0.3481058512924418,1.5749693391345967
2,6:8,6.0,8.0,32,kbest,1.0,0.3516567602650816,0.3481481481481481,2.4893303434179415
2,6:8,6.0,8.0,64,kbest,0.01,0.33567670970827357,0.32832205138969056,1.2259281165088343
2,6:8,6.0,8.0,64,kbest,0.1,0.37716062034569925,0.3765211724538513,1.7403402140518425
2,6:8,6.0,8.0,64,kbest,1.0,0.35894650543144085,0.3604638072723179,3.232031862127787
2,8:10,8.0,10.0,0,all_after_variance,0.01,0.3241989478718317,0.31948416035884497,1.507042412237273
2,8:10,8.0,10.0,0,all_after_variance,0.1,0.3130012980802077,0.30768125650172834,2.4822519693601452
2,8:10,8.0,10.0,0,all_after_variance,1.0,0.3211313793810207,0.31576110895193676,3.8064714022553723
2,8:10,8.0,10.0,8,kbest,0.01,0.33116758898681425,0.32733071099268285,1.2064060941465677
2,8:10,8.0,10.0,8,kbest,0.1,0.3516089362574298,0.34357100633930576,1.3622016333354512
2,8:10,8.0,10.0,8,kbest,1.0,0.33478854956616794,0.3201465201465202,1.4207725649977656
2,8:10,8.0,10.0,16,kbest,0.01,0.38719682995149274,0.3810244046863765,1.2422332240767797
2,8:10,8.0,10.0,16,kbest,0.1,0.3496549839447974,0.3431531421349803,1.3819765546678124
2,8:10,8.0,10.0,16,kbest,1.0,0.3303272528523605,0.324923512138124,1.5164978248174876
2,8:10,8.0,10.0,32,kbest,0.01,0.3395777823324451,0.3357400294020012,1.2826403101664845
2,8:10,8.0,10.0,32,kbest,0.1,0.3216437794630047,0.31794103963118053,1.4422470612917044
2,8:10,8.0,10.0,32,kbest,1.0,0.35583794493407117,0.3540570175438596,1.902808412457371
2,8:10,8.0,10.0,64,kbest,0.01,0.3477078636332582,0.3456399509302801,1.213451274570305
2,8:10,8.0,10.0,64,kbest,0.1,0.30905240144838425,0.30800281792985,1.539413928160049
2,8:10,8.0,10.0,64,kbest,1.0,0.29980870396939263,0.294579945799458,2.771464931594129
2,0:10,0.0,10.0,0,all_after_variance,0.01,0.3404591104734577,0.3367177423515452,1.408085940420238
2,0:10,0.0,10.0,0,all_after_variance,0.1,0.32280521964883513,0.31776764592617046,2.3274461274088645
2,0:10,0.0,10.0,0,all_after_variance,1.0,0.31973765115802416,0.31152067154448615,3.650376385407446
2,0:10,0.0,10.0,8,kbest,0.01,0.2544168887067022,0.2513100346591847,1.1400911356721146
2,0:10,0.0,10.0,8,kbest,0.1,0.27374461979913917,0.27124907612712496,1.3010779815427385
2,0:10,0.0,10.0,8,kbest,1.0,0.26450092232014755,0.2585572322414427,1.4299035633166965
2,0:10,0.0,10.0,16,kbest,0.01,0.3025961604153857,0.29882542176336363,1.1597410264130226
2,0:10,0.0,10.0,16,kbest,0.1,0.3012024321923891,0.29701908129622984,1.3482866927673332
2,0:10,0.0,10.0,16,kbest,1.0,0.28326842932294866,0.2803017516941568,1.6205480411004944
2,0:10,0.0,10.0,32,kbest,0.01,0.2754184600669536,0.2698412698412698,1.1947905341147813
2,0:10,0.0,10.0,32,kbest,0.1,0.29474619115939055,0.2889576883384933,1.5073484033703592
2,0:10,0.0,10.0,32,kbest,1.0,0.25302316048370566,0.24874340804218853,2.1704922779821727
2,0:10,0.0,10.0,64,kbest,0.01,0.2821548131447701,0.27747927031509123,1.2306527821150928
2,0:10,0.0,10.0,64,kbest,0.1,0.23536926965908314,0.22953671441476323,1.6407662080605552
2,0:10,0.0,10.0,64,kbest,1.0,0.28326842932294866,0.2809321013278396,2.599059012251722
3,0:2,0.0,2.0,0,all_after_variance,0.01,0.2543189368770764,0.2586897479051461,1.447949612096379
3,0:2,0.0,2.0,0,all_after_variance,0.1,0.25342607973421927,0.25502215339613715,2.307260480358964
3,0:2,0.0,2.0,0,all_after_variance,1.0,0.26117801771871535,0.26333767078724785,3.5861383167713696
3,0:2,0.0,2.0,8,kbest,0.01,0.27071566998892577,0.2732391244696794,1.1496420397278602
3,0:2,0.0,2.0,8,kbest,0.1,0.2758028792912514,0.27976665309998644,1.294239167747021
3,0:2,0.0,2.0,8,kbest,1.0,0.29574335548172753,0.30139273959498675,1.3794022591247728
3,0:2,0.0,2.0,16,kbest,0.01,0.2397079180509413,0.2475452196382429,1.1779582015658578
3,0:2,0.0,2.0,16,kbest,0.1,0.2430094130675526,0.24612403100775193,1.3478551289089862
3,0:2,0.0,2.0,16,kbest,1.0,0.26537236987818386,0.26195506260865736,1.4875630973497866
3,0:2,0.0,2.0,32,kbest,0.01,0.2596483942414175,0.26309067688378035,1.2234321774779076
3,0:2,0.0,2.0,32,kbest,0.1,0.31921373200442965,0.3158369652508955,1.4896675461259092
3,0:2,0.0,2.0,32,kbest,1.0,0.28199750830564785,0.27765146730663975,1.864914163437807
3,0:2,0.0,2.0,64,kbest,0.01,0.23969407530454043,0.2375157409640168,1.2669810822385152
3,0:2,0.0,2.0,64,kbest,0.1,0.25784883720930235,0.2494662187383352,1.667472487571167
3,0:2,0.0,2.0,64,kbest,1.0,0.2483250276854928,0.24168986351047936,2.746214411152966
3,2:4,2.0,4.0,0,all_after_variance,0.01,0.38214977851605764,0.37893542163205085,1.3612944163418326
3,2:4,2.0,4.0,0,all_after_variance,0.1,0.3520348837209302,0.3474619907455729,2.0158756644250353
3,2:4,2.0,4.0,0,all_after_variance,1.0,0.3615586932447397,0.35729290057648266,2.970164010724879
3,2:4,2.0,4.0,8,kbest,0.01,0.3823920265780731,0.37178076161127005,1.1222011677899992
3,2:4,2.0,4.0,8,kbest,0.1,0.37196151716500553,0.36975335612154847,1.2476138863262047
3,2:4,2.0,4.0,8,kbest,1.0,0.39013012181616835,0.3873023275899296,1.37257379946614
3,2:4,2.0,4.0,16,kbest,0.01,0.38214977851605764,0.3754241708884822,1.1218349711346693
3,2:4,2.0,4.0,16,kbest,0.1,0.3648601882613511,0.36366394479984737,1.2915870823898108
3,2:4,2.0,4.0,16,kbest,1.0,0.3648601882613511,0.36347597715740476,1.5250094785236126
3,2:4,2.0,4.0,32,kbest,0.01,0.37236987818383166,0.36720395443799697,1.129779959421826
3,2:4,2.0,4.0,32,kbest,0.1,0.3750346068660022,0.37144777265745005,1.3647939332353738
3,2:4,2.0,4.0,32,kbest,1.0,0.3965047065337763,0.38966305550701846,1.8701541061411784
3,2:4,2.0,4.0,64,kbest,0.01,0.3265088593576965,0.3206963249516441,1.123832905724328
3,2:4,2.0,4.0,64,kbest,0.1,0.3845584163898117,0.38197165153686896,1.3621302427087394
3,2:4,2.0,4.0,64,kbest,1.0,0.35509413067552603,0.3493306147222965,2.030384876087474
3,4:6,4.0,6.0,0,all_after_variance,0.01,0.2879775747508306,0.2870749698013313,1.4492023756960777
3,4:6,4.0,6.0,0,all_after_variance,0.1,0.30081672203765225,0.2984047456031873,2.323542305959959
3,4:6,4.0,6.0,0,all_after_variance,1.0,0.30081672203765225,0.2985951468710089,3.546545121821889
3,4:6,4.0,6.0,8,kbest,0.01,0.2939714839424142,0.2927609427609428,1.1504810680782416
3,4:6,4.0,6.0,8,kbest,0.1,0.2758028792912514,0.2752896357373969,1.3721456212038607
3,4:6,4.0,6.0,8,kbest,1.0,0.26627906976744187,0.2648649971848915,1.5962199587346126
3,4:6,4.0,6.0,16,kbest,0.01,0.27071566998892577,0.26993411978376897,1.183302761975306
3,4:6,4.0,6.0,16,kbest,0.1,0.3338524363233666,0.33275613275613275,1.4789691506265767
3,4:6,4.0,6.0,16,kbest,1.0,0.3114894795127353,0.30858960763520676,1.8582854608542365
3,4:6,4.0,6.0,32,kbest,0.01,0.2871124031007752,0.28447755289022153,1.2118267751112248
3,4:6,4.0,6.0,32,kbest,0.1,0.2653862126245847,0.2647722647722648,1.56862172895185
3,4:6,4.0,6.0,32,kbest,1.0,0.2704734219269103,0.26801619433198376,2.203044162809047
3,4:6,4.0,6.0,64,kbest,0.01,0.2886420265780731,0.2866847826086956,1.2324899008291352
3,4:6,4.0,6.0,64,kbest,0.1,0.29727297895902544,0.29453044375644993,1.7048926183400748
3,4:6,4.0,6.0,64,kbest,1.0,0.299937707641196,0.2995254266805991,3.1236577129112444
3,6:8,6.0,8.0,0,all_after_variance,0.01,0.4056063122923588,0.40401290582778787,1.2556791116249062
3,6:8,6.0,8.0,0,all_after_variance,0.1,0.35797342192691034,0.35537642434194155,1.8177843387158865
3,6:8,6.0,8.0,0,all_after_variance,1.0,0.4178086932447398,0.41727958595428466,2.694994023476398
3,6:8,6.0,8.0,8,kbest,0.01,0.47293743078626793,0.4690667017036745,1.0588303745594396
3,6:8,6.0,8.0,8,kbest,0.1,0.45299695459579176,0.44834259722697856,1.1061772526739977
3,6:8,6.0,8.0,8,kbest,1.0,0.4366140642303433,0.43508339469776497,1.2447073642737763
3,6:8,6.0,8.0,16,kbest,0.01,0.49467746400885937,0.49446240034475325,1.0711343577222088
3,6:8,6.0,8.0,16,kbest,0.1,0.4660921926910299,0.46610644257703077,1.1646653402843687
3,6:8,6.0,8.0,16,kbest,1.0,0.4038344407530454,0.40278235552625796,1.4371372508587215
3,6:8,6.0,8.0,32,kbest,0.01,0.4773878737541528,0.4775770844736362,1.0986963085266404
3,6:8,6.0,8.0,32,kbest,0.1,0.4514811738648948,0.45093795093795097,1.2856120294830464
3,6:8,6.0,8.0,32,kbest,1.0,0.3466777408637874,0.34599576535060406,1.8387732369829606
3,6:8,6.0,8.0,64,kbest,0.01,0.3865586932447398,0.3858473858473858,1.1574672517677573
3,6:8,6.0,8.0,64,kbest,0.1,0.3976121262458472,0.39454457146736716,1.4351836278159718
3,6:8,6.0,8.0,64,kbest,1.0,0.35683831672203764,0.34823422191843245,2.325073882958032
3,8:10,8.0,10.0,0,all_after_variance,0.01,0.3615586932447397,0.35660974067046175,1.2888898475937152
3,8:10,8.0,10.0,0,all_after_variance,0.1,0.34758444075304534,0.34824811645088144,2.087507825140841
3,8:10,8.0,10.0,0,all_after_variance,1.0,0.32941583610188263,0.33068388806093724,3.364841823599559
3,8:10,8.0,10.0,8,kbest,0.01,0.3606519933554817,0.3606229162414098,1.1369142555563267
3,8:10,8.0,10.0,8,kbest,0.1,0.3329595791805094,0.33427670399501386,1.3218780711361877
3,8:10,8.0,10.0,8,kbest,1.0,0.32520764119601325,0.3260233918128655,1.4815474711404575
3,8:10,8.0,10.0,16,kbest,0.01,0.3790490033222591,0.3735533472375578,1.1420851252603745
3,8:10,8.0,10.0,16,kbest,0.1,0.33804678848283504,0.33826641767818244,1.3218818704201554
3,8:10,8.0,10.0,16,kbest,1.0,0.3389396456256921,0.33850061490301303,1.4976400734045872
3,8:10,8.0,10.0,32,kbest,0.01,0.37727713178294575,0.37390103567318755,1.1400740882583353
3,8:10,8.0,10.0,32,kbest,0.1,0.3701896456256921,0.36917489501759165,1.3498494112716701
3,8:10,8.0,10.0,32,kbest,1.0,0.33030869324473977,0.3273423735628839,2.1399693608752797
3,8:10,8.0,10.0,64,kbest,0.01,0.3841362126245847,0.3814524083511426,1.1442204739013724
3,8:10,8.0,10.0,64,kbest,0.1,0.3504775747508306,0.34861343133979283,1.4600287539383774
3,8:10,8.0,10.0,64,kbest,1.0,0.40763427464008856,0.4014041514041515,2.5910394390573894
3,0:10,0.0,10.0,0,all_after_variance,0.01,0.3391680509413068,0.3368420872376569,1.3984048424286823
3,0:10,0.0,10.0,0,all_after_variance,0.1,0.28799141749723145,0.28863465866466614,2.326552029894734
3,0:10,0.0,10.0,0,all_after_variance,1.0,0.28799141749723145,0.28863465866466614,3.7291104306263883
3,0:10,0.0,10.0,8,kbest,0.01,0.3079318936877076,0.30833789454479105,1.1221746395964656
3,0:10,0.0,10.0,8,kbest,0.1,0.2793466223698782,0.28036634997213933,1.2149921196518552
3,0:10,0.0,10.0,8,kbest,1.0,0.3234357696566999,0.3248677248677248,1.2800969394999597
3,0:10,0.0,10.0,16,kbest,0.01,0.2638565891472868,0.2631249347667258,1.141741368598115
3,0:10,0.0,10.0,16,kbest,0.1,0.27136627906976746,0.26910136151884595,1.3151246474816864
3,0:10,0.0,10.0,16,kbest,1.0,0.314562569213732,0.3138447971781305,1.5881865119759164
3,0:10,0.0,10.0,32,kbest,0.01,0.31415420819490586,0.31145199926294453,1.1560957316645297
3,0:10,0.0,10.0,32,kbest,0.1,0.2611918604651163,0.262661918501382,1.412918027147139
3,0:10,0.0,10.0,32,kbest,1.0,0.30196566998892577,0.3002114128772147,1.9610883833032569
3,0:10,0.0,10.0,64,kbest,0.01,0.3194698228128461,0.3097069597069597,1.1926787048161005
3,0:10,0.0,10.0,64,kbest,0.1,0.2891126799557032,0.2833906728808722,1.5662581327925187
3,0:10,0.0,10.0,64,kbest,1.0,0.30526716500553713,0.30579130960228523,2.5735105417889526
4,0:2,0.0,2.0,0,all_after_variance,0.01,0.273616036249015,0.27139843279083786,1.4491506975964572
4,0:2,0.0,2.0,0,all_after_variance,0.1,0.2915681639085895,0.29160600299840805,2.3004969896800946
4,0:2,0.0,2.0,0,all_after_variance,1.0,0.28723404255319146,0.28766996234395004,3.5390656436974774
4,0:2,0.0,2.0,8,kbest,0.01,0.3283096926713948,0.32226321714470124,1.150059948476639
4,0:2,0.0,2.0,8,kbest,0.1,0.3375689519306541,0.33107918476445036,1.2933513623461756
4,0:2,0.0,2.0,8,kbest,1.0,0.31673561859732074,0.3126142295209464,1.4158498060349498
4,0:2,0.0,2.0,16,kbest,0.01,0.320774231678487,0.30468930468930466,1.1623887078104564
4,0:2,0.0,2.0,16,kbest,0.1,0.3200600866824271,0.314859004606224,1.308832961326021
4,0:2,0.0,2.0,16,kbest,1.0,0.2911249014972419,0.288202219236702,1.5283583423256524
4,0:2,0.0,2.0,32,kbest,0.01,0.2759308510638298,0.27226871697171756,1.1737517220508198
4,0:2,0.0,2.0,32,kbest,0.1,0.26450453112687156,0.2615769712140175,1.3522795475930665
4,0:2,0.0,2.0,32,kbest,1.0,0.3200600866824271,0.3208805177692516,1.7627869304101125
4,0:2,0.0,2.0,64,kbest,0.01,0.31848404255319146,0.3186389134384053,1.2082687634096063
4,0:2,0.0,2.0,64,kbest,0.1,0.2730496453900709,0.2749025224795098,1.493827960757776
4,0:2,0.0,2.0,64,kbest,1.0,0.28723404255319146,0.28867228636413905,2.4411400830744974
4,2:4,2.0,4.0,0,all_after_variance,0.01,0.4041321907013396,0.40277638141198485,1.3916973346850563
4,2:4,2.0,4.0,0,all_after_variance,0.1,0.3789647360126083,0.380030657748049,2.1997699492804093
4,2:4,2.0,4.0,0,all_after_variance,1.0,0.3822892040977148,0.3829736765090954,3.3274572775975635
4,2:4,2.0,4.0,8,kbest,0.01,0.36911446020488575,0.3631480606019675,1.111919205630822
4,2:4,2.0,4.0,8,kbest,0.1,0.36694739952718675,0.36338374134436435,1.2453887706308417
4,2:4,2.0,4.0,8,kbest,1.0,0.3718725374310481,0.3724069967972407,1.4401839874885287
4,2:4,2.0,4.0,16,kbest,0.01,0.39371552403467297,0.3893950263032042,1.1200748266914948
4,2:4,2.0,4.0,16,kbest,0.1,0.38778073286052006,0.38253228120516497,1.3297927988216836
4,2:4,2.0,4.0,16,kbest,1.0,0.4243991331757289,0.4243488253319714,1.6661074865843553
4,2:4,2.0,4.0,32,kbest,0.01,0.37172478329393227,0.36670358065706904,1.1326760194775314
4,2:4,2.0,4.0,32,kbest,0.1,0.3681048069345942,0.3649012486221788,1.3364040602607776
4,2:4,2.0,4.0,32,kbest,1.0,0.38460401891252954,0.3808408503455188,1.8169947281851304
4,2:4,2.0,4.0,64,kbest,0.01,0.36029846335697396,0.3593129785352822,1.1347635169484231
4,2:4,2.0,4.0,64,kbest,0.1,0.36433707643814023,0.36018075491759705,1.436345198392136
4,2:4,2.0,4.0,64,kbest,1.0,0.3368548069345942,0.33590746171391334,2.450487793327892
4,4:6,4.0,6.0,0,all_after_variance,0.01,0.23803191489361705,0.23822477028837327,1.4342322159113572
4,4:6,4.0,6.0,0,all_after_variance,0.1,0.2844759653270292,0.28477640712325786,2.2029604403667764
4,4:6,4.0,6.0,0,all_after_variance,1.0,0.2915681639085895,0.2917412842756471,3.3148591864369124
4,4:6,4.0,6.0,8,kbest,0.01,0.32771867612293143,0.31210123210123214,1.1539604250467375
4,4:6,4.0,6.0,8,kbest,0.1,0.3582545311268715,0.34717424070640646,1.3254763039459516
4,4:6,4.0,6.0,8,kbest,1.0,0.3271522852639874,0.3223642864073684,1.469677809134564
4,4:6,4.0,6.0,16,kbest,0.01,0.32353230890464935,0.3128357586188912,1.1749826263517342
4,4:6,4.0,6.0,16,kbest,0.1,0.33439223798266354,0.32897618231150094,1.4403349535111238
4,4:6,4.0,6.0,16,kbest,1.0,0.3135589046493302,0.3116299607600353,1.830078505840658
4,4:6,4.0,6.0,32,kbest,0.01,0.2966164302600473,0.28805248249692694,1.23775874573832
4,4:6,4.0,6.0,32,kbest,0.1,0.2921345547675335,0.28787851426473204,1.6141147379312726
4,4:6,4.0,6.0,32,kbest,1.0,0.2959022852639874,0.2938316254771951,2.4490983227764844
4,4:6,4.0,6.0,64,kbest,0.01,0.27144897557131603,0.2698880698880699,1.280230108271551
4,4:6,4.0,6.0,64,kbest,0.1,0.25349684791174154,0.24933545986177563,1.7605893864943403
4,4:6,4.0,6.0,64,kbest,1.0,0.2304964539007092,0.22815517815517816,3.2619975806687167
4,6:8,6.0,8.0,0,all_after_variance,0.01,0.31833628841607564,0.3181408755179247,1.4035650833312359
4,6:8,6.0,8.0,0,all_after_variance,0.1,0.32210401891252954,0.3228455393403847,2.274067269675343
4,6:8,6.0,8.0,0,all_after_variance,1.0,0.31501182033096925,0.31542959964012596,3.545059775546576
4,6:8,6.0,8.0,8,kbest,0.01,0.4103624901497242,0.4037037037037037,1.086653491596864
4,6:8,6.0,8.0,8,kbest,0.1,0.3623177698975571,0.35714189416919445,1.1162496423582011
4,6:8,6.0,8.0,8,kbest,1.0,0.3738918439716312,0.3714514514514515,1.1961220069378906
4,6:8,6.0,8.0,16,kbest,0.01,0.3847517730496454,0.3812015503875969,1.1054411665584054
4,6:8,6.0,8.0,16,kbest,0.1,0.41196315996847915,0.4080620226232569,1.1764300060865531
4,6:8,6.0,8.0,16,kbest,1.0,0.4158786446020488,0.41502583438067314,1.2953167246022463
4,6:8,6.0,8.0,32,kbest,0.01,0.41151989755713164,0.40655615148576585,1.1323926548724315
4,6:8,6.0,8.0,32,kbest,0.1,0.4246946414499606,0.42315918544732106,1.249259750513626
4,6:8,6.0,8.0,32,kbest,1.0,0.4044523246650906,0.40192283089228265,1.5810155355928606
4,6:8,6.0,8.0,64,kbest,0.01,0.3684003152088258,0.36379295297851727,1.1738352846953979
4,6:8,6.0,8.0,64,kbest,0.1,0.3465573286052009,0.3443194770595586,1.3944542822942245
4,6:8,6.0,8.0,64,kbest,1.0,0.3558165878644602,0.3526369397227356,2.1430331000845255
4,8:10,8.0,10.0,0,all_after_variance,0.01,0.3002610323089046,0.3013601026259254,1.4289018146702843
4,8:10,8.0,10.0,0,all_after_variance,0.1,0.3002610323089046,0.30014867677668744,2.343738232163284
4,8:10,8.0,10.0,0,all_after_variance,1.0,0.30735323089046496,0.3075333397914043,3.6837892157190906
4,8:10,8.0,10.0,8,kbest,0.01,0.2933165878644602,0.2905255607720396,1.1591417795023595
4,8:10,8.0,10.0,8,kbest,0.1,0.3037332545311269,0.3001467136150235,1.3020819864597595
4,8:10,8.0,10.0,8,kbest,1.0,0.3549546887312845,0.3576770903776943,1.4010841042466449
4,8:10,8.0,10.0,16,kbest,0.01,0.3061958234830575,0.30733808674985147,1.1940468791626975
4,8:10,8.0,10.0,16,kbest,0.1,0.2850669818754925,0.28433935952985706,1.3295767575764272
4,8:10,8.0,10.0,16,kbest,1.0,0.3451290386130812,0.3399267399267399,1.4354054743047457
4,8:10,8.0,10.0,32,kbest,0.01,0.26147557131599686,0.2623633195185596,1.234051752982619
4,8:10,8.0,10.0,32,kbest,0.1,0.2707348305752561,0.2697026838134651,1.481606912777103
4,8:10,8.0,10.0,32,kbest,1.0,0.30575256107171,0.3057549857549858,1.8053823349860179
4,8:10,8.0,10.0,64,kbest,0.01,0.26480003940110325,0.2647960333558711,1.269597547042275
4,8:10,8.0,10.0,64,kbest,0.1,0.22111406619385343,0.22109525675602992,1.6203219721252424
4,8:10,8.0,10.0,64,kbest,1.0,0.28058510638297873,0.27933251342559645,2.4613026002507916
4,0:10,0.0,10.0,0,all_after_variance,0.01,0.321094365642238,0.32142676767676764,1.451213155281893
4,0:10,0.0,10.0,0,all_after_variance,0.1,0.31560283687943264,0.3145150273224044,2.4043037357821797
4,0:10,0.0,10.0,0,all_after_variance,1.0,0.32978723404255317,0.3273363171668256,3.8437903268159936
4,0:10,0.0,10.0,8,kbest,0.01,0.41078112687155244,0.40021252662140466,1.1154077699648723
4,0:10,0.0,10.0,8,kbest,0.1,0.3785214736012608,0.3734110901560041,1.1951484442588403
4,0:10,0.0,10.0,8,kbest,1.0,0.3714292750197006,0.366272118603539,1.2914051487570568
4,0:10,0.0,10.0,16,kbest,0.01,0.38763297872340424,0.38006535947712417,1.1341200397819255
4,0:10,0.0,10.0,16,kbest,0.1,0.3586977935382191,0.35395934746736035,1.2711722558992218
4,0:10,0.0,10.0,16,kbest,1.0,0.35653073286052006,0.3538025529491202,1.515368323118163
4,0:10,0.0,10.0,32,kbest,0.01,0.3320774231678487,0.33035847092071996,1.1683573103483433
4,0:10,0.0,10.0,32,kbest,0.1,0.3287529550827423,0.327556786204723,1.4144376688065838
4,0:10,0.0,10.0,32,kbest,1.0,0.2740592986603625,0.2733537623425264,2.0069647335148506
4,0:10,0.0,10.0,64,kbest,0.01,0.30415189125295505,0.3019788352625285,1.211656514514155
4,0:10,0.0,10.0,64,kbest,0.1,0.29649330181245076,0.29677419354838713,1.5721991968343139
4,0:10,0.0,10.0,64,kbest,1.0,0.2593085106382979,0.25894736842105265,2.5030914316255948
5,0:2,0.0,2.0,0,all_after_variance,0.01,0.3077822433321154,0.3032857566947352,1.3876977525294079
5,0:2,0.0,2.0,0,all_after_variance,0.1,0.3052246985750822,0.29964912280701755,2.087383841805461
5,0:2,0.0,2.0,0,all_after_variance,1.0,0.302667153818049,0.29830608337015757,3.1193597960540083
5,0:2,0.0,2.0,8,kbest,0.01,0.3455973693825356,0.34510597197164367,1.1344467904562674
5,0:2,0.0,2.0,8,kbest,0.1,0.35512117890634515,0.35512117890634515,1.2767992399152672
5,0:2,0.0,2.0,8,kbest,1.0,0.3193033735233224,0.31853329359347654,1.4273208368178911
5,0:2,0.0,2.0,16,kbest,0.01,0.2972841310437218,0.29538577968821744,1.1612002341435987
5,0:2,0.0,2.0,16,kbest,0.1,0.2753988551942516,0.2751672676963553,1.3302562859670113
5,0:2,0.0,2.0,16,kbest,1.0,0.26828644501278776,0.2702212920978181,1.576512094903385
5,0:2,0.0,2.0,32,kbest,0.01,0.2970040189989039,0.29706485141267747,1.1855052841942164
5,0:2,0.0,2.0,32,kbest,0.1,0.2511021800024358,0.2533684441518543,1.448398307604099
5,0:2,0.0,2.0,32,kbest,1.0,0.2587626354889782,0.2571884471156316,2.0369727821920978
5,0:2,0.0,2.0,64,kbest,0.01,0.27312142248203625,0.2741374694954928,1.2397025782253117
5,0:2,0.0,2.0,64,kbest,0.1,0.2704299110948727,0.27166867913006065,1.645634732885547
5,0:2,0.0,2.0,64,kbest,1.0,0.2970040189989039,0.2974686643164904,2.783157414816246
5,2:4,2.0,4.0,0,all_after_variance,0.01,0.3101936426744611,0.3080431177446103,1.418446145451889
5,2:4,2.0,4.0,0,all_after_variance,0.1,0.358226768968457,0.35440943132774816,2.3351020354594487
5,2:4,2.0,4.0,0,all_after_variance,1.0,0.35339179149920835,0.34636018646940975,3.6482265086453842
5,2:4,2.0,4.0,8,kbest,0.01,0.348849104859335,0.3455906015020555,1.0885468848014812
5,2:4,2.0,4.0,8,kbest,0.1,0.3144683960540738,0.3190220632081097,1.145367401527343
5,2:4,2.0,4.0,8,kbest,1.0,0.3170259408111071,0.32384117939673496,1.1874525081273728
5,2:4,2.0,4.0,16,kbest,0.01,0.28873462428449637,0.2880630923696581,1.1039832204245743
5,2:4,2.0,4.0,16,kbest,0.1,0.2543539154792352,0.260088546473523,1.2399415879369062
5,2:4,2.0,4.0,16,kbest,1.0,0.26615515771526005,0.2705840455840456,1.3965963550407965
5,2:4,2.0,4.0,32,kbest,0.01,0.2814882474729022,0.277281781745746,1.1285061067515447
5,2:4,2.0,4.0,32,kbest,0.1,0.28107416879795394,0.27665955429113326,1.3465124438102662
5,2:4,2.0,4.0,32,kbest,1.0,0.253659724759469,0.2518301632225683,1.7339734581721025
5,2:4,2.0,4.0,64,kbest,0.01,0.30365363536719037,0.2950154420742656,1.1520620581909145
5,2:4,2.0,4.0,64,kbest,0.1,0.32385823894775306,0.3219194878036819,1.4247084796307812
5,2:4,2.0,4.0,64,kbest,1.0,0.2752648885641213,0.26974278514714967,2.0931410298640682
5,4:6,4.0,6.0,0,all_after_variance,0.01,0.44677871148459386,0.4472427116262733,1.2341969259073609
5,4:6,4.0,6.0,0,all_after_variance,0.1,0.4392522226281817,0.438872344649593,1.9111925057953307
5,4:6,4.0,6.0,0,all_after_variance,1.0,0.4490561441968091,0.44866180491698304,2.9733008942749817
5,4:6,4.0,6.0,8,kbest,0.01,0.2997077091706248,0.28945913524226774,1.1444812493692058
5,4:6,4.0,6.0,8,kbest,0.1,0.253659724759469,0.25352195697023283,1.3085998752819505
5,4:6,4.0,6.0,8,kbest,1.0,0.28264523200584585,0.2834663120567376,1.5002370324265062
5,4:6,4.0,6.0,16,kbest,0.01,0.28576300085251494,0.2828266486911583,1.1502337054919864
5,4:6,4.0,6.0,16,kbest,0.1,0.2782365119961028,0.2763491856950346,1.3504195787103996
5,4:6,4.0,6.0,16,kbest,1.0,0.3164657167214712,0.316557734204793,1.6787307954273643
5,4:6,4.0,6.0,32,kbest,0.01,0.31944951893800994,0.3138358692080428,1.18368067754638
5,4:6,4.0,6.0,32,kbest,0.1,0.3313847278041651,0.3293482784200908,1.528476829780876
5,4:6,4.0,6.0,32,kbest,1.0,0.3261356716599684,0.3217706595484373,2.2379850745335776
5,4:6,4.0,6.0,64,kbest,0.01,0.27610522469857507,0.2701191798060552,1.2001246065194582
5,4:6,4.0,6.0,64,kbest,0.1,0.29115820241139934,0.28395989974937347,1.6807961431267753
5,4:6,4.0,6.0,64,kbest,1.0,0.2586286688588479,0.25986140805774155,3.087481584501443
5,6:8,6.0,8.0,0,all_after_variance,0.01,0.40386067470466447,0.4060124310868802,1.3778963900438534
5,6:8,6.0,8.0,0,all_after_variance,0.1,0.39177932042382174,0.4005548442168161,2.1718732992450875
5,6:8,6.0,8.0,0,all_after_variance,1.0,0.39177932042382174,0.3990594621593731,3.287956170394078
5,6:8,6.0,8.0,8,kbest,0.01,0.27567896723906954,0.27724614566719835,1.1463391589631966
5,6:8,6.0,8.0,8,kbest,0.1,0.3171720862257946,0.3138853138853139,1.3145790799771166
5,6:8,6.0,8.0,8,kbest,1.0,0.31944951893800994,0.3144161774298761,1.5239822523942657
5,6:8,6.0,8.0,16,kbest,0.01,0.32214103032517355,0.31925032193799946,1.1793540837391348
5,6:8,6.0,8.0,16,kbest,0.1,0.3174521982706126,0.313476044124666,1.41069522609879
5,6:8,6.0,8.0,16,kbest,1.0,0.33194495189380097,0.3274983232729712,1.7799001435834123
5,6:8,6.0,8.0,32,kbest,0.01,0.2908780903665814,0.28388576193454246,1.2007432794873873
5,6:8,6.0,8.0,32,kbest,0.1,0.2762391913287054,0.27435077453448553,1.5033154804625888
5,6:8,6.0,8.0,32,kbest,1.0,0.3245524296675192,0.3223987365291713,2.2033002643592843
5,6:8,6.0,8.0,64,kbest,0.01,0.3261356716599684,0.32388167388167394,1.2224272151882647
5,6:8,6.0,8.0,64,kbest,0.1,0.3654853245646084,0.3652358828560201,1.5488912717168635
5,6:8,6.0,8.0,64,kbest,1.0,0.3748629886737303,0.37517333965095157,2.571408348764042
5,8:10,8.0,10.0,0,all_after_variance,0.01,0.37058823529411766,0.3632977726984367,1.3434274551604544
5,8:10,8.0,10.0,0,all_after_variance,0.1,0.37514310071854834,0.3718364898872792,2.012011993926332
5,8:10,8.0,10.0,0,all_after_variance,1.0,0.3676166118621362,0.36647380189483875,3.031666315953033
5,8:10,8.0,10.0,8,kbest,0.01,0.37542321276336627,0.3693428486470413,1.095404116716692
5,8:10,8.0,10.0,8,kbest,0.1,0.39475094385580317,0.38991987379084153,1.163904136868263
5,8:10,8.0,10.0,8,kbest,1.0,0.4118012422360248,0.4057694962042788,1.2480268856636587
5,8:10,8.0,10.0,16,kbest,0.01,0.3855072463768116,0.37846153846153846,1.1058993832440027
5,8:10,8.0,10.0,16,kbest,0.1,0.3325051759834368,0.3226476966599881,1.2768392104174673
5,8:10,8.0,10.0,16,kbest,1.0,0.2886006576543661,0.2840536300099843,1.5796253707516537
5,8:10,8.0,10.0,32,kbest,0.01,0.35424430641821947,0.34617710842469407,1.1707541066697311
5,8:10,8.0,10.0,32,kbest,0.1,0.3447204968944099,0.3345122310639552,1.4804716255830548
5,8:10,8.0,10.0,32,kbest,1.0,0.34430641821946173,0.3339191774270684,1.9318438487666745
5,8:10,8.0,10.0,64,kbest,0.01,0.35624162708561685,0.3528424810352521,1.2559298315402936
5,8:10,8.0,10.0,64,kbest,0.1,0.38225551090001214,0.3805219804816904,1.6847495398657588
5,8:10,8.0,10.0,64,kbest,1.0,0.34388016075995614,0.342936406316688,2.6091887261231994
5,0:10,0.0,10.0,0,all_after_variance,0.01,0.3029472658628669,0.29610075914423745,1.4731682050931763
5,0:10,0.0,10.0,0,all_after_variance,0.1,0.33179880647911336,0.3287941837662027,2.435284206490801
5,0:10,0.0,10.0,0,all_after_variance,1.0,0.3465716721471197,0.33955375253549697,3.8273808549979647
5,0:10,0.0,10.0,8,kbest,0.01,0.34346608208500795,0.3384899759969855,1.1321986811327829
5,0:10,0.0,10.0,8,kbest,0.1,0.41054682742662285,0.4076669923457969,1.2900333472528849
5,0:10,0.0,10.0,8,kbest,1.0,0.36464498843015464,0.36331045003813883,1.4450747149398224
5,0:10,0.0,10.0,16,kbest,0.01,0.37743271221532093,0.3647508047508048,1.1466705917470514
5,0:10,0.0,10.0,16,kbest,0.1,0.3677627572768238,0.36435357011644215,1.3310228468100667
5,0:10,0.0,10.0,16,kbest,1.0,0.3349165753257825,0.3231159521482102,1.547036344652232
5,0:10,0.0,10.0,32,kbest,0.01,0.3971745219827061,0.38878908624299324,1.1557817943781064
5,0:10,0.0,10.0,32,kbest,0.1,0.3869443429545731,0.38583567161132487,1.402111327349641
5,0:10,0.0,10.0,32,kbest,1.0,0.37671416392644014,0.3758169934640523,2.1018908773943084
5,0:10,0.0,10.0,64,kbest,0.01,0.39674826452320056,0.3948617717274434,1.188737770191097
5,0:10,0.0,10.0,64,kbest,0.1,0.4037145292899768,0.4041268312813811,1.5950563437866168
5,0:10,0.0,10.0,64,kbest,1.0,0.3116307392522226,0.3120519713261649,2.7640854568044464
