fold,record_index,sample_id,subject_id,ma_mau,repeat,jar,true_label,predicted_label,majority_baseline,condition_baseline,detection_ratio,prob_0,prob_1,prob_2
1,25,P002_453_R1,P002,453,1,2,0,2,0,0,0.927083,0.29280251264572144,0.32925164699554443,0.37794584035873413
1,26,P002_453_R2,P002,453,2,2,0,2,0,0,0.989583,0.3315789997577667,0.31303638219833374,0.35538458824157715
1,27,P002_453_R3,P002,453,3,2,0,2,0,0,0.989583,0.3281232714653015,0.31888747215270996,0.35298922657966614
1,28,P002_453_R4,P002,453,4,2,0,0,0,0,1.0,0.33789369463920593,0.3280569612979889,0.3340493440628052
1,29,P002_453_R5,P002,453,5,2,0,0,0,0,1.0,0.337619423866272,0.33285921812057495,0.32952138781547546
1,30,P002_189_R1,P002,189,1,4,2,0,0,1,0.989583,0.3361540734767914,0.33375084400177,0.330095112323761
1,31,P002_189_R2,P002,189,2,4,2,0,0,1,1.0,0.3489919602870941,0.3170369565486908,0.3339711129665375
1,32,P002_189_R3,P002,189,3,4,2,0,0,1,1.0,0.3628028631210327,0.3312912881374359,0.30590584874153137
1,33,P002_189_R4,P002,189,4,4,2,0,0,1,1.0,0.3513460159301758,0.33964404463768005,0.30900996923446655
1,34,P002_189_R5,P002,189,5,4,2,0,0,1,0.979167,0.34128713607788086,0.32460832595825195,0.3341045677661896
1,35,P002_258_R1,P002,258,1,1,0,2,0,0,1.0,0.32879453897476196,0.32051384449005127,0.35069164633750916
1,36,P002_258_R2,P002,258,2,1,0,0,0,0,1.0,0.35638684034347534,0.3297024667263031,0.3139106333255768
1,37,P002_258_R3,P002,258,3,1,0,0,0,0,1.0,0.3456065356731415,0.3293118476867676,0.32508158683776855
1,38,P002_258_R4,P002,258,4,1,0,1,0,0,1.0,0.3543030917644501,0.35883578658103943,0.2868611514568329
1,39,P002_258_R5,P002,258,5,1,0,0,0,0,1.0,0.3471059799194336,0.3237738013267517,0.3291202187538147
1,40,P002_762_R1,P002,762,1,4,2,0,0,2,0.989583,0.33506911993026733,0.3340587019920349,0.33087217807769775
1,41,P002_762_R2,P002,762,2,4,2,2,0,2,1.0,0.33058348298072815,0.3239026367664337,0.34551385045051575
1,42,P002_762_R3,P002,762,3,4,2,0,0,2,1.0,0.34022754430770874,0.3251625597476959,0.3346099257469177
1,43,P002_762_R4,P002,762,4,4,2,2,0,2,1.0,0.3358427882194519,0.31835222244262695,0.34580495953559875
1,44,P002_762_R5,P002,762,5,4,2,2,0,2,1.0,0.3370330333709717,0.3151947557926178,0.34777215123176575
1,45,P002_893_R1,P002,893,1,3,1,2,0,2,1.0,0.33110618591308594,0.3155457377433777,0.353348046541214
1,46,P002_893_R2,P002,893,2,3,1,2,0,2,0.989583,0.3314579725265503,0.32325294613838196,0.34528908133506775
1,47,P002_893_R3,P002,893,3,3,1,0,0,2,1.0,0.3600846827030182,0.33701059222221375,0.3029046952724457
1,48,P002_893_R4,P002,893,4,3,1,2,0,2,0.979167,0.3286251127719879,0.32602259516716003,0.34535232186317444
1,49,P002_893_R5,P002,893,5,3,1,0,0,2,1.0,0.33804938197135925,0.33274731040000916,0.3292033076286316
1,250,P011_893_R1,P011,893,1,2,0,1,0,2,0.947917,0.32160505652427673,0.36658722162246704,0.31180769205093384
1,251,P011_893_R2,P011,893,2,2,0,1,0,2,1.0,0.3702540993690491,0.378311425447464,0.25143441557884216
1,252,P011_893_R3,P011,893,3,2,0,1,0,2,0.989583,0.3503701686859131,0.36783653497695923,0.2817933261394501
1,253,P011_893_R4,P011,893,4,2,0,1,0,2,0.958333,0.3317098915576935,0.37868359684944153,0.2896064817905426
1,254,P011_893_R5,P011,893,5,2,0,1,0,2,1.0,0.35956454277038574,0.3871719539165497,0.2532635033130646
1,255,P011_762_R1,P011,762,1,2,0,0,0,2,0.958333,0.39941462874412537,0.30526497960090637,0.29532045125961304
1,256,P011_762_R2,P011,762,2,2,0,1,0,2,1.0,0.3432050049304962,0.3931400179862976,0.2636549174785614
1,257,P011_762_R3,P011,762,3,2,0,1,0,2,1.0,0.36074262857437134,0.39243006706237793,0.24682731926441193
1,258,P011_762_R4,P011,762,4,2,0,1,0,2,0.90625,0.3431720435619354,0.3564116954803467,0.30041632056236267
1,259,P011_762_R5,P011,762,5,2,0,0,0,2,1.0,0.36297401785850525,0.3576182425022125,0.279407799243927
1,260,P011_258_R1,P011,258,1,1,0,1,0,0,1.0,0.37438803911209106,0.3772978186607361,0.24831415712833405
1,261,P011_258_R2,P011,258,2,1,0,1,0,0,1.0,0.34493181109428406,0.39517658948898315,0.2598915696144104
1,262,P011_258_R3,P011,258,3,1,0,0,0,0,0.9375,0.3979015648365021,0.29862746596336365,0.3034709095954895
1,263,P011_258_R4,P011,258,4,1,0,1,0,0,0.979167,0.3616863191127777,0.3761928975582123,0.26212072372436523
1,264,P011_258_R5,P011,258,5,1,0,1,0,0,1.0,0.3625483214855194,0.3788863718509674,0.2585653066635132
1,265,P011_189_R1,P011,189,1,2,0,0,0,1,0.895833,0.3582261800765991,0.3095090091228485,0.33226478099823
1,266,P011_189_R2,P011,189,2,2,0,0,0,1,0.947917,0.37422940135002136,0.33292144536972046,0.2928491234779358
1,267,P011_189_R3,P011,189,3,2,0,2,0,1,0.885417,0.3030646741390228,0.3269714415073395,0.3699638545513153
1,268,P011_189_R4,P011,189,4,2,0,1,0,1,0.979167,0.3601655066013336,0.4066465198993683,0.2331879734992981
1,269,P011_189_R5,P011,189,5,2,0,0,0,1,1.0,0.38216137886047363,0.3716282248497009,0.24621039628982544
1,270,P011_453_R1,P011,453,1,1,0,0,0,0,1.0,0.38182228803634644,0.3770412802696228,0.24113643169403076
1,271,P011_453_R2,P011,453,2,1,0,0,0,0,1.0,0.4264223277568817,0.30248385667800903,0.27109378576278687
1,272,P011_453_R3,P011,453,3,1,0,0,0,0,0.958333,0.4076636731624603,0.30834639072418213,0.28398993611335754
1,273,P011_453_R4,P011,453,4,1,0,0,0,0,1.0,0.41541358828544617,0.2852926552295685,0.2992938458919525
1,274,P011_453_R5,P011,453,5,1,0,1,0,0,0.96875,0.35145431756973267,0.3828136622905731,0.26573196053504944
1,350,P016_762_R1,P016,762,1,3,1,0,0,2,1.0,0.3948347270488739,0.30378520488739014,0.30138006806373596
1,351,P016_762_R2,P016,762,2,3,1,0,0,2,1.0,0.40865179896354675,0.31848376989364624,0.2728644907474518
1,352,P016_762_R3,P016,762,3,3,1,0,0,2,0.96875,0.39834675192832947,0.3094683587551117,0.29218485951423645
1,353,P016_762_R4,P016,762,4,3,1,0,0,2,1.0,0.42409074306488037,0.30938664078712463,0.26652267575263977
1,354,P016_762_R5,P016,762,5,3,1,0,0,2,0.989583,0.38573500514030457,0.3194945454597473,0.29477038979530334
1,355,P016_893_R1,P016,893,1,3,1,0,0,2,1.0,0.41271641850471497,0.341632217168808,0.24565142393112183
1,356,P016_893_R2,P016,893,2,3,1,0,0,2,1.0,0.39553210139274597,0.3188602924346924,0.28560757637023926
1,357,P016_893_R3,P016,893,3,3,1,0,0,2,0.989583,0.392243891954422,0.3566533029079437,0.2511028051376343
1,358,P016_893_R4,P016,893,4,3,1,0,0,2,1.0,0.3921557366847992,0.34177711606025696,0.26606717705726624
1,359,P016_893_R5,P016,893,5,3,1,0,0,2,1.0,0.38160884380340576,0.32058781385421753,0.2978034019470215
1,360,P016_189_R1,P016,189,1,2,0,0,0,1,1.0,0.39590200781822205,0.3070615530014038,0.297036349773407
1,361,P016_189_R2,P016,189,2,2,0,0,0,1,1.0,0.4154568910598755,0.27149075269699097,0.31305229663848877
1,362,P016_189_R3,P016,189,3,2,0,2,0,1,0.895833,0.3492682874202728,0.2693743407726288,0.3813573718070984
1,363,P016_189_R4,P016,189,4,2,0,0,0,1,0.947917,0.34867504239082336,0.32145610451698303,0.3298688530921936
1,364,P016_189_R5,P016,189,5,2,0,2,0,1,0.864583,0.3107946813106537,0.31882116198539734,0.3703841269016266
1,365,P016_258_R1,P016,258,1,1,0,0,0,0,1.0,0.40272408723831177,0.34513917565345764,0.252136766910553
1,366,P016_453_R1,P016,453,1,1,0,0,0,0,0.979167,0.40918174386024475,0.3192182779312134,0.27159997820854187
1,367,P016_453_R2,P016,453,2,1,0,0,0,0,0.989583,0.39363911747932434,0.31734398007392883,0.28901687264442444
1,368,P016_453_R3,P016,453,3,1,0,2,0,0,0.854167,0.29247814416885376,0.30683615803718567,0.4006856381893158
1,369,P016_453_R4,P016,453,4,1,0,1,0,0,0.927083,0.3155469596385956,0.34489884972572327,0.33955419063568115
1,370,P016_453_R5,P016,453,5,1,0,1,0,0,0.989583,0.34817108511924744,0.34901681542396545,0.3028121292591095
1,371,P016_258_R2,P016,258,2,1,0,1,0,0,1.0,0.35991188883781433,0.3709743916988373,0.2691137194633484
1,372,P016_258_R3,P016,258,3,1,0,0,0,0,1.0,0.37258297204971313,0.31717002391815186,0.310247004032135
1,373,P016_258_R4,P016,258,4,1,0,0,0,0,0.947917,0.3675221800804138,0.3243623971939087,0.3081153929233551
1,374,P016_258_R5,P016,258,5,1,0,0,0,0,1.0,0.41187500953674316,0.30961090326309204,0.2785141170024872
1,425,P019_258_R1,P019,258,1,1,0,0,0,0,0.979167,0.3542720079421997,0.30366548895835876,0.34206247329711914
1,426,P019_258_R2,P019,258,2,1,0,0,0,0,1.0,0.36323752999305725,0.30385473370552063,0.3329077661037445
1,427,P019_258_R3,P019,258,3,1,0,0,0,0,1.0,0.36912593245506287,0.30775225162506104,0.3231218755245209
1,428,P019_258_R4,P019,258,4,1,0,0,0,0,0.989583,0.3848370909690857,0.30833640694618225,0.30682647228240967
1,429,P019_258_R5,P019,258,5,1,0,2,0,0,0.916667,0.30632179975509644,0.27523836493492126,0.4184397757053375
1,430,P019_453_R1,P019,453,1,3,1,2,0,0,0.958333,0.32411178946495056,0.30053937435150146,0.37534886598587036
1,431,P019_453_R2,P019,453,2,3,1,0,0,0,1.0,0.3676868677139282,0.3175694942474365,0.31474369764328003
1,432,P019_453_R3,P019,453,3,3,1,0,0,0,1.0,0.37604832649230957,0.3026078939437866,0.3213437795639038
1,433,P019_453_R4,P019,453,4,3,1,2,0,0,0.875,0.2728375196456909,0.2912406325340271,0.435921847820282
1,434,P019_453_R5,P019,453,5,3,1,2,0,0,0.895833,0.30962494015693665,0.29976141452789307,0.3906136453151703
1,435,P019_189_R1,P019,189,1,4,2,0,0,1,1.0,0.3518933653831482,0.30037030577659607,0.34773629903793335
1,436,P019_189_R2,P019,189,2,4,2,2,0,1,0.947917,0.324515700340271,0.30727723240852356,0.3682071268558502
1,437,P019_189_R3,P019,189,3,4,2,2,0,1,0.895833,0.3016338646411896,0.3033900260925293,0.39497607946395874
1,438,P019_189_R4,P019,189,4,4,2,0,0,1,1.0,0.3642701208591461,0.3034248948097229,0.332304984331131
1,439,P019_189_R5,P019,189,5,4,2,2,0,1,0.958333,0.3432219326496124,0.3059542179107666,0.3508237898349762
1,440,P019_893_R1,P019,893,1,4,2,0,0,2,1.0,0.3585994243621826,0.32335910201072693,0.31804150342941284
1,441,P019_893_R2,P019,893,2,4,2,0,0,2,1.0,0.354727178812027,0.32312822341918945,0.32214462757110596
1,442,P019_893_R3,P019,893,3,4,2,0,0,2,1.0,0.38474738597869873,0.3191035985946655,0.29614901542663574
1,443,P019_893_R4,P019,893,4,4,2,2,0,2,0.885417,0.29086393117904663,0.2973634898662567,0.41177260875701904
1,444,P019_893_R5,P019,893,5,4,2,2,0,2,1.0,0.33435866236686707,0.3118607699871063,0.3537805378437042
1,445,P019_762_R1,P019,762,1,3,1,0,0,2,1.0,0.381111204624176,0.30095037817955017,0.3179384171962738
1,446,P019_762_R2,P019,762,2,3,1,0,0,2,1.0,0.3675979673862457,0.3025335967540741,0.32986846566200256
1,447,P019_762_R3,P019,762,3,3,1,0,0,2,0.947917,0.34606996178627014,0.32011568546295166,0.3338143527507782
1,448,P019_762_R4,P019,762,4,3,1,0,0,2,0.958333,0.3535841405391693,0.30888819694519043,0.33752766251564026
1,449,P019_762_R5,P019,762,5,3,1,0,0,2,1.0,0.3477707803249359,0.3168882131576538,0.3353409469127655
1,525,P024_258_R1,P024,258,1,2,0,0,0,0,1.0,0.37173643708229065,0.3529566824436188,0.27530691027641296
1,526,P024_258_R2,P024,258,2,2,0,2,0,0,0.895833,0.2866549491882324,0.3096647560596466,0.40368032455444336
1,527,P024_258_R3,P024,258,3,2,0,1,0,0,0.989583,0.3518317639827728,0.356493204832077,0.29167506098747253
1,528,P024_258_R4,P024,258,4,2,0,1,0,0,0.916667,0.317548543214798,0.3658953011035919,0.3165561556816101
1,529,P024_258_R5,P024,258,5,2,0,0,0,0,1.0,0.36985448002815247,0.36750850081443787,0.2626369595527649
1,530,P024_893_R1,P024,893,1,4,2,1,0,2,0.958333,0.338326632976532,0.37221649289131165,0.28945687413215637
1,531,P024_893_R2,P024,893,2,4,2,1,0,2,1.0,0.36168718338012695,0.373403400182724,0.26490941643714905
1,532,P024_893_R3,P024,893,3,4,2,0,0,2,0.979167,0.3536716103553772,0.347668319940567,0.29866012930870056
1,533,P024_893_R4,P024,893,4,4,2,1,0,2,0.947917,0.35068827867507935,0.3709045350551605,0.27840715646743774
1,534,P024_893_R5,P024,893,5,4,2,1,0,2,1.0,0.37386810779571533,0.37837857007980347,0.2477533519268036
1,535,P024_453_R1,P024,453,1,3,1,1,0,0,0.958333,0.33688005805015564,0.3498784899711609,0.31324145197868347
1,536,P024_453_R2,P024,453,2,3,1,1,0,0,1.0,0.3605823218822479,0.3837850093841553,0.2556326389312744
1,537,P024_453_R3,P024,453,3,3,1,0,0,0,1.0,0.38233014941215515,0.3576805293560028,0.25998935103416443
1,538,P024_453_R4,P024,453,4,3,1,2,0,0,0.90625,0.29812222719192505,0.33639204502105713,0.36548566818237305
1,539,P024_453_R5,P024,453,5,3,1,0,0,0,1.0,0.3664471209049225,0.34970301389694214,0.28384989500045776
1,540,P024_762_R1,P024,762,1,3,1,1,0,2,1.0,0.35531821846961975,0.3750080466270447,0.26967373490333557
1,541,P024_762_R2,P024,762,2,3,1,1,0,2,1.0,0.3639703094959259,0.37349602580070496,0.26253366470336914
1,542,P024_762_R3,P024,762,3,3,1,1,0,2,1.0,0.3614756166934967,0.38210153579711914,0.25642290711402893
1,543,P024_762_R4,P024,762,4,3,1,0,0,2,1.0,0.38635948300361633,0.3454216718673706,0.2682187855243683
1,544,P024_762_R5,P024,762,5,3,1,1,0,2,0.9375,0.3086688220500946,0.3739241659641266,0.3174070417881012
1,545,P024_189_R1,P024,189,1,3,1,0,0,1,1.0,0.3950795829296112,0.35874903202056885,0.24617138504981995
1,546,P024_189_R2,P024,189,2,3,1,1,0,1,0.96875,0.34597983956336975,0.3721431791782379,0.2818770110607147
1,547,P024_189_R3,P024,189,3,3,1,2,0,1,0.885417,0.27473098039627075,0.33280524611473083,0.3924637734889984
1,548,P024_189_R4,P024,189,4,3,1,0,0,1,0.916667,0.3694266080856323,0.33634260296821594,0.29423072934150696
1,549,P024_189_R5,P024,189,5,3,1,1,0,1,0.958333,0.3498842418193817,0.3704526424407959,0.2796631157398224
1,675,P030_258_R1,P030,258,1,3,1,2,0,0,0.989583,0.33906155824661255,0.28644394874572754,0.3744944930076599
1,676,P030_258_R2,P030,258,2,3,1,0,0,0,0.989583,0.3908535838127136,0.2583295702934265,0.35081687569618225
1,677,P030_258_R3,P030,258,3,3,1,2,0,0,0.96875,0.3470291197299957,0.24248991906642914,0.41048091650009155
1,678,P030_258_R4,P030,258,4,3,1,2,0,0,0.854167,0.2720613181591034,0.23887042701244354,0.48906829953193665
1,679,P030_258_R5,P030,258,5,3,1,2,0,0,0.885417,0.27750930190086365,0.29577556252479553,0.42671510577201843
1,680,P030_893_R1,P030,893,1,4,2,0,0,2,1.0,0.43416330218315125,0.26998433470726013,0.295852392911911
1,681,P030_893_R2,P030,893,2,4,2,0,0,2,1.0,0.3619253933429718,0.30919331312179565,0.32888129353523254
1,682,P030_893_R3,P030,893,3,4,2,2,0,2,0.989583,0.34540241956710815,0.2498568743467331,0.40474069118499756
1,683,P030_893_R4,P030,893,4,4,2,0,0,2,0.947917,0.379424124956131,0.27350476384162903,0.34707111120224
1,684,P030_893_R5,P030,893,5,4,2,2,0,2,0.979167,0.2985655963420868,0.2654297649860382,0.436004638671875
1,685,P030_453_R1,P030,453,1,1,0,0,0,0,1.0,0.41544482111930847,0.17841459810733795,0.40614053606987
1,686,P030_453_R2,P030,453,2,1,0,0,0,0,0.979167,0.38367679715156555,0.2888999283313751,0.3274233043193817
1,687,P030_453_R3,P030,453,3,1,0,0,0,0,1.0,0.39491868019104004,0.2613505423069,0.3437308371067047
1,688,P030_453_R4,P030,453,4,1,0,2,0,0,0.96875,0.3245084583759308,0.24243898689746857,0.43305253982543945
1,689,P030_453_R5,P030,453,5,1,0,2,0,0,0.916667,0.3465672433376312,0.29764097929000854,0.35579171776771545
1,690,P030_762_R1,P030,762,1,4,2,2,0,2,0.96875,0.3424912691116333,0.23319852352142334,0.42431020736694336
1,691,P030_762_R2,P030,762,2,4,2,2,0,2,0.96875,0.36525237560272217,0.24840009212493896,0.3863475024700165
1,692,P030_762_R3,P030,762,3,4,2,0,0,2,1.0,0.40765607357025146,0.27845755219459534,0.3138863742351532
1,693,P030_762_R4,P030,762,4,4,2,2,0,2,0.854167,0.21600127220153809,0.23186954855918884,0.5521292090415955
1,694,P030_762_R5,P030,762,5,4,2,2,0,2,0.875,0.25930818915367126,0.24180683493614197,0.498884916305542
1,695,P030_189_R1,P030,189,1,2,0,2,0,1,0.958333,0.2700382471084595,0.25235673785209656,0.4776049852371216
1,696,P030_189_R2,P030,189,2,2,0,0,0,1,0.979167,0.37224388122558594,0.28498604893684387,0.3427700996398926
1,697,P030_189_R3,P030,189,3,2,0,0,0,1,0.96875,0.38716617226600647,0.2558821141719818,0.35695168375968933
1,698,P030_189_R4,P030,189,4,2,0,2,0,1,0.84375,0.22084268927574158,0.20190894603729248,0.5772483944892883
1,699,P030_189_R5,P030,189,5,2,0,2,0,1,0.864583,0.16766244173049927,0.22629401087760925,0.6060435175895691
2,125,P006_258_R1,P006,258,1,3,1,0,0,0,1.0,0.6666733622550964,0.17869019508361816,0.1546364426612854
2,126,P006_258_R2,P006,258,2,3,1,0,0,0,0.9375,0.6264908313751221,0.24036622047424316,0.13314291834831238
2,127,P006_258_R3,P006,258,3,3,1,0,0,0,0.979167,0.71201092004776,0.21709449589252472,0.07089459151029587
2,128,P006_258_R4,P006,258,4,3,1,0,0,0,0.947917,0.4873591959476471,0.2982107698917389,0.21442998945713043
2,129,P006_258_R5,P006,258,5,3,1,0,0,0,0.916667,0.4526631534099579,0.2199583798646927,0.32737842202186584
2,130,P006_893_R1,P006,893,1,4,2,0,0,2,1.0,0.5154837965965271,0.276864230632782,0.20765197277069092
2,131,P006_893_R2,P006,893,2,4,2,0,0,2,0.9375,0.43624788522720337,0.29668164253234863,0.267070472240448
2,132,P006_893_R3,P006,893,3,4,2,0,0,2,0.854167,0.41696351766586304,0.27743732929229736,0.305599182844162
2,133,P006_893_R4,P006,893,4,4,2,0,0,2,1.0,0.5385364890098572,0.18137913942337036,0.28008437156677246
2,134,P006_893_R5,P006,893,5,4,2,0,0,2,1.0,0.6647177338600159,0.20860686898231506,0.12667544186115265
2,135,P006_453_R1,P006,453,1,3,1,0,0,0,1.0,0.7023649215698242,0.21446268260478973,0.08317239582538605
2,136,P006_453_R2,P006,453,2,3,1,0,0,0,1.0,0.7558829188346863,0.10963606834411621,0.13448099792003632
2,137,P006_453_R3,P006,453,3,3,1,0,0,0,1.0,0.6046831607818604,0.2332482933998108,0.16206859052181244
2,138,P006_453_R4,P006,453,4,3,1,0,0,0,0.885417,0.49134790897369385,0.11959338188171387,0.3890587091445923
2,139,P006_453_R5,P006,453,5,3,1,0,0,0,0.927083,0.5112895965576172,0.24380134046077728,0.24490904808044434
2,140,P006_762_R1,P006,762,1,4,2,0,0,1,1.0,0.6798542141914368,0.21521519124507904,0.104930579662323
2,141,P006_762_R2,P006,762,2,4,2,0,0,1,1.0,0.6448904871940613,0.1680697351694107,0.18703974783420563
2,142,P006_762_R3,P006,762,3,4,2,0,0,1,1.0,0.699457585811615,0.19167540967464447,0.10886703431606293
2,143,P006_762_R4,P006,762,4,4,2,0,0,1,0.989583,0.5177288055419922,0.2862032949924469,0.19606785476207733
2,144,P006_762_R5,P006,762,5,4,2,0,0,1,1.0,0.6686401963233948,0.22156846523284912,0.10979129374027252
2,145,P006_189_R1,P006,189,1,3,1,0,0,1,1.0,0.50766521692276,0.29058974981307983,0.20174504816532135
2,146,P006_189_R2,P006,189,2,3,1,0,0,1,1.0,0.5369973182678223,0.24671554565429688,0.21628712117671967
2,147,P006_189_R3,P006,189,3,3,1,0,0,1,1.0,0.6437649130821228,0.22646237909793854,0.12977272272109985
2,148,P006_189_R4,P006,189,4,3,1,0,0,1,1.0,0.6425426602363586,0.2523791193962097,0.10507821291685104
2,149,P006_189_R5,P006,189,5,3,1,0,0,1,1.0,0.612112283706665,0.23111212253570557,0.1567755937576294
2,375,P017_893_R1,P017,893,1,3,1,1,0,2,1.0,0.2120317965745926,0.45674580335617065,0.3312223255634308
2,376,P017_893_R2,P017,893,2,3,1,1,0,2,1.0,0.18943975865840912,0.42356768250465393,0.38699257373809814
2,377,P017_893_R3,P017,893,3,3,1,2,0,2,0.802083,0.18750905990600586,0.3867395222187042,0.42575135827064514
2,378,P017_893_R4,P017,893,4,3,1,1,0,2,1.0,0.20088337361812592,0.4856289029121399,0.3134876787662506
2,379,P017_893_R5,P017,893,5,3,1,2,0,2,0.90625,0.20462307333946228,0.3922518193721771,0.4031251072883606
2,380,P017_762_R1,P017,762,1,2,0,2,0,1,0.958333,0.21784454584121704,0.38987356424331665,0.3922818601131439
2,381,P017_762_R2,P017,762,2,2,0,1,0,1,1.0,0.21072816848754883,0.49734461307525635,0.29192715883255005
2,382,P017_762_R3,P017,762,3,2,0,1,0,1,1.0,0.2998103201389313,0.5147550702095032,0.18543465435504913
2,383,P017_762_R4,P017,762,4,2,0,2,0,1,0.895833,0.1593385934829712,0.2855212986469269,0.5551400780677795
2,384,P017_762_R5,P017,762,5,2,0,2,0,1,0.895833,0.1853911578655243,0.3178081512451172,0.49680063128471375
2,385,P017_258_R1,P017,258,1,1,0,1,0,0,1.0,0.18529054522514343,0.48165401816368103,0.33305540680885315
2,386,P017_258_R2,P017,258,2,1,0,1,0,0,1.0,0.20384828746318817,0.5501280426979065,0.24602365493774414
2,387,P017_258_R3,P017,258,3,1,0,2,0,0,1.0,0.1697911024093628,0.2603777050971985,0.5698312520980835
2,388,P017_258_R4,P017,258,4,1,0,1,0,0,1.0,0.22333760559558868,0.4322189390659332,0.3444434702396393
2,389,P017_258_R5,P017,258,5,1,0,1,0,0,1.0,0.267650842666626,0.44411197304725647,0.28823715448379517
2,390,P017_189_R1,P017,189,1,2,0,1,0,1,1.0,0.18752403557300568,0.41826871037483215,0.39420726895332336
2,391,P017_189_R2,P017,189,2,2,0,2,0,1,1.0,0.206762433052063,0.37057921290397644,0.42265835404396057
2,392,P017_189_R3,P017,189,3,2,0,1,0,1,0.947917,0.184583380818367,0.43183693289756775,0.38357967138290405
2,393,P017_189_R4,P017,189,4,2,0,2,0,1,0.958333,0.20888736844062805,0.3571217656135559,0.4339908957481384
2,394,P017_189_R5,P017,189,5,2,0,1,0,1,1.0,0.22797858715057373,0.5135586261749268,0.2584628164768219
2,395,P017_453_R1,P017,453,1,1,0,1,0,0,1.0,0.2201671004295349,0.44611066579818726,0.3337222635746002
2,396,P017_453_R2,P017,453,2,1,0,1,0,0,1.0,0.22307564318180084,0.4579038619995117,0.31902047991752625
2,397,P017_453_R3,P017,453,3,1,0,2,0,0,0.979167,0.18300148844718933,0.26995790004730225,0.5470406413078308
2,398,P017_453_R4,P017,453,4,1,0,2,0,0,1.0,0.27621185779571533,0.34484779834747314,0.3789403438568115
2,399,P017_453_R5,P017,453,5,1,0,1,0,0,1.0,0.26373744010925293,0.4768957793712616,0.25936681032180786
2,450,P020_453_R1,P020,453,1,3,1,2,0,0,0.84375,0.12310308963060379,0.11220259964466095,0.7646943926811218
2,451,P020_453_R2,P020,453,2,3,1,2,0,0,0.802083,0.14674581587314606,0.15477199852466583,0.6984821557998657
2,452,P020_453_R3,P020,453,3,3,1,2,0,0,0.864583,0.10134529322385788,0.1371801495552063,0.7614745497703552
2,453,P020_453_R4,P020,453,4,3,1,2,0,0,0.895833,0.20146974921226501,0.3250115215778351,0.4735187292098999
2,454,P020_453_R5,P020,453,5,3,1,2,0,0,0.989583,0.1404130607843399,0.22422364354133606,0.6353633403778076
2,455,P020_189_R1,P020,189,1,4,2,2,0,1,0.802083,0.03707880899310112,0.025844452902674675,0.93707674741745
2,456,P020_189_R2,P020,189,2,4,2,2,0,1,0.854167,0.09168778359889984,0.11975523829460144,0.7885569334030151
2,457,P020_189_R3,P020,189,3,4,2,2,0,1,0.9375,0.05337986722588539,0.02580351009964943,0.9208166003227234
2,458,P020_189_R4,P020,189,4,4,2,2,0,1,0.947917,0.04695872589945793,0.035104699432849884,0.9179365634918213
2,459,P020_189_R5,P020,189,5,4,2,2,0,1,0.916667,0.22439463436603546,0.33215782046318054,0.4434475302696228
2,460,P020_258_R1,P020,258,1,1,0,2,0,0,0.8125,0.3045029640197754,0.23467107117176056,0.46082592010498047
2,461,P020_258_R2,P020,258,2,1,0,2,0,0,0.979167,0.1937585324048996,0.34233781695365906,0.4639037251472473
2,462,P020_258_R3,P020,258,3,1,0,2,0,0,0.895833,0.06135084852576256,0.061706654727458954,0.8769424557685852
2,463,P020_258_R4,P020,258,4,1,0,2,0,0,1.0,0.08312638103961945,0.052229538559913635,0.8646440505981445
2,464,P020_258_R5,P020,258,5,1,0,2,0,0,0.90625,0.1625479906797409,0.17830191552639008,0.6591500639915466
2,465,P020_762_R1,P020,762,1,4,2,2,0,1,0.854167,0.09398039430379868,0.14657378196716309,0.75944584608078
2,466,P020_762_R2,P020,762,2,4,2,2,0,1,1.0,0.14541369676589966,0.08862292021512985,0.7659633159637451
2,467,P020_762_R3,P020,762,3,4,2,2,0,1,0.854167,0.07428550720214844,0.09173615276813507,0.8339783549308777
2,468,P020_762_R4,P020,762,4,4,2,2,0,1,0.875,0.09018956869840622,0.06743693351745605,0.8423734903335571
2,469,P020_762_R5,P020,762,5,4,2,2,0,1,0.71875,0.05618488788604736,0.08297348022460938,0.860841691493988
2,470,P020_893_R1,P020,893,1,5,2,1,0,2,0.864583,0.23422463238239288,0.4137875735759735,0.3519877791404724
2,471,P020_893_R2,P020,893,2,5,2,2,0,2,0.802083,0.06580585241317749,0.07203439623117447,0.862159788608551
2,472,P020_893_R3,P020,893,3,5,2,2,0,2,0.791667,0.06955897063016891,0.05084070563316345,0.8796002864837646
2,473,P020_893_R4,P020,893,4,5,2,2,0,2,0.770833,0.010487232357263565,0.008229121565818787,0.9812836050987244
2,474,P020_893_R5,P020,893,5,5,2,2,0,2,0.90625,0.1991928219795227,0.3120088577270508,0.4887983202934265
2,550,P025_258_R1,P025,258,1,1,0,0,0,0,0.989583,0.7940812706947327,0.16474130749702454,0.04117739573121071
2,551,P025_258_R2,P025,258,2,1,0,0,0,0,0.916667,0.8890949487686157,0.07991282641887665,0.030992265790700912
2,552,P025_258_R3,P025,258,3,1,0,0,0,0,0.979167,0.7316998243331909,0.18765053153038025,0.08064969629049301
2,553,P025_258_R4,P025,258,4,1,0,0,0,0,0.947917,0.8004769086837769,0.13538864254951477,0.06413447111845016
2,554,P025_258_R5,P025,258,5,1,0,0,0,0,0.979167,0.8676459789276123,0.10506374388933182,0.027290329337120056
2,555,P025_453_R1,P025,453,1,1,0,0,0,0,0.916667,0.6527950167655945,0.23484015464782715,0.11236482858657837
2,556,P025_453_R2,P025,453,2,1,0,0,0,0,1.0,0.9321380853652954,0.06032327190041542,0.007538683246821165
2,557,P025_453_R3,P025,453,3,1,0,0,0,0,0.916667,0.6816726326942444,0.19915781915187836,0.11916959285736084
2,558,P025_453_R4,P025,453,4,1,0,0,0,0,1.0,0.8333010077476501,0.1305495947599411,0.036149438470602036
2,559,P025_453_R5,P025,453,5,1,0,0,0,0,0.90625,0.8054328560829163,0.12656958401203156,0.06799757480621338
2,560,P025_189_R1,P025,189,1,3,1,0,0,1,0.958333,0.8126828074455261,0.1437039077281952,0.04361319541931152
2,561,P025_189_R2,P025,189,2,3,1,0,0,1,0.947917,0.888240396976471,0.08455398678779602,0.027205632999539375
2,562,P025_189_R3,P025,189,3,3,1,0,0,1,0.916667,0.7939311265945435,0.1226113885641098,0.08345753699541092
2,563,P025_189_R4,P025,189,4,3,1,0,0,1,0.989583,0.8970217108726501,0.08593744784593582,0.017040809616446495
2,564,P025_189_R5,P025,189,5,3,1,0,0,1,0.885417,0.8028411865234375,0.10040023922920227,0.09675859659910202
2,565,P025_893_R1,P025,893,1,4,2,0,0,2,0.979167,0.9120522737503052,0.07315241545438766,0.014795267954468727
2,566,P025_893_R2,P025,893,2,4,2,0,0,2,0.979167,0.8634597063064575,0.10774985700845718,0.028790375217795372
2,567,P025_893_R3,P025,893,3,4,2,0,0,2,0.895833,0.6474065184593201,0.1445140689611435,0.20807939767837524
2,568,P025_893_R4,P025,893,4,4,2,0,0,2,0.916667,0.801946759223938,0.119541697204113,0.07851149141788483
2,569,P025_893_R5,P025,893,5,4,2,0,0,2,0.916667,0.8328401446342468,0.12084037065505981,0.046319592744112015
2,570,P025_762_R1,P025,762,1,3,1,0,0,1,0.895833,0.7814390063285828,0.17537753283977509,0.043183472007513046
2,571,P025_762_R2,P025,762,2,3,1,0,0,1,0.916667,0.8549274802207947,0.11509625613689423,0.02997634932398796
2,572,P025_762_R3,P025,762,3,3,1,0,0,1,1.0,0.8339876532554626,0.1324048489332199,0.033607520163059235
2,573,P025_762_R4,P025,762,4,3,1,0,0,1,1.0,0.9493011832237244,0.045354194939136505,0.005344577599316835
2,574,P025_762_R5,P025,762,5,3,1,0,0,1,0.916667,0.630986750125885,0.21852974593639374,0.15048350393772125
2,650,P029_893_R1,P029,893,1,3,1,2,0,2,1.0,0.23944395780563354,0.3565836250782013,0.4039723873138428
2,651,P029_893_R2,P029,893,2,3,1,1,0,2,1.0,0.26875507831573486,0.5395331382751465,0.19171178340911865
2,652,P029_893_R3,P029,893,3,3,1,1,0,2,1.0,0.3111855089664459,0.4300287961959839,0.2587856352329254
2,653,P029_893_R4,P029,893,4,3,1,1,0,2,0.895833,0.2543965280056,0.6001107096672058,0.1454927623271942
2,654,P029_893_R5,P029,893,5,3,1,1,0,2,1.0,0.3623352646827698,0.4713728129863739,0.16629193723201752
2,655,P029_762_R1,P029,762,1,4,2,1,0,1,0.958333,0.3796024024486542,0.46932944655418396,0.15106816589832306
2,656,P029_762_R2,P029,762,2,4,2,1,0,1,0.895833,0.35515108704566956,0.48068422079086304,0.1641647070646286
2,657,P029_762_R3,P029,762,3,4,2,1,0,1,0.78125,0.2754097282886505,0.522550642490387,0.20203958451747894
2,658,P029_762_R4,P029,762,4,4,2,1,0,1,0.854167,0.2262924611568451,0.436555415391922,0.3371521830558777
2,659,P029_762_R5,P029,762,5,4,2,1,0,1,0.989583,0.2594083845615387,0.4269007444381714,0.3136909306049347
2,660,P029_258_R1,P029,258,1,1,0,1,0,0,0.875,0.28254732489585876,0.4800430238246918,0.2374095767736435
2,661,P029_258_R2,P029,258,2,1,0,1,0,0,1.0,0.3249365985393524,0.4139632284641266,0.261100172996521
2,662,P029_258_R3,P029,258,3,1,0,1,0,0,0.916667,0.2464989274740219,0.5504347681999207,0.20306628942489624
2,663,P029_258_R4,P029,258,4,1,0,1,0,0,0.84375,0.2208779752254486,0.4070797562599182,0.3720422685146332
2,664,P029_258_R5,P029,258,5,1,0,1,0,0,0.989583,0.2783922851085663,0.3748500943183899,0.34675759077072144
2,665,P029_189_R1,P029,189,1,4,2,1,0,1,0.75,0.33983394503593445,0.34262317419052124,0.3175428807735443
2,666,P029_189_R2,P029,189,2,4,2,0,0,1,0.979167,0.5456711053848267,0.3653682768344879,0.08896064013242722
2,667,P029_189_R3,P029,189,3,4,2,1,0,1,0.96875,0.27210208773612976,0.443645179271698,0.28425270318984985
2,668,P029_189_R4,P029,189,4,4,2,1,0,1,1.0,0.24137909710407257,0.4725157618522644,0.28610512614250183
2,669,P029_189_R5,P029,189,5,4,2,1,0,1,1.0,0.260759562253952,0.3865225315093994,0.35271793603897095
2,670,P029_453_R1,P029,453,1,3,1,1,0,0,1.0,0.28549924492836,0.5471016764640808,0.1673990935087204
2,671,P029_453_R2,P029,453,2,3,1,1,0,0,0.958333,0.23734202980995178,0.5814617276191711,0.1811962127685547
2,672,P029_453_R3,P029,453,3,3,1,1,0,0,0.96875,0.2739296555519104,0.4689064621925354,0.2571638524532318
2,673,P029_453_R4,P029,453,4,3,1,1,0,0,0.927083,0.26608967781066895,0.37038442492485046,0.3635258972644806
2,674,P029_453_R5,P029,453,5,3,1,2,0,0,0.833333,0.17253389954566956,0.18911975622177124,0.6383463740348816
3,50,P003_189_R1,P003,189,1,3,1,2,0,1,1.0,0.18832240998744965,0.3942582905292511,0.41741931438446045
3,51,P003_189_R2,P003,189,2,3,1,1,0,1,0.947917,0.27578747272491455,0.3922075927257538,0.33200493454933167
3,52,P003_189_R3,P003,189,3,3,1,2,0,1,0.885417,0.24115827679634094,0.34508413076400757,0.4137575328350067
3,53,P003_189_R4,P003,189,4,3,1,1,0,1,0.947917,0.2580358386039734,0.3849598169326782,0.357004314661026
3,54,P003_189_R5,P003,189,5,3,1,2,0,1,0.895833,0.21821990609169006,0.295433908700943,0.48634618520736694
3,55,P003_762_R1,P003,762,1,3,1,2,0,2,1.0,0.1330684870481491,0.3196982145309448,0.5472333431243896
3,56,P003_762_R2,P003,762,2,3,1,2,0,2,0.947917,0.23385721445083618,0.34965193271636963,0.4164908528327942
3,57,P003_762_R3,P003,762,3,3,1,1,0,2,1.0,0.19949130713939667,0.4070398211479187,0.39346885681152344
3,58,P003_762_R4,P003,762,4,3,1,2,0,2,1.0,0.1874905377626419,0.3823281526565552,0.43018126487731934
3,59,P003_762_R5,P003,762,5,3,1,1,0,2,0.96875,0.23212392628192902,0.4070575535297394,0.36081844568252563
3,60,P003_453_R1,P003,453,1,2,0,2,0,0,0.958333,0.17005006968975067,0.40955275297164917,0.42039719223976135
3,61,P003_453_R2,P003,453,2,2,0,1,0,0,0.947917,0.24343113601207733,0.38294753432273865,0.37362128496170044
3,62,P003_453_R3,P003,453,3,2,0,2,0,0,0.916667,0.22277100384235382,0.276704877614975,0.50052410364151
3,63,P003_453_R4,P003,453,4,2,0,2,0,0,0.9375,0.2433718889951706,0.3631194233894348,0.3935087323188782
3,64,P003_453_R5,P003,453,5,2,0,2,0,0,0.916667,0.23523424565792084,0.25318413972854614,0.5115815997123718
3,65,P003_893_R1,P003,893,1,4,2,1,0,2,1.0,0.1799900233745575,0.424366295337677,0.3956436216831207
3,66,P003_893_R2,P003,893,2,4,2,2,0,2,0.927083,0.12126077711582184,0.13853272795677185,0.7402064800262451
3,67,P003_893_R3,P003,893,3,4,2,2,0,2,1.0,0.1644577980041504,0.33962759375572205,0.49591460824012756
3,68,P003_893_R4,P003,893,4,4,2,2,0,2,0.96875,0.1666865050792694,0.22432178258895874,0.6089917421340942
3,69,P003_893_R5,P003,893,5,4,2,2,0,2,0.895833,0.2156551480293274,0.19243724644184113,0.5919076204299927
3,70,P003_258_R1,P003,258,1,1,0,2,0,0,1.0,0.18056398630142212,0.36309614777565,0.45633986592292786
3,71,P003_258_R2,P003,258,2,1,0,2,0,0,0.979167,0.18480756878852844,0.2666560411453247,0.5485364198684692
3,72,P003_258_R3,P003,258,3,1,0,2,0,0,1.0,0.19817684590816498,0.3901508152484894,0.41167235374450684
3,73,P003_258_R4,P003,258,4,1,0,2,0,0,1.0,0.20486366748809814,0.2735914885997772,0.521544873714447
3,74,P003_258_R5,P003,258,5,1,0,2,0,0,1.0,0.14224834740161896,0.285974383354187,0.5717772245407104
3,75,P004_762_R1,P004,762,1,3,1,1,0,2,1.0,0.31497859954833984,0.3848518431186676,0.30016955733299255
3,76,P004_762_R2,P004,762,2,3,1,0,0,2,0.9375,0.43733078241348267,0.3958958685398102,0.16677339375019073
3,77,P004_762_R3,P004,762,3,3,1,0,0,2,1.0,0.4029972553253174,0.36676687002182007,0.23023590445518494
3,78,P004_762_R4,P004,762,4,3,1,1,0,2,0.958333,0.3137238025665283,0.3584681451320648,0.32780808210372925
3,79,P004_762_R5,P004,762,5,3,1,1,0,2,0.9375,0.3194434940814972,0.39164218306541443,0.2889143228530884
3,80,P004_893_R1,P004,893,1,4,2,0,0,2,0.895833,0.4017733335494995,0.3179498314857483,0.2802768051624298
3,81,P004_893_R2,P004,893,2,4,2,0,0,2,0.9375,0.39667707681655884,0.37124699354171753,0.23207594454288483
3,82,P004_893_R3,P004,893,3,4,2,2,0,2,0.885417,0.3586536943912506,0.2761499881744385,0.3651963472366333
3,83,P004_893_R4,P004,893,4,4,2,2,0,2,0.895833,0.2818753719329834,0.26709192991256714,0.45103272795677185
3,84,P004_893_R5,P004,893,5,4,2,2,0,2,0.90625,0.3190059959888458,0.3369186818599701,0.3440752923488617
3,85,P004_189_R1,P004,189,1,2,0,2,0,1,1.0,0.27032580971717834,0.29923564195632935,0.4304385781288147
3,86,P004_189_R2,P004,189,2,2,0,1,0,1,0.9375,0.333936870098114,0.36577028036117554,0.30029287934303284
3,87,P004_189_R3,P004,189,3,2,0,1,0,1,0.916667,0.3806906044483185,0.450142502784729,0.16916689276695251
3,88,P004_189_R4,P004,189,4,2,0,1,0,1,0.989583,0.3217306137084961,0.3667345941066742,0.3115347623825073
3,89,P004_189_R5,P004,189,5,2,0,1,0,1,0.875,0.42054784297943115,0.424543172121048,0.15490899980068207
3,90,P004_453_R1,P004,453,1,2,0,0,0,0,1.0,0.513759195804596,0.45323461294174194,0.033006176352500916
3,91,P004_453_R2,P004,453,2,2,0,1,0,0,0.989583,0.3954409956932068,0.4766140282154083,0.12794499099254608
3,92,P004_453_R3,P004,453,3,2,0,1,0,0,0.927083,0.3556601107120514,0.3777775466442108,0.2665623724460602
3,93,P004_453_R4,P004,453,4,2,0,1,0,0,1.0,0.4438660740852356,0.46305039525032043,0.0930834710597992
3,94,P004_453_R5,P004,453,5,2,0,1,0,0,0.947917,0.4350333511829376,0.4357001483440399,0.12926656007766724
3,95,P004_258_R1,P004,258,1,1,0,0,0,0,1.0,0.5003342032432556,0.37875041365623474,0.12091543525457382
3,96,P004_258_R2,P004,258,2,1,0,1,0,0,1.0,0.2721080780029297,0.4278768301010132,0.3000151216983795
3,97,P004_258_R3,P004,258,3,1,0,1,0,0,0.9375,0.37414491176605225,0.45142632722854614,0.17442873120307922
3,98,P004_258_R4,P004,258,4,1,0,1,0,0,1.0,0.3856849670410156,0.5076901316642761,0.10662489384412766
3,99,P004_258_R5,P004,258,5,1,0,0,0,0,0.989583,0.45884591341018677,0.4292620122432709,0.11189201474189758
3,150,P007_258_R1,P007,258,1,1,0,1,0,0,1.0,0.4378587603569031,0.5174382925033569,0.044702913612127304
3,151,P007_258_R2,P007,258,2,1,0,0,0,0,1.0,0.5334325432777405,0.45459622144699097,0.01197123434394598
3,152,P007_258_R3,P007,258,3,1,0,1,0,0,1.0,0.4643218219280243,0.46890372037887573,0.06677442044019699
3,153,P007_258_R4,P007,258,4,1,0,1,0,0,0.989583,0.3561725914478302,0.4175453186035156,0.22628210484981537
3,154,P007_258_R5,P007,258,5,1,0,0,0,0,1.0,0.4719758927822113,0.43794333934783936,0.09008076041936874
3,155,P007_453_R1,P007,453,1,4,2,0,0,0,1.0,0.5174638628959656,0.45141124725341797,0.031124919652938843
3,156,P007_453_R2,P007,453,2,4,2,0,0,0,1.0,0.4602119028568268,0.4384706914424896,0.1013173758983612
3,157,P007_453_R3,P007,453,3,4,2,0,0,0,1.0,0.5829537510871887,0.404356449842453,0.012689760886132717
3,158,P007_453_R4,P007,453,4,4,2,0,0,0,1.0,0.5508031249046326,0.4251450300216675,0.02405180223286152
3,159,P007_453_R5,P007,453,5,4,2,0,0,0,1.0,0.640200138092041,0.3532562255859375,0.006543674506247044
3,160,P007_189_R1,P007,189,1,5,2,0,0,1,1.0,0.7168357372283936,0.28205639123916626,0.0011078965617343783
3,161,P007_189_R2,P007,189,2,5,2,0,0,1,0.979167,0.708116888999939,0.29020005464553833,0.0016830455278977752
3,162,P007_189_R3,P007,189,3,5,2,0,0,1,0.947917,0.5738043785095215,0.3917330205440521,0.03446260467171669
3,163,P007_189_R4,P007,189,4,5,2,0,0,1,1.0,0.44663941860198975,0.3903683125972748,0.16299235820770264
3,164,P007_189_R5,P007,189,5,5,2,0,0,1,0.9375,0.5175537467002869,0.4424956440925598,0.039950694888830185
3,165,P007_893_R1,P007,893,1,5,2,0,0,2,1.0,0.4429004490375519,0.4284232556819916,0.12867625057697296
3,166,P007_893_R2,P007,893,2,5,2,0,0,2,0.854167,0.6253556609153748,0.3659675121307373,0.008676876313984394
3,167,P007_893_R3,P007,893,3,5,2,0,0,2,1.0,0.49719828367233276,0.45931997895240784,0.04348171502351761
3,168,P007_893_R4,P007,893,4,5,2,1,0,2,1.0,0.28271880745887756,0.4097094237804413,0.30757176876068115
3,169,P007_893_R5,P007,893,5,5,2,0,0,2,0.84375,0.5609447360038757,0.36498191952705383,0.07407338917255402
3,170,P007_762_R1,P007,762,1,4,2,0,0,2,1.0,0.5340961813926697,0.4309520721435547,0.03495171293616295
3,171,P007_762_R2,P007,762,2,4,2,0,0,2,0.9375,0.5620882511138916,0.40465307235717773,0.03325871378183365
3,172,P007_762_R3,P007,762,3,4,2,0,0,2,0.958333,0.38530218601226807,0.35229912400245667,0.2623986601829529
3,173,P007_762_R4,P007,762,4,4,2,0,0,2,1.0,0.6431781053543091,0.33660638332366943,0.020215462893247604
3,174,P007_762_R5,P007,762,5,4,2,1,0,2,0.989583,0.35962939262390137,0.5339946746826172,0.10637588798999786
3,175,P008_453_R1,P008,453,1,2,0,0,0,0,0.84375,0.40675991773605347,0.2086559385061264,0.3845841884613037
3,176,P008_453_R2,P008,453,2,2,0,1,0,0,0.958333,0.33058708906173706,0.4416070580482483,0.22780588269233704
3,177,P008_453_R3,P008,453,3,2,0,1,0,0,0.989583,0.20940442383289337,0.43496203422546387,0.3556334972381592
3,178,P008_453_R4,P008,453,4,2,0,1,0,0,0.96875,0.21459363400936127,0.4350084066390991,0.3503980040550232
3,179,P008_453_R5,P008,453,5,2,0,1,0,0,0.96875,0.2966296970844269,0.474547803401947,0.2288224846124649
3,180,P008_189_R1,P008,189,1,3,1,2,0,1,0.96875,0.23778720200061798,0.347931832075119,0.4142810106277466
3,181,P008_189_R2,P008,189,2,3,1,0,0,1,0.822917,0.4679904580116272,0.2708149552345276,0.2611946165561676
3,182,P008_189_R3,P008,189,3,3,1,0,0,1,1.0,0.5321567058563232,0.4385855495929718,0.02925766445696354
3,183,P008_189_R4,P008,189,4,3,1,1,0,1,0.979167,0.3533988893032074,0.3918880522251129,0.2547130882740021
3,184,P008_189_R5,P008,189,5,3,1,1,0,1,0.989583,0.2614634335041046,0.4952598810195923,0.2432767152786255
3,185,P008_258_R1,P008,258,1,1,0,1,0,0,0.947917,0.3060092329978943,0.3520183265209198,0.3419724106788635
3,186,P008_258_R2,P008,258,2,1,0,1,0,0,0.885417,0.3760942816734314,0.3776771128177643,0.2462286353111267
3,187,P008_258_R3,P008,258,3,1,0,0,0,0,1.0,0.4787084460258484,0.4389182925224304,0.08237326890230179
3,188,P008_258_R4,P008,258,4,1,0,1,0,0,0.989583,0.23523178696632385,0.4511299133300781,0.3136383295059204
3,189,P008_258_R5,P008,258,5,1,0,0,0,0,1.0,0.5029942989349365,0.43441241979599,0.06259328126907349
3,190,P008_762_R1,P008,762,1,4,2,2,0,2,0.885417,0.3550216257572174,0.23512513935565948,0.4098532497882843
3,191,P008_762_R2,P008,762,2,4,2,1,0,2,1.0,0.31082502007484436,0.4131091833114624,0.276065856218338
3,192,P008_762_R3,P008,762,3,4,2,1,0,2,0.979167,0.41917601227760315,0.46687331795692444,0.1139506921172142
3,193,P008_762_R4,P008,762,4,4,2,1,0,2,0.947917,0.2922106981277466,0.39223384857177734,0.3155554234981537
3,194,P008_762_R5,P008,762,5,4,2,1,0,2,0.947917,0.29930421710014343,0.3530207872390747,0.3476749658584595
3,195,P008_893_R1,P008,893,1,4,2,1,0,2,0.958333,0.32866227626800537,0.36457669734954834,0.3067610561847687
3,196,P008_893_R2,P008,893,2,4,2,2,0,2,0.958333,0.21993698179721832,0.3271189332008362,0.4529440999031067
3,197,P008_893_R3,P008,893,3,4,2,0,0,2,0.833333,0.39935529232025146,0.33406350016593933,0.26658114790916443
3,198,P008_893_R4,P008,893,4,4,2,1,0,2,0.979167,0.19302116334438324,0.40772515535354614,0.3992536962032318
3,199,P008_893_R5,P008,893,5,4,2,1,0,2,0.9375,0.28914886713027954,0.4395745098590851,0.2712766230106354
3,300,P014_453_R1,P014,453,1,2,0,0,0,0,1.0,0.7085028886795044,0.2706616520881653,0.020835477858781815
3,301,P014_453_R2,P014,453,2,2,0,0,0,0,1.0,0.7044121026992798,0.2815098166465759,0.014078107662498951
3,302,P014_453_R3,P014,453,3,2,0,0,0,0,1.0,0.628287672996521,0.36554431915283203,0.00616794778034091
3,303,P014_453_R4,P014,453,4,2,0,0,0,0,1.0,0.7152248620986938,0.28332090377807617,0.0014542361022904515
3,304,P014_453_R5,P014,453,5,2,0,0,0,0,0.989583,0.6815780401229858,0.31630614399909973,0.002115864772349596
3,305,P014_189_R1,P014,189,1,3,1,0,0,1,1.0,0.581864595413208,0.4037313759326935,0.01440406870096922
3,306,P014_189_R2,P014,189,2,3,1,0,0,1,1.0,0.7109161019325256,0.2882835566997528,0.000800384150352329
3,307,P014_189_R3,P014,189,3,3,1,0,0,1,1.0,0.6918079853057861,0.30121707916259766,0.006974999327212572
3,308,P014_189_R4,P014,189,4,3,1,0,0,1,1.0,0.7077129483222961,0.2909889221191406,0.0012981729814782739
3,309,P014_189_R5,P014,189,5,3,1,0,0,1,0.916667,0.7512484192848206,0.24752071499824524,0.001230865716934204
3,310,P014_258_R1,P014,258,1,1,0,0,0,0,1.0,0.7106096148490906,0.28582197427749634,0.003568383166566491
3,311,P014_258_R2,P014,258,2,1,0,0,0,0,1.0,0.738460898399353,0.2601936161518097,0.0013454579748213291
3,312,P014_258_R3,P014,258,3,1,0,0,0,0,0.979167,0.6939445734024048,0.3031010329723358,0.0029544124845415354
3,313,P014_258_R4,P014,258,4,1,0,0,0,0,0.989583,0.6191257238388062,0.3678474724292755,0.013026803731918335
3,314,P014_258_R5,P014,258,5,1,0,0,0,0,1.0,0.5989522933959961,0.38090500235557556,0.02014278993010521
3,315,P014_762_R1,P014,762,1,3,1,0,0,2,0.989583,0.7164745926856995,0.27873694896698,0.00478849234059453
3,316,P014_762_R2,P014,762,2,3,1,0,0,2,1.0,0.6605037450790405,0.3352242708206177,0.004272013902664185
3,317,P014_762_R3,P014,762,3,3,1,0,0,2,0.979167,0.662629246711731,0.33156314492225647,0.005807592533528805
3,318,P014_762_R4,P014,762,4,3,1,0,0,2,1.0,0.6557630896568298,0.34006932377815247,0.004167655482888222
3,319,P014_762_R5,P014,762,5,3,1,0,0,2,0.989583,0.6621889472007751,0.3348242938518524,0.00298682926222682
3,320,P014_893_R1,P014,893,1,4,2,0,0,2,1.0,0.7218853235244751,0.2737710773944855,0.004343532957136631
3,321,P014_893_R2,P014,893,2,4,2,0,0,2,0.958333,0.6810169816017151,0.3174588680267334,0.0015241100918501616
3,322,P014_893_R3,P014,893,3,4,2,0,0,2,0.947917,0.7770922780036926,0.22240854799747467,0.0004991281894035637
3,323,P014_893_R4,P014,893,4,4,2,0,0,2,1.0,0.6134495139122009,0.38260236382484436,0.003948048688471317
3,324,P014_893_R5,P014,893,5,4,2,0,0,2,1.0,0.8130761384963989,0.1867043375968933,0.00021954935800749809
3,600,P027_189_R1,P027,189,1,3,1,1,0,1,1.0,0.39632299542427063,0.5297079682350159,0.07396899908781052
3,601,P027_189_R2,P027,189,2,3,1,1,0,1,1.0,0.2990059554576874,0.5009009838104248,0.20009306073188782
3,602,P027_189_R3,P027,189,3,3,1,0,0,1,0.729167,0.48729631304740906,0.4523382782936096,0.060365404933691025
3,603,P027_189_R4,P027,189,4,3,1,1,0,1,1.0,0.4083936810493469,0.4927669167518616,0.09883946925401688
3,604,P027_189_R5,P027,189,5,3,1,0,0,1,0.947917,0.47156184911727905,0.4399266541004181,0.08851147443056107
3,605,P027_762_R1,P027,762,1,3,1,1,0,2,0.833333,0.42795559763908386,0.43370285630226135,0.1383415311574936
3,606,P027_762_R2,P027,762,2,3,1,1,0,2,0.875,0.3596126139163971,0.42266911268234253,0.21771828830242157
3,607,P027_762_R3,P027,762,3,3,1,0,0,2,0.979167,0.43483126163482666,0.41447073221206665,0.1506979912519455
3,608,P027_762_R4,P027,762,4,3,1,0,0,2,1.0,0.47969692945480347,0.4605270028114319,0.05977606773376465
3,609,P027_762_R5,P027,762,5,3,1,1,0,2,1.0,0.39203545451164246,0.5374777317047119,0.07048684358596802
3,610,P027_453_R1,P027,453,1,1,0,1,0,0,0.96875,0.4559056758880615,0.4770471453666687,0.0670471340417862
3,611,P027_453_R2,P027,453,2,1,0,0,0,0,1.0,0.5843174457550049,0.3979678153991699,0.017714736983180046
3,612,P027_453_R3,P027,453,3,1,0,1,0,0,0.927083,0.3203237056732178,0.44190600514411926,0.23777025938034058
3,613,P027_453_R4,P027,453,4,1,0,1,0,0,1.0,0.43648797273635864,0.4944206774234772,0.06909142434597015
3,614,P027_453_R5,P027,453,5,1,0,1,0,0,0.989583,0.3687478303909302,0.47820931673049927,0.15304288268089294
3,615,P027_893_R1,P027,893,1,3,1,1,0,2,1.0,0.41666844487190247,0.4580308496952057,0.12530070543289185
3,616,P027_893_R2,P027,893,2,3,1,0,0,2,0.760417,0.530360996723175,0.37043169140815735,0.099207304418087
3,617,P027_893_R3,P027,893,3,3,1,1,0,2,0.90625,0.398865669965744,0.4721461832523346,0.1289881467819214
3,618,P027_893_R4,P027,893,4,3,1,0,0,2,0.90625,0.5429951548576355,0.40861988067626953,0.04838503152132034
3,619,P027_893_R5,P027,893,5,3,1,1,0,2,0.989583,0.42994585633277893,0.46837303042411804,0.10168115794658661
3,620,P027_258_R1,P027,258,1,1,0,0,0,0,0.791667,0.5135701894760132,0.44116902351379395,0.045260731130838394
3,621,P027_258_R2,P027,258,2,1,0,0,0,0,0.864583,0.602889358997345,0.3903147578239441,0.006795865949243307
3,622,P027_258_R3,P027,258,3,1,0,0,0,0,0.864583,0.5643872022628784,0.4209664463996887,0.014646363444626331
3,623,P027_258_R4,P027,258,4,1,0,0,0,0,1.0,0.4818142056465149,0.4522148072719574,0.06597095727920532
3,624,P027_258_R5,P027,258,5,1,0,1,0,0,1.0,0.4533246159553528,0.5174735188484192,0.02920188009738922
4,0,P001_258_R1,P001,258,1,1,0,1,0,0,0.854167,0.19783443212509155,0.6014901399612427,0.20067547261714935
4,1,P001_258_R2,P001,258,2,1,0,1,0,0,0.96875,0.28538358211517334,0.5069640874862671,0.20765233039855957
4,2,P001_258_R3,P001,258,3,1,0,1,0,0,0.958333,0.24385301768779755,0.663047194480896,0.09309979528188705
4,3,P001_258_R4,P001,258,4,1,0,1,0,0,0.927083,0.2747769355773926,0.5743351578712463,0.1508878916501999
4,4,P001_258_R5,P001,258,5,1,0,1,0,0,0.864583,0.2883723974227905,0.43329936265945435,0.27832821011543274
4,5,P001_453_R1,P001,453,1,2,0,1,0,0,0.90625,0.33511796593666077,0.4817267656326294,0.18315528333187103
4,6,P001_453_R2,P001,453,2,2,0,1,0,0,0.875,0.3049289286136627,0.5577595829963684,0.1373114436864853
4,7,P001_453_R3,P001,453,3,2,0,1,0,0,0.916667,0.3634907901287079,0.39476948976516724,0.24173972010612488
4,8,P001_453_R4,P001,453,4,2,0,1,0,0,0.927083,0.4040173888206482,0.4446544051170349,0.15132825076580048
4,9,P001_453_R5,P001,453,5,2,0,2,0,0,0.90625,0.2858245074748993,0.31194600462913513,0.40222954750061035
4,10,P001_189_R1,P001,189,1,3,1,1,0,1,1.0,0.35142582654953003,0.5021736025810242,0.146400585770607
4,11,P001_189_R2,P001,189,2,3,1,1,0,1,0.90625,0.293619304895401,0.5362357497215271,0.1701449304819107
4,12,P001_189_R3,P001,189,3,3,1,1,0,1,0.958333,0.3788145184516907,0.4307798445224762,0.19040560722351074
4,13,P001_189_R4,P001,189,4,3,1,1,0,1,0.90625,0.3815929591655731,0.4542211890220642,0.16418591141700745
4,14,P001_189_R5,P001,189,5,3,1,1,0,1,1.0,0.3469848930835724,0.51629638671875,0.1367187201976776
4,15,P001_893_R1,P001,893,1,4,2,1,0,2,0.895833,0.25818920135498047,0.5729799866676331,0.1688307821750641
4,16,P001_893_R2,P001,893,2,4,2,1,0,2,0.9375,0.34552109241485596,0.48529109358787537,0.16918782889842987
4,17,P001_893_R3,P001,893,3,4,2,1,0,2,0.947917,0.3956471383571625,0.4502359926700592,0.1541169136762619
4,18,P001_893_R4,P001,893,4,4,2,1,0,2,1.0,0.3546677529811859,0.46714910864830017,0.1781831830739975
4,19,P001_893_R5,P001,893,5,4,2,1,0,2,1.0,0.39176684617996216,0.4258582293987274,0.18237490952014923
4,20,P001_762_R1,P001,762,1,3,1,2,0,1,0.9375,0.24817100167274475,0.332793653011322,0.419035404920578
4,21,P001_762_R2,P001,762,2,3,1,1,0,1,0.791667,0.26038721203804016,0.40733927488327026,0.3322734534740448
4,22,P001_762_R3,P001,762,3,3,1,1,0,1,1.0,0.31084632873535156,0.48934924602508545,0.1998043954372406
4,23,P001_762_R4,P001,762,4,3,1,2,0,1,1.0,0.345890611410141,0.2879287302494049,0.3661806285381317
4,24,P001_762_R5,P001,762,5,3,1,1,0,1,0.875,0.38646379113197327,0.43931037187576294,0.1742258071899414
4,200,P009_189_R1,P009,189,1,3,1,2,0,1,0.979167,0.23894338309764862,0.11434593051671982,0.6467106938362122
4,201,P009_189_R2,P009,189,2,3,1,2,0,1,0.979167,0.2979956269264221,0.16878731548786163,0.5332170724868774
4,202,P009_189_R3,P009,189,3,3,1,2,0,1,0.96875,0.2554093301296234,0.13306862115859985,0.6115220785140991
4,203,P009_189_R4,P009,189,4,3,1,2,0,1,0.979167,0.32910051941871643,0.21128161251544952,0.45961782336235046
4,204,P009_189_R5,P009,189,5,3,1,2,0,1,1.0,0.37119078636169434,0.24138803780078888,0.3874211609363556
4,205,P009_762_R1,P009,762,1,4,2,2,0,1,0.989583,0.2582242786884308,0.12438315898180008,0.6173925399780273
4,206,P009_762_R2,P009,762,2,4,2,2,0,1,1.0,0.323712021112442,0.16672025620937347,0.5095676779747009
4,207,P009_762_R3,P009,762,3,4,2,0,0,1,0.958333,0.562442421913147,0.2817877233028412,0.15576986968517303
4,208,P009_762_R4,P009,762,4,4,2,0,0,1,0.947917,0.5562909841537476,0.3214491307735443,0.12225987017154694
4,209,P009_762_R5,P009,762,5,4,2,2,0,1,0.989583,0.39585474133491516,0.1998661905527115,0.40427902340888977
4,210,P009_453_R1,P009,453,1,2,0,2,0,0,1.0,0.27197709679603577,0.1327209770679474,0.5953019261360168
4,211,P009_453_R2,P009,453,2,2,0,2,0,0,1.0,0.2415246218442917,0.08923140913248062,0.6692439317703247
4,212,P009_453_R3,P009,453,3,2,0,2,0,0,0.96875,0.2676562964916229,0.14673882722854614,0.5856049060821533
4,213,P009_453_R4,P009,453,4,2,0,0,0,0,0.958333,0.5356930494308472,0.3165194094181061,0.14778752624988556
4,214,P009_453_R5,P009,453,5,2,0,0,0,0,0.90625,0.5007612109184265,0.4133564531803131,0.085882268846035
4,215,P009_893_R1,P009,893,1,5,2,1,0,2,0.947917,0.37534937262535095,0.38651609420776367,0.23813459277153015
4,216,P009_893_R2,P009,893,2,5,2,2,0,2,1.0,0.3456434905529022,0.16708022356033325,0.4872763156890869
4,217,P009_893_R3,P009,893,3,5,2,1,0,2,0.947917,0.3745627999305725,0.43047022819519043,0.19496695697307587
4,218,P009_893_R4,P009,893,4,5,2,0,0,2,0.947917,0.3946462869644165,0.2404487580060959,0.3649049401283264
4,219,P009_258_R1,P009,258,1,1,0,0,0,0,1.0,0.45105352997779846,0.19094400107860565,0.3580024540424347
4,220,P009_258_R2,P009,258,2,1,0,0,0,0,0.947917,0.4299049377441406,0.23308178782463074,0.337013304233551
4,221,P009_258_R3,P009,258,3,1,0,0,0,0,1.0,0.44831937551498413,0.22674894332885742,0.32493171095848083
4,222,P009_258_R4,P009,258,4,1,0,0,0,0,1.0,0.5808409452438354,0.2996915876865387,0.11946744471788406
4,223,P009_258_R5,P009,258,5,1,0,0,0,0,0.895833,0.5412998199462891,0.39273640513420105,0.06596379727125168
4,224,P009_893_R5,P009,893,5,5,2,2,0,2,1.0,0.34176042675971985,0.23391908407211304,0.42432042956352234
4,400,P018_258_R1,P018,258,1,1,0,1,0,0,0.895833,0.41390934586524963,0.5001562833786011,0.08593438565731049
4,401,P018_258_R2,P018,258,2,1,0,0,0,0,1.0,0.4679813086986542,0.4073764979839325,0.1246422603726387
4,402,P018_258_R3,P018,258,3,1,0,1,0,0,0.895833,0.4530469477176666,0.47972503304481506,0.06722795218229294
4,403,P018_258_R4,P018,258,4,1,0,1,0,0,0.84375,0.3285885751247406,0.5886156558990479,0.08279580622911453
4,404,P018_258_R5,P018,258,5,1,0,1,0,0,0.916667,0.433716744184494,0.5001876354217529,0.06609564274549484
4,405,P018_893_R1,P018,893,1,4,2,1,0,2,0.854167,0.3593713343143463,0.5652250647544861,0.07540363073348999
4,406,P018_893_R2,P018,893,2,4,2,1,0,2,0.885417,0.450090616941452,0.46503832936286926,0.08487102389335632
4,407,P018_893_R3,P018,893,3,4,2,1,0,2,1.0,0.3728039860725403,0.523149311542511,0.10404674708843231
4,408,P018_893_R4,P018,893,4,4,2,1,0,2,0.833333,0.3439527451992035,0.5226529240608215,0.13339433073997498
4,409,P018_893_R5,P018,893,5,4,2,1,0,2,1.0,0.40650975704193115,0.5357933044433594,0.05769694596529007
4,410,P018_453_R1,P018,453,1,3,1,1,0,0,0.90625,0.3950297236442566,0.5218209624290466,0.08314931392669678
4,411,P018_453_R2,P018,453,2,3,1,1,0,0,0.833333,0.36728259921073914,0.580000638961792,0.052716828882694244
4,412,P018_453_R3,P018,453,3,3,1,1,0,0,0.90625,0.3763430714607239,0.5200285315513611,0.10362838953733444
4,413,P018_453_R4,P018,453,4,3,1,0,0,0,0.979167,0.47725343704223633,0.4445762038230896,0.07817042618989944
4,414,P018_453_R5,P018,453,5,3,1,1,0,0,0.895833,0.3707238733768463,0.5541554689407349,0.07512068003416061
4,415,P018_762_R1,P018,762,1,4,2,1,0,1,0.96875,0.40090373158454895,0.5226061344146729,0.0764901340007782
4,416,P018_762_R2,P018,762,2,4,2,1,0,1,0.979167,0.31751495599746704,0.48331719636917114,0.19916780292987823
4,417,P018_762_R3,P018,762,3,4,2,0,0,1,0.947917,0.4876720607280731,0.39772647619247437,0.11460143327713013
4,418,P018_762_R4,P018,762,4,4,2,0,0,1,0.947917,0.45969176292419434,0.4489896893501282,0.0913185179233551
4,419,P018_762_R5,P018,762,5,4,2,1,0,1,0.96875,0.3971107304096222,0.5353211164474487,0.06756816804409027
4,420,P018_189_R1,P018,189,1,3,1,1,0,1,0.96875,0.2937401235103607,0.5724607110023499,0.13379918038845062
4,421,P018_189_R2,P018,189,2,3,1,1,0,1,1.0,0.4318707287311554,0.5181224942207336,0.050006795674562454
4,422,P018_189_R3,P018,189,3,3,1,2,0,1,0.96875,0.2842174172401428,0.23642681539058685,0.47935575246810913
4,423,P018_189_R4,P018,189,4,3,1,0,0,1,0.916667,0.507989227771759,0.4172258973121643,0.07478487491607666
4,424,P018_189_R5,P018,189,5,3,1,1,0,1,0.9375,0.3495135009288788,0.5530041456222534,0.09748241305351257
4,475,P021_189_R1,P021,189,1,4,2,2,0,1,0.90625,0.18075835704803467,0.2125951647758484,0.6066464781761169
4,476,P021_189_R2,P021,189,2,4,2,1,0,1,0.791667,0.22110925614833832,0.4202044904232025,0.358686238527298
4,477,P021_189_R3,P021,189,3,4,2,1,0,1,1.0,0.333495557308197,0.35351988673210144,0.31298452615737915
4,478,P021_189_R4,P021,189,4,4,2,1,0,1,0.802083,0.3184208273887634,0.4078553020954132,0.27372390031814575
4,479,P021_189_R5,P021,189,5,4,2,1,0,1,0.739583,0.3739219903945923,0.4401469826698303,0.1859310269355774
4,480,P021_762_R1,P021,762,1,4,2,1,0,1,0.791667,0.2649408280849457,0.4530235528945923,0.28203558921813965
4,481,P021_762_R2,P021,762,2,4,2,1,0,1,0.84375,0.3532216250896454,0.4037185311317444,0.24305982887744904
4,482,P021_762_R3,P021,762,3,4,2,1,0,1,0.84375,0.30120113492012024,0.3672645390033722,0.33153432607650757
4,483,P021_762_R4,P021,762,4,4,2,2,0,1,0.947917,0.2687687277793884,0.36338481307029724,0.36784642934799194
4,484,P021_762_R5,P021,762,5,4,2,2,0,1,0.854167,0.21236610412597656,0.3023630380630493,0.48527076840400696
4,485,P021_453_R1,P021,453,1,2,0,1,0,0,0.958333,0.3309692144393921,0.36566829681396484,0.3033624589443207
4,486,P021_453_R2,P021,453,2,2,0,2,0,0,0.885417,0.18660205602645874,0.3120902478694916,0.5013077259063721
4,487,P021_453_R3,P021,453,3,2,0,0,0,0,0.84375,0.4016881287097931,0.3909953236579895,0.2073165774345398
4,488,P021_453_R4,P021,453,4,2,0,2,0,0,0.989583,0.2829839289188385,0.3262728154659271,0.3907431960105896
4,489,P021_453_R5,P021,453,5,2,0,2,0,0,0.989583,0.227337047457695,0.23661062121391296,0.5360522866249084
4,490,P021_893_R1,P021,893,1,5,2,1,0,2,0.875,0.2942572236061096,0.42714154720306396,0.2786012291908264
4,491,P021_893_R2,P021,893,2,5,2,2,0,2,1.0,0.26511260867118835,0.3593035638332367,0.3755838871002197
4,492,P021_893_R3,P021,893,3,5,2,1,0,2,0.927083,0.34321141242980957,0.4231754541397095,0.23361313343048096
4,493,P021_893_R4,P021,893,4,5,2,2,0,2,0.947917,0.21130968630313873,0.32268887758255005,0.4660014808177948
4,494,P021_893_R5,P021,893,5,5,2,2,0,2,0.989583,0.25754407048225403,0.2458435297012329,0.49661239981651306
4,495,P021_258_R1,P021,258,1,1,0,0,0,0,0.947917,0.4743855893611908,0.3385615646839142,0.1870528906583786
4,496,P021_258_R2,P021,258,2,1,0,2,0,0,1.0,0.2722853422164917,0.3053849935531616,0.42232969403266907
4,497,P021_258_R3,P021,258,3,1,0,2,0,0,1.0,0.2097187489271164,0.2461373656988144,0.5441438555717468
4,498,P021_258_R4,P021,258,4,1,0,2,0,0,0.927083,0.1690210998058319,0.2285822629928589,0.6023966073989868
4,499,P021_258_R5,P021,258,5,1,0,2,0,0,0.90625,0.27640411257743835,0.316144198179245,0.40745171904563904
4,625,P028_762_R1,P028,762,1,3,1,2,0,1,0.96875,0.28566038608551025,0.19653156399726868,0.5178080201148987
4,626,P028_762_R2,P028,762,2,3,1,0,0,1,1.0,0.49751225113868713,0.2535225450992584,0.24896521866321564
4,627,P028_762_R3,P028,762,3,3,1,0,0,1,0.979167,0.4151407480239868,0.2502908706665039,0.33456841111183167
4,628,P028_762_R4,P028,762,4,3,1,0,0,1,1.0,0.5766068696975708,0.25767794251441956,0.16571524739265442
4,629,P028_762_R5,P028,762,5,3,1,0,0,1,0.96875,0.48976340889930725,0.28546565771102905,0.2247709333896637
4,630,P028_893_R1,P028,893,1,3,1,0,0,2,1.0,0.5288607478141785,0.34154459834098816,0.12959472835063934
4,631,P028_893_R2,P028,893,2,3,1,0,0,2,1.0,0.4736286699771881,0.3051001727581024,0.22127114236354828
4,632,P028_893_R3,P028,893,3,3,1,0,0,2,0.96875,0.5051360130310059,0.28984707593917847,0.2050168514251709
4,633,P028_893_R4,P028,893,4,3,1,0,0,2,0.989583,0.45869773626327515,0.26407182216644287,0.2772304117679596
4,634,P028_893_R5,P028,893,5,3,1,0,0,2,0.947917,0.4415009915828705,0.3133045434951782,0.24519449472427368
4,635,P028_189_R1,P028,189,1,2,0,0,0,1,1.0,0.5361297130584717,0.2321227490901947,0.23174752295017242
4,636,P028_189_R2,P028,189,2,2,0,0,0,1,1.0,0.5357173681259155,0.2431984394788742,0.22108416259288788
4,637,P028_189_R3,P028,189,3,2,0,0,0,1,1.0,0.5156661868095398,0.2611951231956482,0.2231387197971344
4,638,P028_189_R4,P028,189,4,2,0,0,0,1,0.989583,0.4439343810081482,0.24994951486587524,0.30611613392829895
4,639,P028_189_R5,P028,189,5,2,0,0,0,1,1.0,0.4114692211151123,0.25139015913009644,0.33714061975479126
4,640,P028_453_R1,P028,453,1,3,1,2,0,0,1.0,0.3751232624053955,0.22688204050064087,0.39799463748931885
4,641,P028_453_R2,P028,453,2,3,1,2,0,0,0.989583,0.31682223081588745,0.2763882577419281,0.40678951144218445
4,642,P028_453_R3,P028,453,3,3,1,2,0,0,1.0,0.28218916058540344,0.189888134598732,0.5279226899147034
4,643,P028_453_R4,P028,453,4,3,1,0,0,0,0.989583,0.3822128474712372,0.2657935917377472,0.3519935607910156
4,644,P028_453_R5,P028,453,5,3,1,0,0,0,0.96875,0.4301525950431824,0.306466668844223,0.2633807361125946
4,645,P028_258_R1,P028,258,1,1,0,0,0,0,1.0,0.4742165505886078,0.2846408486366272,0.24114255607128143
4,646,P028_258_R2,P028,258,2,1,0,0,0,0,1.0,0.36042675375938416,0.2949988543987274,0.3445744216442108
4,647,P028_258_R3,P028,258,3,1,0,2,0,0,1.0,0.26129743456840515,0.21343539655208588,0.5252671837806702
4,648,P028_258_R4,P028,258,4,1,0,0,0,0,0.989583,0.3696999251842499,0.26472267508506775,0.36557748913764954
4,649,P028_258_R5,P028,258,5,1,0,2,0,0,1.0,0.3160979449748993,0.22320161759853363,0.4607003927230835
5,100,P005_893_R1,P005,893,1,3,1,2,0,2,0.90625,0.34984368085861206,0.2301596701145172,0.4199966490268707
5,101,P005_893_R2,P005,893,2,3,1,2,0,2,0.947917,0.23232702910900116,0.03900352865457535,0.7286694049835205
5,102,P005_893_R3,P005,893,3,3,1,2,0,2,1.0,0.3299673795700073,0.06510251760482788,0.6049301624298096
5,103,P005_893_R4,P005,893,4,3,1,2,0,2,0.979167,0.4050588309764862,0.16838906705379486,0.42655205726623535
5,104,P005_893_R5,P005,893,5,3,1,2,0,2,0.96875,0.3467743694782257,0.24998685717582703,0.40323880314826965
5,105,P005_762_R1,P005,762,1,3,1,0,0,1,0.96875,0.35185474157333374,0.32895752787590027,0.31918779015541077
5,106,P005_762_R2,P005,762,2,3,1,2,0,1,0.916667,0.33882325887680054,0.22162525355815887,0.43955153226852417
5,107,P005_762_R3,P005,762,3,3,1,1,0,1,0.947917,0.34977391362190247,0.39509251713752747,0.25513356924057007
5,108,P005_762_R4,P005,762,4,3,1,1,0,1,0.979167,0.38932687044143677,0.473139226436615,0.13753390312194824
5,109,P005_762_R5,P005,762,5,3,1,1,0,1,0.96875,0.3938714861869812,0.40436965227127075,0.20175880193710327
5,110,P005_258_R1,P005,258,1,1,0,2,0,0,0.958333,0.40587466955184937,0.14937931299209595,0.4447460174560547
5,111,P005_258_R2,P005,258,2,1,0,2,0,0,0.947917,0.2710372507572174,0.08701024949550629,0.6419525146484375
5,112,P005_258_R3,P005,258,3,1,0,2,0,0,0.958333,0.37015432119369507,0.24429963529109955,0.3855459988117218
5,113,P005_258_R4,P005,258,4,1,0,0,0,0,0.96875,0.3843032121658325,0.3610960841178894,0.25460076332092285
5,114,P005_258_R5,P005,258,5,1,0,0,0,0,1.0,0.4608246088027954,0.3191455900669098,0.2200298309326172
5,115,P005_189_R1,P005,189,1,3,1,2,0,1,0.8125,0.3636639714241028,0.11258533596992493,0.5237507224082947
5,116,P005_189_R2,P005,189,2,3,1,0,0,1,1.0,0.5003737211227417,0.20268034934997559,0.2969459891319275
5,117,P005_189_R3,P005,189,3,3,1,0,0,1,0.885417,0.36468175053596497,0.345551073551178,0.28976720571517944
5,118,P005_189_R4,P005,189,4,3,1,0,0,1,0.96875,0.4750603437423706,0.33983391523361206,0.18510566651821136
5,119,P005_189_R5,P005,189,5,3,1,0,0,1,0.989583,0.40654876828193665,0.37824344635009766,0.2152077555656433
5,120,P005_453_R1,P005,453,1,2,0,0,0,0,0.96875,0.42944034934043884,0.2256147414445877,0.34494495391845703
5,121,P005_453_R2,P005,453,2,2,0,2,0,0,0.885417,0.28195080161094666,0.3112473487854004,0.40680187940597534
5,122,P005_453_R3,P005,453,3,2,0,1,0,0,0.9375,0.3794688880443573,0.47346827387809753,0.14706282317638397
5,123,P005_453_R4,P005,453,4,2,0,0,0,0,0.979167,0.5002076029777527,0.3032839000225067,0.19650842249393463
5,124,P005_453_R5,P005,453,5,2,0,1,0,0,0.770833,0.23378928005695343,0.5136874318122864,0.252523273229599
5,225,P010_762_R1,P010,762,1,3,1,1,0,1,0.916667,0.2641166150569916,0.36857035756111145,0.367313027381897
5,226,P010_762_R2,P010,762,2,3,1,1,0,1,0.958333,0.2747816741466522,0.44653061032295227,0.2786877453327179
5,227,P010_762_R3,P010,762,3,3,1,1,0,1,0.96875,0.2885107398033142,0.3699004352092743,0.3415888547897339
5,228,P010_762_R4,P010,762,4,3,1,1,0,1,0.927083,0.24517294764518738,0.40141627192497253,0.3534107208251953
5,229,P010_762_R5,P010,762,5,3,1,1,0,1,1.0,0.3043919801712036,0.46260866522789,0.23299936950206757
5,230,P010_893_R1,P010,893,1,4,2,1,0,2,0.96875,0.24766281247138977,0.4227377772331238,0.32959944009780884
5,231,P010_893_R2,P010,893,2,4,2,2,0,2,0.947917,0.26519250869750977,0.34941354393959045,0.3853939175605774
5,232,P010_893_R3,P010,893,3,4,2,1,0,2,0.927083,0.26015153527259827,0.45819368958473206,0.28165480494499207
5,233,P010_893_R4,P010,893,4,4,2,1,0,2,1.0,0.28063827753067017,0.47043880820274353,0.2489229440689087
5,234,P010_893_R5,P010,893,5,4,2,1,0,2,0.947917,0.24802996218204498,0.4401334822177887,0.3118365406990051
5,235,P010_189_R1,P010,189,1,2,0,1,0,1,0.979167,0.2614988386631012,0.4084930717945099,0.33000802993774414
5,236,P010_189_R2,P010,189,2,2,0,1,0,1,0.96875,0.27580347657203674,0.41167452931404114,0.31252196431159973
5,237,P010_189_R3,P010,189,3,2,0,1,0,1,1.0,0.35818856954574585,0.40529462695121765,0.23651686310768127
5,238,P010_189_R4,P010,189,4,2,0,1,0,1,0.989583,0.29869765043258667,0.4496523439884186,0.25165000557899475
5,239,P010_189_R5,P010,189,5,2,0,1,0,1,0.958333,0.2751822769641876,0.4633300006389618,0.26148778200149536
5,240,P010_453_R1,P010,453,1,2,0,1,0,0,0.947917,0.24915984272956848,0.4875345826148987,0.26330551505088806
5,241,P010_453_R2,P010,453,2,2,0,1,0,0,1.0,0.33761274814605713,0.40439608693122864,0.25799110531806946
5,242,P010_453_R3,P010,453,3,2,0,1,0,0,0.916667,0.2546297013759613,0.44196173548698425,0.30340853333473206
5,243,P010_453_R4,P010,453,4,2,0,1,0,0,1.0,0.2934160828590393,0.5135872960090637,0.19299666583538055
5,244,P010_453_R5,P010,453,5,2,0,1,0,0,1.0,0.3255704939365387,0.38036224246025085,0.29406723380088806
5,245,P010_258_R1,P010,258,1,1,0,1,0,0,0.947917,0.2605709731578827,0.39338505268096924,0.34604400396347046
5,246,P010_258_R2,P010,258,2,1,0,1,0,0,1.0,0.2816379964351654,0.4689010977745056,0.24946089088916779
5,247,P010_258_R3,P010,258,3,1,0,1,0,0,1.0,0.3179267942905426,0.4240711033344269,0.2580021321773529
5,248,P010_258_R4,P010,258,4,1,0,1,0,0,0.989583,0.28802868723869324,0.4955523908138275,0.21641890704631805
5,249,P010_258_R5,P010,258,5,1,0,1,0,0,1.0,0.28838250041007996,0.45697399973869324,0.2546435296535492
5,275,P013_258_R1,P013,258,1,1,0,1,0,0,1.0,0.38316476345062256,0.4681811034679413,0.14865413308143616
5,276,P013_258_R2,P013,258,2,1,0,1,0,0,1.0,0.3975219428539276,0.4291262924671173,0.17335177958011627
5,277,P013_258_R3,P013,258,3,1,0,1,0,0,0.989583,0.3605120778083801,0.5334480404853821,0.106039859354496
5,278,P013_258_R4,P013,258,4,1,0,1,0,0,1.0,0.4581547975540161,0.46314769983291626,0.07869754731655121
5,279,P013_258_R5,P013,258,5,1,0,1,0,0,1.0,0.2916063368320465,0.37423035502433777,0.3341633081436157
5,280,P013_453_R1,P013,453,1,3,1,1,0,0,1.0,0.32298120856285095,0.4224255383014679,0.25459328293800354
5,281,P013_453_R2,P013,453,2,3,1,1,0,0,0.96875,0.28757810592651367,0.43003612756729126,0.28238576650619507
5,282,P013_453_R3,P013,453,3,3,1,1,0,0,1.0,0.3494558334350586,0.38671836256980896,0.26382583379745483
5,283,P013_453_R4,P013,453,4,3,1,1,0,0,0.958333,0.29882025718688965,0.4637712836265564,0.23740850389003754
5,284,P013_453_R5,P013,453,5,3,1,1,0,0,1.0,0.32819879055023193,0.42869850993156433,0.24310268461704254
5,285,P013_189_R1,P013,189,1,4,2,1,0,1,1.0,0.3596816062927246,0.3967350125312805,0.24358344078063965
5,286,P013_189_R2,P013,189,2,4,2,1,0,1,0.947917,0.27089768648147583,0.4645923972129822,0.2645098865032196
5,287,P013_189_R3,P013,189,3,4,2,1,0,1,0.989583,0.31517839431762695,0.5177018046379089,0.1671198457479477
5,288,P013_189_R4,P013,189,4,4,2,1,0,1,1.0,0.29073065519332886,0.38504788279533386,0.32422149181365967
5,289,P013_189_R5,P013,189,5,4,2,1,0,1,1.0,0.3070606589317322,0.35800686478614807,0.334932416677475
5,290,P013_893_R1,P013,893,1,5,2,1,0,2,0.979167,0.29602181911468506,0.40285784006118774,0.3011203706264496
5,291,P013_893_R2,P013,893,2,5,2,1,0,2,1.0,0.3180828094482422,0.47726503014564514,0.20465214550495148
5,292,P013_893_R3,P013,893,3,5,2,1,0,2,1.0,0.29942455887794495,0.40723735094070435,0.2933381199836731
5,293,P013_893_R4,P013,893,4,5,2,1,0,2,1.0,0.32078099250793457,0.36103931069374084,0.31817975640296936
5,294,P013_893_R5,P013,893,5,5,2,1,0,2,1.0,0.3076528310775757,0.37526723742485046,0.31707996129989624
5,295,P013_762_R1,P013,762,1,5,2,1,0,1,0.96875,0.3069972097873688,0.39870089292526245,0.29430192708969116
5,296,P013_762_R2,P013,762,2,5,2,1,0,1,0.9375,0.23057447373867035,0.41205984354019165,0.3573656678199768
5,297,P013_762_R3,P013,762,3,5,2,1,0,1,1.0,0.37982767820358276,0.47927606105804443,0.14089633524417877
5,298,P013_762_R4,P013,762,4,5,2,1,0,1,0.979167,0.29489314556121826,0.3935074210166931,0.311599463224411
5,299,P013_762_R5,P013,762,5,5,2,1,0,1,1.0,0.29592522978782654,0.4200086295604706,0.2840661108493805
5,325,P015_189_R1,P015,189,1,3,1,2,0,1,1.0,0.3153073787689209,0.32547324895858765,0.35921940207481384
5,326,P015_189_R2,P015,189,2,3,1,2,0,1,1.0,0.3394649922847748,0.3033135235309601,0.35722148418426514
5,327,P015_189_R3,P015,189,3,3,1,2,0,1,0.989583,0.2863059937953949,0.2918210029602051,0.4218730032444
5,328,P015_189_R4,P015,189,4,3,1,2,0,1,1.0,0.3231513798236847,0.2719710171222687,0.40487760305404663
5,329,P015_189_R5,P015,189,5,3,1,2,0,1,1.0,0.3094344139099121,0.2728520333766937,0.41771355271339417
5,330,P015_762_R1,P015,762,1,4,2,2,0,1,1.0,0.33617761731147766,0.27957701683044434,0.3842453360557556
5,331,P015_762_R2,P015,762,2,4,2,2,0,1,1.0,0.2958744764328003,0.30946585536003113,0.39465972781181335
5,332,P015_762_R3,P015,762,3,4,2,2,0,1,1.0,0.330040842294693,0.19882652163505554,0.4711325764656067
5,333,P015_762_R4,P015,762,4,4,2,2,0,1,1.0,0.32391300797462463,0.2111058533191681,0.4649811089038849
5,334,P015_762_R5,P015,762,5,4,2,2,0,1,1.0,0.30636221170425415,0.16134260594844818,0.5322951078414917
5,335,P015_453_R1,P015,453,1,1,0,2,0,0,0.989583,0.28761816024780273,0.3311194181442261,0.3812624514102936
5,336,P015_453_R2,P015,453,2,1,0,2,0,0,0.927083,0.29444172978401184,0.305672824382782,0.39988550543785095
5,337,P015_453_R3,P015,453,3,1,0,2,0,0,1.0,0.32638484239578247,0.21277503669261932,0.460840106010437
5,338,P015_453_R4,P015,453,4,1,0,0,0,0,1.0,0.35634803771972656,0.3180745244026184,0.3255774676799774
5,339,P015_453_R5,P015,453,5,1,0,2,0,0,1.0,0.29270896315574646,0.23938123881816864,0.4679097831249237
5,340,P015_893_R1,P015,893,1,5,2,2,0,2,0.958333,0.28043097257614136,0.31614580750465393,0.4034232199192047
5,341,P015_893_R2,P015,893,2,5,2,2,0,2,0.875,0.2033281773328781,0.2739047110080719,0.5227670669555664
5,342,P015_893_R3,P015,893,3,5,2,2,0,2,1.0,0.3231646716594696,0.2826438248157501,0.39419153332710266
5,343,P015_893_R4,P015,893,4,5,2,2,0,2,0.9375,0.2569252550601959,0.3041382133960724,0.4389365613460541
5,344,P015_893_R5,P015,893,5,5,2,2,0,2,1.0,0.31968116760253906,0.2909772992134094,0.3893415331840515
5,345,P015_258_R1,P015,258,1,1,0,2,0,0,1.0,0.33099788427352905,0.2748512625694275,0.39415085315704346
5,346,P015_258_R2,P015,258,2,1,0,2,0,0,1.0,0.3280094265937805,0.28669533133506775,0.3852952718734741
5,347,P015_258_R3,P015,258,3,1,0,2,0,0,1.0,0.33848804235458374,0.25463366508483887,0.4068782925605774
5,348,P015_258_R4,P015,258,4,1,0,0,0,0,1.0,0.3398344814777374,0.33401766419410706,0.32614782452583313
5,349,P015_258_R5,P015,258,5,1,0,2,0,0,1.0,0.3413083255290985,0.25721222162246704,0.4014793634414673
5,500,P023_893_R1,P023,893,1,4,2,1,0,2,1.0,0.3656478524208069,0.43192967772483826,0.20242251455783844
5,501,P023_893_R2,P023,893,2,4,2,1,0,2,1.0,0.335515558719635,0.42739471793174744,0.23708976805210114
5,502,P023_893_R3,P023,893,3,4,2,1,0,2,1.0,0.2819020748138428,0.45542940497398376,0.26266852021217346
5,503,P023_893_R4,P023,893,4,4,2,1,0,2,1.0,0.25251680612564087,0.48057281970977783,0.2669103443622589
5,504,P023_893_R5,P023,893,5,4,2,1,0,2,1.0,0.2930039167404175,0.43187904357910156,0.27511700987815857
5,505,P023_762_R1,P023,762,1,3,1,1,0,1,1.0,0.2609917223453522,0.4983963072299957,0.2406119704246521
5,506,P023_762_R2,P023,762,2,3,1,1,0,1,1.0,0.28662076592445374,0.48140284419059753,0.23197637498378754
5,507,P023_762_R3,P023,762,3,3,1,1,0,1,0.989583,0.26226603984832764,0.5330855846405029,0.20464840531349182
5,508,P023_762_R4,P023,762,4,3,1,1,0,1,1.0,0.29676514863967896,0.4160824418067932,0.28715237975120544
5,509,P023_762_R5,P023,762,5,3,1,1,0,1,1.0,0.32817623019218445,0.3983873128890991,0.2734364867210388
5,510,P023_258_R1,P023,258,1,1,0,1,0,0,1.0,0.30297258496284485,0.4269085228443146,0.27011892199516296
5,511,P023_258_R2,P023,258,2,1,0,1,0,0,1.0,0.2420213371515274,0.5534176826477051,0.2045610100030899
5,512,P023_258_R3,P023,258,3,1,0,1,0,0,0.989583,0.30964359641075134,0.4022526144981384,0.28810375928878784
5,513,P023_258_R4,P023,258,4,1,0,1,0,0,1.0,0.3145189881324768,0.37792110443115234,0.30755993723869324
5,514,P023_258_R5,P023,258,5,1,0,0,0,0,0.989583,0.4156721532344818,0.2920546233654022,0.2922731935977936
5,515,P023_189_R1,P023,189,1,3,1,1,0,1,0.989583,0.26506537199020386,0.512417197227478,0.2225174456834793
5,516,P023_189_R2,P023,189,2,3,1,1,0,1,1.0,0.325357049703598,0.4814453721046448,0.19319753348827362
5,517,P023_189_R3,P023,189,3,3,1,0,0,1,0.979167,0.4458710849285126,0.3598667085170746,0.19426217675209045
5,518,P023_189_R4,P023,189,4,3,1,1,0,1,1.0,0.39720362424850464,0.41330331563949585,0.1894930750131607
5,519,P023_189_R5,P023,189,5,3,1,2,0,1,0.947917,0.30275991559028625,0.3412047326564789,0.35603538155555725
5,520,P023_453_R1,P023,453,1,1,0,0,0,0,1.0,0.4558868408203125,0.31740495562553406,0.22670815885066986
5,521,P023_453_R2,P023,453,2,1,0,1,0,0,1.0,0.3721432685852051,0.4066927134990692,0.22116400301456451
5,522,P023_453_R3,P023,453,3,1,0,0,0,0,1.0,0.395796000957489,0.2747032344341278,0.3295007348060608
5,523,P023_453_R4,P023,453,4,1,0,0,0,0,1.0,0.3954789638519287,0.31746456027030945,0.28705644607543945
5,524,P023_453_R5,P023,453,5,1,0,0,0,0,0.989583,0.4665290117263794,0.3098202347755432,0.22365069389343262
5,575,P026_453_R1,P026,453,1,1,0,0,0,0,0.895833,0.38571783900260925,0.3558970093727112,0.25838515162467957
5,576,P026_453_R2,P026,453,2,1,0,0,0,0,1.0,0.427922785282135,0.3833168148994446,0.18876034021377563
5,577,P026_453_R3,P026,453,3,1,0,0,0,0,0.989583,0.4038938283920288,0.3835277855396271,0.2125784158706665
5,578,P026_453_R4,P026,453,4,1,0,1,0,0,0.958333,0.3673305809497833,0.41235974431037903,0.22030967473983765
5,579,P026_453_R5,P026,453,5,1,0,0,0,0,0.958333,0.5989212393760681,0.28496915102005005,0.11610957980155945
5,580,P026_189_R1,P026,189,1,3,1,0,0,1,0.885417,0.4797165095806122,0.24704717099666595,0.2732362747192383
5,581,P026_189_R2,P026,189,2,3,1,1,0,1,0.927083,0.3334362208843231,0.457008421421051,0.20955535769462585
5,582,P026_189_R3,P026,189,3,3,1,0,0,1,0.875,0.4325091242790222,0.3628256916999817,0.20466521382331848
5,583,P026_189_R4,P026,189,4,3,1,0,0,1,0.989583,0.48542970418930054,0.33865150809288025,0.1759188026189804
5,584,P026_189_R5,P026,189,5,3,1,1,0,1,0.989583,0.3623220920562744,0.4796258509159088,0.15805204212665558
5,585,P026_258_R1,P026,258,1,1,0,0,0,0,0.895833,0.38574495911598206,0.3819184899330139,0.23233655095100403
5,586,P026_258_R2,P026,258,2,1,0,0,0,0,0.927083,0.3743080496788025,0.31980761885643005,0.30588436126708984
5,587,P026_258_R3,P026,258,3,1,0,0,0,0,0.989583,0.5163175463676453,0.33825916051864624,0.1454233080148697
5,588,P026_258_R4,P026,258,4,1,0,0,0,0,0.96875,0.5654404759407043,0.30736225843429565,0.1271972358226776
5,589,P026_258_R5,P026,258,5,1,0,0,0,0,0.916667,0.4783550798892975,0.3667619228363037,0.15488296747207642
5,590,P026_762_R1,P026,762,1,4,2,0,0,1,0.90625,0.3763887286186218,0.32824137806892395,0.2953698933124542
5,591,P026_762_R2,P026,762,2,4,2,1,0,1,0.9375,0.34605127573013306,0.4288177490234375,0.22513093054294586
5,592,P026_762_R3,P026,762,3,4,2,0,0,1,0.947917,0.4207245111465454,0.26851844787597656,0.31075701117515564
5,593,P026_762_R4,P026,762,4,4,2,1,0,1,0.947917,0.33698201179504395,0.4296003580093384,0.2334176003932953
5,594,P026_762_R5,P026,762,5,4,2,0,0,1,0.979167,0.42637869715690613,0.3185908794403076,0.2550303637981415
5,595,P026_893_R1,P026,893,1,5,2,0,0,2,0.96875,0.4079797863960266,0.26636651158332825,0.32565373182296753
5,596,P026_893_R2,P026,893,2,5,2,0,0,2,0.979167,0.5074496865272522,0.28714776039123535,0.20540253818035126
5,597,P026_893_R3,P026,893,3,5,2,1,0,2,1.0,0.3638041913509369,0.40776947140693665,0.22842633724212646
5,598,P026_893_R4,P026,893,4,5,2,0,0,2,1.0,0.4415551722049713,0.3683880567550659,0.19005675613880157
5,599,P026_893_R5,P026,893,5,5,2,1,0,2,0.9375,0.36369413137435913,0.38987237215042114,0.24643351137638092
