fold,experiment,n_inner_folds,n_train_conditions,n_test_conditions,train_subjects,test_subjects,selected_code_C,selected_face_C,selected_alpha_face,n,accuracy,balanced_accuracy,macro_f1,per_class_recall,per_class_precision,per_class_f1,support,mae,quadratic_weighted_kappa
1,code_only,4,110,30,P002|P004|P005|P007|P009|P010|P013|P014|P015|P016|P017|P018|P019|P021|P023|P024|P025|P026|P027|P028|P029|P030,P001|P003|P006|P008|P011|P020,1.0,,,30,0.6666666666666666,0.6574074074074073,0.6626984126984128,"[0.75, 0.6666666666666666, 0.5555555555555556]","[0.75, 0.5, 0.8333333333333334]","[0.75, 0.5714285714285715, 0.6666666666666667]","[12, 9, 9]",0.36666666666666664,0.656084656084656
1,face_raw,4,110,30,P002|P004|P005|P007|P009|P010|P013|P014|P015|P016|P017|P018|P019|P021|P023|P024|P025|P026|P027|P028|P029|P030,P001|P003|P006|P008|P011|P020,,0.001,,30,0.4,0.3703703703703704,0.3123938879456707,"[0.6666666666666666, 0.0, 0.4444444444444444]","[0.42105263157894735, 0.0, 0.4]","[0.5161290322580646, 0.0, 0.4210526315789474]","[12, 9, 9]",0.8666666666666667,0.12863070539419097
1,face_trial_delta,4,110,30,P002|P004|P005|P007|P009|P010|P013|P014|P015|P016|P017|P018|P019|P021|P023|P024|P025|P026|P027|P028|P029|P030,P001|P003|P006|P008|P011|P020,,0.001,,30,0.36666666666666664,0.34259259259259256,0.30701754385964913,"[0.5833333333333334, 0.0, 0.4444444444444444]","[0.4375, 0.0, 0.4]","[0.5, 0.0, 0.4210526315789474]","[12, 9, 9]",0.8333333333333334,0.19213973799126638
1,face_water_delta,4,110,30,P002|P004|P005|P007|P009|P010|P013|P014|P015|P016|P017|P018|P019|P021|P023|P024|P025|P026|P027|P028|P029|P030,P001|P003|P006|P008|P011|P020,,1.0,,30,0.3,0.28703703703703703,0.27633899563724124,"[0.4166666666666667, 0.1111111111111111, 0.3333333333333333]","[0.3333333333333333, 0.2, 0.3]","[0.3703703703703704, 0.14285714285714285, 0.3157894736842105]","[12, 9, 9]",1.0,-0.06666666666666665
1,fusion_raw,4,110,30,P002|P004|P005|P007|P009|P010|P013|P014|P015|P016|P017|P018|P019|P021|P023|P024|P025|P026|P027|P028|P029|P030,P001|P003|P006|P008|P011|P020,1.0,0.001,0.25,30,0.6666666666666666,0.6574074074074074,0.6574074074074074,"[0.75, 0.5555555555555556, 0.6666666666666666]","[0.75, 0.5555555555555556, 0.6666666666666666]","[0.75, 0.5555555555555556, 0.6666666666666666]","[12, 9, 9]",0.4,0.6135265700483092
1,fusion_trial_delta,4,110,30,P002|P004|P005|P007|P009|P010|P013|P014|P015|P016|P017|P018|P019|P021|P023|P024|P025|P026|P027|P028|P029|P030,P001|P003|P006|P008|P011|P020,1.0,0.001,0.25,30,0.6333333333333333,0.6203703703703703,0.621517027863777,"[0.75, 0.5555555555555556, 0.5555555555555556]","[0.75, 0.5, 0.625]","[0.75, 0.5263157894736842, 0.5882352941176471]","[12, 9, 9]",0.43333333333333335,0.5771144278606966
1,fusion_water_delta,4,110,30,P002|P004|P005|P007|P009|P010|P013|P014|P015|P016|P017|P018|P019|P021|P023|P024|P025|P026|P027|P028|P029|P030,P001|P003|P006|P008|P011|P020,0.1,0.001,0.25,30,0.6666666666666666,0.6574074074074074,0.6574074074074074,"[0.75, 0.5555555555555556, 0.6666666666666666]","[0.75, 0.5555555555555556, 0.6666666666666666]","[0.75, 0.5555555555555556, 0.6666666666666666]","[12, 9, 9]",0.4,0.6135265700483092
2,code_only,4,110,30,P001|P003|P004|P005|P006|P007|P008|P009|P010|P011|P013|P014|P018|P019|P020|P021|P023|P025|P026|P027|P028|P029,P002|P015|P016|P017|P024|P030,0.1,,,30,0.5666666666666667,0.5291005291005291,0.5372405372405372,"[0.7142857142857143, 0.4444444444444444, 0.42857142857142855]","[0.8333333333333334, 0.3333333333333333, 0.5]","[0.7692307692307692, 0.380952380952381, 0.4615384615384615]","[14, 9, 7]",0.43333333333333335,0.6408839779005525
2,face_raw,4,110,30,P001|P003|P004|P005|P006|P007|P008|P009|P010|P011|P013|P014|P018|P019|P020|P021|P023|P025|P026|P027|P028|P029,P002|P015|P016|P017|P024|P030,,0.001,,30,0.5,0.5026455026455027,0.4673721340388008,"[0.5714285714285714, 0.2222222222222222, 0.7142857142857143]","[0.6153846153846154, 0.6666666666666666, 0.35714285714285715]","[0.5925925925925927, 0.3333333333333333, 0.4761904761904762]","[14, 9, 7]",0.7333333333333333,0.25722145804676755
2,face_trial_delta,4,110,30,P001|P003|P004|P005|P006|P007|P008|P009|P010|P011|P013|P014|P018|P019|P020|P021|P023|P025|P026|P027|P028|P029,P002|P015|P016|P017|P024|P030,,0.001,,30,0.43333333333333335,0.44179894179894186,0.3848484848484848,"[0.5, 0.1111111111111111, 0.7142857142857143]","[0.5, 1.0, 0.3333333333333333]","[0.5, 0.19999999999999998, 0.4545454545454545]","[14, 9, 7]",0.8666666666666667,0.12813738441215328
2,face_water_delta,4,110,30,P001|P003|P004|P005|P006|P007|P008|P009|P010|P011|P013|P014|P018|P019|P020|P021|P023|P025|P026|P027|P028|P029,P002|P015|P016|P017|P024|P030,,10.0,,30,0.4666666666666667,0.45502645502645506,0.43622782446311853,"[0.5714285714285714, 0.2222222222222222, 0.5714285714285714]","[0.5714285714285714, 0.3333333333333333, 0.4]","[0.5714285714285714, 0.26666666666666666, 0.47058823529411764]","[14, 9, 7]",0.7,0.2812982998454405
2,fusion_raw,4,110,30,P001|P003|P004|P005|P006|P007|P008|P009|P010|P011|P013|P014|P018|P019|P020|P021|P023|P025|P026|P027|P028|P029,P002|P015|P016|P017|P024|P030,1.0,0.001,0.1,30,0.6333333333333333,0.6243386243386243,0.618983355825461,"[0.7142857142857143, 0.4444444444444444, 0.7142857142857143]","[0.8333333333333334, 0.4, 0.625]","[0.7692307692307692, 0.4210526315789474, 0.6666666666666666]","[14, 9, 7]",0.36666666666666664,0.7189097103918228
2,fusion_trial_delta,4,110,30,P001|P003|P004|P005|P006|P007|P008|P009|P010|P011|P013|P014|P018|P019|P020|P021|P023|P025|P026|P027|P028|P029,P002|P015|P016|P017|P024|P030,1.0,0.001,0.1,30,0.6333333333333333,0.6243386243386243,0.618983355825461,"[0.7142857142857143, 0.4444444444444444, 0.7142857142857143]","[0.8333333333333334, 0.4, 0.625]","[0.7692307692307692, 0.4210526315789474, 0.6666666666666666]","[14, 9, 7]",0.36666666666666664,0.7189097103918228
2,fusion_water_delta,4,110,30,P001|P003|P004|P005|P006|P007|P008|P009|P010|P011|P013|P014|P018|P019|P020|P021|P023|P025|P026|P027|P028|P029,P002|P015|P016|P017|P024|P030,0.1,0.001,0.0,30,0.5666666666666667,0.5291005291005291,0.5372405372405372,"[0.7142857142857143, 0.4444444444444444, 0.42857142857142855]","[0.8333333333333334, 0.3333333333333333, 0.5]","[0.7692307692307692, 0.380952380952381, 0.4615384615384615]","[14, 9, 7]",0.43333333333333335,0.6408839779005525
3,code_only,4,110,30,P001|P002|P003|P005|P006|P008|P009|P010|P011|P013|P015|P016|P017|P018|P019|P020|P021|P024|P025|P028|P029|P030,P004|P007|P014|P023|P026|P027,1.0,,,30,0.7333333333333333,0.7129629629629629,0.7055555555555556,"[0.9166666666666666, 0.4444444444444444, 0.7777777777777778]","[0.9166666666666666, 0.6666666666666666, 0.5833333333333334]","[0.9166666666666666, 0.5333333333333333, 0.6666666666666666]","[12, 9, 9]",0.3,0.7555555555555555
3,face_raw,4,110,30,P001|P002|P003|P005|P006|P008|P009|P010|P011|P013|P015|P016|P017|P018|P019|P020|P021|P024|P025|P028|P029|P030,P004|P007|P014|P023|P026|P027,,10.0,,30,0.26666666666666666,0.25,0.24585218702865763,"[0.4166666666666667, 0.1111111111111111, 0.2222222222222222]","[0.35714285714285715, 0.125, 0.25]","[0.3846153846153846, 0.11764705882352941, 0.23529411764705882]","[12, 9, 9]",0.9666666666666667,-0.028708133971292016
3,face_trial_delta,4,110,30,P001|P002|P003|P005|P006|P008|P009|P010|P011|P013|P015|P016|P017|P018|P019|P020|P021|P024|P025|P028|P029|P030,P004|P007|P014|P023|P026|P027,,0.01,,30,0.4666666666666667,0.4444444444444444,0.4488653109342764,"[0.6666666666666666, 0.3333333333333333, 0.3333333333333333]","[0.47058823529411764, 0.75, 0.3333333333333333]","[0.5517241379310345, 0.46153846153846156, 0.3333333333333333]","[12, 9, 9]",0.8333333333333334,0.052863436123348095
3,face_water_delta,4,110,30,P001|P002|P003|P005|P006|P008|P009|P010|P011|P013|P015|P016|P017|P018|P019|P020|P021|P024|P025|P028|P029|P030,P004|P007|P014|P023|P026|P027,,0.001,,30,0.26666666666666666,0.28703703703703703,0.2555899552803578,"[0.08333333333333333, 0.3333333333333333, 0.4444444444444444]","[0.2, 0.3, 0.26666666666666666]","[0.11764705882352941, 0.3157894736842105, 0.33333333333333337]","[12, 9, 9]",1.0333333333333334,-0.13953488372093026
3,fusion_raw,4,110,30,P001|P002|P003|P005|P006|P008|P009|P010|P011|P013|P015|P016|P017|P018|P019|P020|P021|P024|P025|P028|P029|P030,P004|P007|P014|P023|P026|P027,1.0,0.001,0.0,30,0.7333333333333333,0.7129629629629629,0.7055555555555556,"[0.9166666666666666, 0.4444444444444444, 0.7777777777777778]","[0.9166666666666666, 0.6666666666666666, 0.5833333333333334]","[0.9166666666666666, 0.5333333333333333, 0.6666666666666666]","[12, 9, 9]",0.3,0.7555555555555555
3,fusion_trial_delta,4,110,30,P001|P002|P003|P005|P006|P008|P009|P010|P011|P013|P015|P016|P017|P018|P019|P020|P021|P024|P025|P028|P029|P030,P004|P007|P014|P023|P026|P027,1.0,0.001,0.0,30,0.7333333333333333,0.7129629629629629,0.7055555555555556,"[0.9166666666666666, 0.4444444444444444, 0.7777777777777778]","[0.9166666666666666, 0.6666666666666666, 0.5833333333333334]","[0.9166666666666666, 0.5333333333333333, 0.6666666666666666]","[12, 9, 9]",0.3,0.7555555555555555
3,fusion_water_delta,4,110,30,P001|P002|P003|P005|P006|P008|P009|P010|P011|P013|P015|P016|P017|P018|P019|P020|P021|P024|P025|P028|P029|P030,P004|P007|P014|P023|P026|P027,0.1,0.01,0.1,30,0.7666666666666667,0.75,0.7472222222222222,"[0.9166666666666666, 0.5555555555555556, 0.7777777777777778]","[0.9166666666666666, 0.7142857142857143, 0.6363636363636364]","[0.9166666666666666, 0.6250000000000001, 0.7000000000000001]","[12, 9, 9]",0.26666666666666666,0.771689497716895
4,code_only,4,115,25,P001|P002|P003|P004|P005|P006|P007|P008|P010|P011|P013|P014|P015|P016|P017|P018|P020|P023|P024|P025|P026|P027|P030,P009|P019|P021|P028|P029,1.0,,,25,0.56,0.5555555555555555,0.5210676263307842,"[0.875, 0.125, 0.6666666666666666]","[0.7, 0.2, 0.6]","[0.7777777777777777, 0.15384615384615385, 0.631578947368421]","[8, 8, 9]",0.44,0.7027027027027026
4,face_raw,4,115,25,P001|P002|P003|P004|P005|P006|P007|P008|P010|P011|P013|P014|P015|P016|P017|P018|P020|P023|P024|P025|P026|P027|P030,P009|P019|P021|P028|P029,,0.001,,25,0.4,0.40277777777777773,0.3995098039215686,"[0.375, 0.5, 0.3333333333333333]","[0.375, 0.4444444444444444, 0.375]","[0.375, 0.47058823529411764, 0.35294117647058826]","[8, 8, 9]",0.84,0.0
4,face_trial_delta,4,115,25,P001|P002|P003|P004|P005|P006|P007|P008|P010|P011|P013|P014|P015|P016|P017|P018|P020|P023|P024|P025|P026|P027|P030,P009|P019|P021|P028|P029,,0.001,,25,0.4,0.40277777777777773,0.3991285403050109,"[0.5, 0.375, 0.3333333333333333]","[0.4, 0.42857142857142855, 0.375]","[0.4444444444444445, 0.39999999999999997, 0.35294117647058826]","[8, 8, 9]",0.84,0.061433447098976024
4,face_water_delta,4,115,25,P001|P002|P003|P004|P005|P006|P007|P008|P010|P011|P013|P014|P015|P016|P017|P018|P020|P023|P024|P025|P026|P027|P030,P009|P019|P021|P028|P029,,0.01,,25,0.44,0.4490740740740741,0.42406926406926404,"[0.75, 0.375, 0.2222222222222222]","[0.35294117647058826, 0.5, 1.0]","[0.48, 0.42857142857142855, 0.3636363636363636]","[8, 8, 9]",0.8,0.13978494623655924
4,fusion_raw,4,115,25,P001|P002|P003|P004|P005|P006|P007|P008|P010|P011|P013|P014|P015|P016|P017|P018|P020|P023|P024|P025|P026|P027|P030,P009|P019|P021|P028|P029,0.1,0.01,0.25,25,0.52,0.5231481481481481,0.5092592592592592,"[0.875, 0.25, 0.4444444444444444]","[0.7, 0.25, 0.5714285714285714]","[0.7777777777777777, 0.25, 0.5]","[8, 8, 9]",0.48,0.6495327102803738
4,fusion_trial_delta,4,115,25,P001|P002|P003|P004|P005|P006|P007|P008|P010|P011|P013|P014|P015|P016|P017|P018|P020|P023|P024|P025|P026|P027|P030,P009|P019|P021|P028|P029,0.01,0.001,0.25,25,0.52,0.5231481481481481,0.5092592592592592,"[0.875, 0.25, 0.4444444444444444]","[0.7, 0.25, 0.5714285714285714]","[0.7777777777777777, 0.25, 0.5]","[8, 8, 9]",0.48,0.6495327102803738
4,fusion_water_delta,4,115,25,P001|P002|P003|P004|P005|P006|P007|P008|P010|P011|P013|P014|P015|P016|P017|P018|P020|P023|P024|P025|P026|P027|P030,P009|P019|P021|P028|P029,1.0,0.01,0.25,25,0.48,0.4861111111111111,0.46228070175438596,"[0.875, 0.25, 0.3333333333333333]","[0.6363636363636364, 0.25, 0.5]","[0.7368421052631579, 0.25, 0.4]","[8, 8, 9]",0.56,0.5348837209302326
5,code_only,4,115,25,P001|P002|P003|P004|P006|P007|P008|P009|P011|P014|P015|P016|P017|P019|P020|P021|P023|P024|P026|P027|P028|P029|P030,P005|P010|P013|P018|P025,0.1,,,25,0.68,0.693121693121693,0.6588530148901666,"[0.8888888888888888, 0.3333333333333333, 0.8571428571428571]","[0.8, 0.6, 0.6]","[0.8421052631578948, 0.42857142857142855, 0.7058823529411764]","[9, 9, 7]",0.32,0.7777777777777778
5,face_raw,4,115,25,P001|P002|P003|P004|P006|P007|P008|P009|P011|P014|P015|P016|P017|P019|P020|P021|P023|P024|P026|P027|P028|P029|P030,P005|P010|P013|P018|P025,,0.001,,25,0.4,0.38095238095238093,0.3606060606060606,"[0.3333333333333333, 0.6666666666666666, 0.14285714285714285]","[0.5, 0.4, 0.25]","[0.4, 0.5, 0.18181818181818182]","[9, 9, 7]",0.72,0.06542056074766356
5,face_trial_delta,4,115,25,P001|P002|P003|P004|P006|P007|P008|P009|P011|P014|P015|P016|P017|P019|P020|P021|P023|P024|P026|P027|P028|P029|P030,P005|P010|P013|P018|P025,,0.001,,25,0.36,0.3439153439153439,0.28900112233445563,"[0.1111111111111111, 0.7777777777777778, 0.14285714285714285]","[0.5, 0.3888888888888889, 0.2]","[0.1818181818181818, 0.5185185185185185, 0.16666666666666666]","[9, 9, 7]",0.76,-0.06473594548551964
5,face_water_delta,4,115,25,P001|P002|P003|P004|P006|P007|P008|P009|P011|P014|P015|P016|P017|P019|P020|P021|P023|P024|P026|P027|P028|P029|P030,P005|P010|P013|P018|P025,,10.0,,25,0.32,0.31746031746031744,0.3212121212121212,"[0.2222222222222222, 0.4444444444444444, 0.2857142857142857]","[0.3333333333333333, 0.26666666666666666, 0.5]","[0.26666666666666666, 0.33333333333333337, 0.36363636363636365]","[9, 9, 7]",0.72,0.22118380062305298
5,fusion_raw,4,115,25,P001|P002|P003|P004|P006|P007|P008|P009|P011|P014|P015|P016|P017|P019|P020|P021|P023|P024|P026|P027|P028|P029|P030,P005|P010|P013|P018|P025,10.0,0.001,0.1,25,0.68,0.693121693121693,0.6588530148901666,"[0.8888888888888888, 0.3333333333333333, 0.8571428571428571]","[0.8, 0.6, 0.6]","[0.8421052631578948, 0.42857142857142855, 0.7058823529411764]","[9, 9, 7]",0.32,0.7777777777777778
5,fusion_trial_delta,4,115,25,P001|P002|P003|P004|P006|P007|P008|P009|P011|P014|P015|P016|P017|P019|P020|P021|P023|P024|P026|P027|P028|P029|P030,P005|P010|P013|P018|P025,0.1,0.001,0.1,25,0.68,0.693121693121693,0.6588530148901666,"[0.8888888888888888, 0.3333333333333333, 0.8571428571428571]","[0.8, 0.6, 0.6]","[0.8421052631578948, 0.42857142857142855, 0.7058823529411764]","[9, 9, 7]",0.32,0.7777777777777778
5,fusion_water_delta,4,115,25,P001|P002|P003|P004|P006|P007|P008|P009|P011|P014|P015|P016|P017|P019|P020|P021|P023|P024|P026|P027|P028|P029|P030,P005|P010|P013|P018|P025,10.0,0.001,0.1,25,0.68,0.693121693121693,0.6588530148901666,"[0.8888888888888888, 0.3333333333333333, 0.8571428571428571]","[0.8, 0.6, 0.6]","[0.8421052631578948, 0.42857142857142855, 0.7058823529411764]","[9, 9, 7]",0.32,0.7777777777777778
