subject_id,trial_ix,condition,repeat,trigger_sample,offset_rms,offset_woody,offset_final,new_onset,offset_sec
P001,0,258,1,1700,28,0,28,1728,0.28
P001,1,258,2,13500,0,121,99,13599,0.99
P001,2,258,3,23200,0,69,77,23277,0.77
P001,3,258,4,32400,0,177,0,32400,0.0
P001,4,258,5,41300,0,6,20,41320,0.2
P001,5,453,1,58100,37,195,58,58158,0.58
P001,6,453,2,71200,0,18,100,71300,1.0
P001,7,453,3,79800,35,192,35,79835,0.35
P001,8,453,4,88900,20,38,95,88995,0.95
P001,9,453,5,98800,39,0,89,98889,0.89
P001,10,605,1,110500,131,1,131,110631,1.31
P001,11,605,2,122500,0,0,0,122500,0.0
P001,12,605,3,131200,0,92,60,131260,0.6
P001,13,605,4,140100,0,159,97,140197,0.97
P001,14,605,5,151000,34,36,34,151034,0.34
P001,15,189,1,166000,0,194,98,166098,0.98
P001,16,189,2,178600,33,1,33,178633,0.33
P001,17,189,3,189100,0,15,1,189101,0.01
P001,18,189,4,198800,82,114,82,198882,0.82
P001,19,189,5,207300,153,0,207,207507,2.07
P001,20,893,1,219500,59,0,65,219565,0.65
P001,21,893,2,230500,0,74,0,230500,0.0
P001,22,893,3,247100,0,123,0,247100,0.0
P001,23,893,4,262300,131,8,131,262431,1.31
P001,24,893,5,271200,82,199,82,271282,0.82
P001,25,762,1,283900,0,177,29,283929,0.29
P001,26,762,2,296500,63,163,63,296563,0.63
P001,27,762,3,305000,126,88,152,305152,1.52
P001,28,762,4,313700,0,123,75,313775,0.75
P001,29,762,5,323700,0,0,42,323742,0.42
P002,0,453,1,2800,0,81,0,2800,0.0
P002,1,453,2,15100,0,0,0,15100,0.0
P002,2,453,3,25000,49,59,49,25049,0.49
P002,3,453,4,34100,127,12,200,34300,2.0
P002,4,453,5,44200,60,195,106,44306,1.06
P002,5,189,1,60100,0,95,58,60158,0.58
P002,6,189,2,72400,138,6,138,72538,1.38
P002,7,189,3,83400,57,0,156,83556,1.56
P002,8,189,4,92800,54,137,54,92854,0.54
P002,9,189,5,101600,0,30,1,101601,0.01
P002,10,258,1,111600,0,31,13,111613,0.13
P002,11,258,2,123600,89,0,188,123788,1.88
P002,12,258,3,131600,0,20,6,131606,0.06
P002,13,258,4,140600,92,0,141,140741,1.41
P002,14,258,5,147700,58,80,58,147758,0.58
P002,15,762,1,158300,40,170,140,158440,1.4
P002,16,762,2,170400,74,200,79,170479,0.79
P002,17,762,3,178900,0,26,20,178920,0.2
P002,18,762,4,188500,0,0,0,188500,0.0
P002,19,762,5,199600,0,31,0,199600,0.0
P002,20,605,1,210100,30,200,30,210130,0.3
P002,21,605,2,222800,103,151,104,222904,1.04
P002,22,605,3,230900,0,97,97,230997,0.97
P002,23,605,4,239200,0,174,100,239300,1.0
P002,24,605,5,248100,36,0,136,248236,1.36
P002,25,893,1,260000,28,194,28,260028,0.28
P002,26,893,2,272300,0,0,76,272376,0.76
P002,27,893,3,281700,0,105,98,281798,0.98
P002,28,893,4,293200,0,156,0,293200,0.0
P002,29,893,5,302400,51,0,151,302551,1.51
P003,0,189,1,7100,94,25,94,7194,0.94
P003,1,189,2,18700,19,0,19,18719,0.19
P003,2,189,3,35300,57,98,57,35357,0.57
P003,3,189,4,46300,23,200,69,46369,0.69
P003,4,189,5,54900,26,0,39,54939,0.39
P003,5,762,1,69100,187,183,187,69287,1.87
P003,6,762,2,82700,35,0,60,82760,0.6
P003,7,762,3,92000,130,107,157,92157,1.57
P003,8,762,4,102000,78,169,173,102173,1.73
P003,9,762,5,110500,0,70,82,110582,0.82
P003,10,453,1,121200,110,199,140,121340,1.4
P003,11,453,2,133400,29,10,129,133529,1.29
P003,12,453,3,140800,0,38,0,140800,0.0
P003,13,453,4,147800,0,99,55,147855,0.55
P003,14,453,5,154100,0,34,0,154100,0.0
P003,15,893,1,168700,55,196,154,168854,1.54
P003,16,893,2,181900,0,103,1,181901,0.01
P003,17,893,3,189700,187,89,187,189887,1.87
P003,18,893,4,197600,84,0,84,197684,0.84
P003,19,893,5,206100,0,0,0,206100,0.0
P003,20,258,1,217400,155,50,155,217555,1.55
P003,21,258,2,227100,38,151,85,227185,0.85
P003,22,258,3,236100,34,0,133,236233,1.33
P003,23,258,4,246000,0,21,74,246074,0.74
P003,24,258,5,256200,34,89,134,256334,1.34
P003,25,605,1,269200,90,167,90,269290,0.9
P003,26,605,2,281000,52,0,110,281110,1.1
P003,27,605,3,290100,164,32,172,290272,1.72
P003,28,605,4,301800,0,41,0,301800,0.0
P003,29,605,5,309700,21,110,21,309721,0.21
P004,0,762,1,2500,67,100,138,2638,1.38
P004,1,762,2,13200,0,0,0,13200,0.0
P004,2,762,3,22100,166,200,238,22338,2.38
P004,3,762,4,32600,114,21,115,32715,1.15
P004,4,762,5,40500,20,0,20,40520,0.2
P004,5,893,1,48500,51,97,51,48551,0.51
P004,6,893,2,60100,0,199,0,60100,0.0
P004,7,893,3,67600,39,137,103,67703,1.03
P004,8,893,4,75600,34,54,54,75654,0.54
P004,9,893,5,84100,0,90,56,84156,0.56
P004,10,189,1,97400,58,136,158,97558,1.58
P004,11,189,2,106600,30,193,30,106630,0.3
P004,12,189,3,114300,0,145,0,114300,0.0
P004,13,189,4,126000,111,35,111,126111,1.11
P004,14,189,5,133700,51,1,75,133775,0.75
P004,15,605,1,145800,0,0,0,145800,0.0
P004,16,605,2,158100,0,173,99,158199,0.99
P004,17,605,3,165800,0,0,20,165820,0.2
P004,18,605,4,173400,52,51,53,173453,0.53
P004,19,605,5,179600,0,37,1,179601,0.01
P004,20,453,1,192700,180,179,180,192880,1.8
P004,21,453,2,204200,21,0,21,204221,0.21
P004,22,453,3,215300,31,46,31,215331,0.31
P004,23,453,4,230400,0,31,38,230438,0.38
P004,24,453,5,243300,0,133,100,243400,1.0
P004,25,258,1,255400,25,5,89,255489,0.89
P004,26,258,2,266900,39,0,60,266960,0.6
P004,27,258,3,274900,29,179,29,274929,0.29
P004,28,258,4,282900,28,156,128,283028,1.28
P004,29,258,5,291800,0,0,0,291800,0.0
P005,0,893,1,1900,0,72,0,1900,0.0
P005,1,893,2,14300,45,199,46,14346,0.46
P005,2,893,3,23300,37,99,137,23437,1.37
P005,3,893,4,32700,72,0,72,32772,0.72
P005,4,893,5,42800,34,0,64,42864,0.64
P005,5,605,1,52400,0,200,99,52499,0.99
P005,6,605,2,65800,0,50,0,65800,0.0
P005,7,605,3,75100,65,0,65,75165,0.65
P005,8,605,4,84200,116,0,207,84407,2.07
P005,9,605,5,95400,0,0,0,95400,0.0
P005,10,762,1,112600,135,39,135,112735,1.35
P005,11,762,2,125800,21,0,21,125821,0.21
P005,12,762,3,137500,37,137,37,137537,0.37
P005,13,762,4,145700,0,0,0,145700,0.0
P005,14,762,5,154900,0,199,41,154941,0.41
P005,15,258,1,166000,0,48,0,166000,0.0
P005,16,258,2,182300,24,145,24,182324,0.24
P005,17,258,3,189900,26,0,26,189926,0.26
P005,18,258,4,198500,28,14,42,198542,0.42
P005,19,258,5,209100,119,189,119,209219,1.19
P005,20,189,1,219400,43,0,91,219491,0.91
P005,21,189,2,231300,67,0,107,231407,1.07
P005,22,189,3,238800,74,11,74,238874,0.74
P005,23,189,4,249100,31,120,31,249131,0.31
P005,24,189,5,262800,84,30,84,262884,0.84
P005,25,453,1,279000,0,143,97,279097,0.97
P005,26,453,2,291400,0,0,0,291400,0.0
P005,27,453,3,302300,0,56,78,302378,0.78
P005,28,453,4,315700,28,0,28,315728,0.28
P005,29,453,5,326700,22,8,22,326722,0.22
P006,0,605,1,1100,0,0,98,1198,0.98
P006,1,605,2,16700,125,0,187,16887,1.87
P006,2,605,3,25100,0,35,0,25100,0.0
P006,3,605,4,32700,55,106,55,32755,0.55
P006,4,605,5,42100,88,0,88,42188,0.88
P006,5,258,1,55000,0,33,0,55000,0.0
P006,6,258,2,65300,0,14,7,65307,0.07
P006,7,258,3,72500,172,22,269,72769,2.69
P006,8,258,4,80700,0,73,56,80756,0.56
P006,9,258,5,90900,0,63,56,90956,0.56
P006,10,893,1,103800,149,194,249,104049,2.49
P006,11,893,2,120200,0,23,0,120200,0.0
P006,12,893,3,129400,49,0,49,129449,0.49
P006,13,893,4,137700,104,0,203,137903,2.03
P006,14,893,5,145100,174,62,181,145281,1.81
P006,15,453,1,161400,83,114,132,161532,1.32
P006,16,453,2,175200,106,200,172,175372,1.72
P006,17,453,3,186700,88,44,88,186788,0.88
P006,18,453,4,194500,0,0,4,194504,0.04
P006,19,453,5,203300,0,0,14,203314,0.14
P006,20,762,1,214200,32,160,62,214262,0.62
P006,21,762,2,226700,157,52,157,226857,1.57
P006,22,762,3,236400,156,63,255,236655,2.55
P006,23,762,4,246400,45,39,45,246445,0.45
P006,24,762,5,254500,0,0,99,254599,0.99
P006,25,189,1,267100,73,0,173,267273,1.73
P006,26,189,2,280200,0,68,0,280200,0.0
P006,27,189,3,287900,0,192,94,287994,0.94
P006,28,189,4,294800,71,173,101,294901,1.01
P006,29,189,5,303000,0,172,20,303020,0.2
P007,0,258,1,1400,0,173,0,1400,0.0
P007,1,258,2,14600,113,68,113,14713,1.13
P007,2,258,3,23600,3,0,3,23603,0.03
P007,3,258,4,31300,24,125,24,31324,0.24
P007,4,258,5,39500,102,67,102,39602,1.02
P007,5,453,1,49500,30,0,115,49615,1.15
P007,6,453,2,59500,0,82,0,59500,0.0
P007,7,453,3,66700,0,77,5,66705,0.05
P007,8,453,4,75100,23,0,87,75187,0.87
P007,9,453,5,83600,119,14,119,83719,1.19
P007,10,605,1,95300,39,0,39,95339,0.39
P007,11,605,2,105000,0,198,0,105000,0.0
P007,12,605,3,112700,0,15,84,112784,0.84
P007,13,605,4,120600,141,44,141,120741,1.41
P007,14,605,5,127900,44,40,85,127985,0.85
P007,15,189,1,139800,0,65,63,139863,0.63
P007,16,189,2,148900,0,110,98,148998,0.98
P007,17,189,3,156000,0,199,0,156000,0.0
P007,18,189,4,165900,0,142,98,165998,0.98
P007,19,189,5,176200,22,0,22,176222,0.22
P007,20,893,1,189300,0,189,1,189301,0.01
P007,21,893,2,198600,0,200,0,198600,0.0
P007,22,893,3,205900,164,54,254,206154,2.54
P007,23,893,4,215000,0,127,97,215097,0.97
P007,24,893,5,222000,56,0,56,222056,0.56
P007,25,762,1,230400,99,185,157,230557,1.57
P007,26,762,2,242500,0,30,0,242500,0.0
P007,27,762,3,252200,0,64,0,252200,0.0
P007,28,762,4,259900,102,171,109,260009,1.09
P007,29,762,5,270000,0,199,99,270099,0.99
P008,0,453,1,11400,110,0,125,11525,1.25
P008,1,453,2,18400,0,0,94,18494,0.94
P008,2,453,3,24800,33,0,120,24920,1.2
P008,3,453,4,33100,40,138,56,33156,0.56
P008,4,453,5,40500,194,10,194,40694,1.94
P008,5,189,1,49000,0,109,64,49064,0.64
P008,6,189,2,60000,0,140,0,60000,0.0
P008,7,189,3,66400,0,24,84,66484,0.84
P008,8,189,4,74400,118,0,118,74518,1.18
P008,9,189,5,82300,120,54,196,82496,1.96
P008,10,258,1,90100,51,149,99,90199,0.99
P008,11,258,2,100800,40,0,64,100864,0.64
P008,12,258,3,109500,0,0,0,109500,0.0
P008,13,258,4,116300,0,185,95,116395,0.95
P008,14,258,5,126300,88,94,88,126388,0.88
P008,15,762,1,138700,0,57,0,138700,0.0
P008,16,762,2,150400,77,32,176,150576,1.76
P008,17,762,3,160000,0,169,98,160098,0.98
P008,18,762,4,170800,144,0,144,170944,1.44
P008,19,762,5,179000,0,198,13,179013,0.13
P008,20,605,1,191500,0,177,0,191500,0.0
P008,21,605,2,211100,0,136,100,211200,1.0
P008,22,605,3,219400,0,83,83,219483,0.83
P008,23,605,4,228800,0,173,0,228800,0.0
P008,24,605,5,238100,87,0,90,238190,0.9
P008,25,893,1,248700,126,125,174,248874,1.74
P008,26,893,2,260900,57,24,85,260985,0.85
P008,27,893,3,269600,0,135,0,269600,0.0
P008,28,893,4,277500,0,2,99,277599,0.99
P008,29,893,5,287100,2,0,91,287191,0.91
P009,0,189,1,1200,103,0,103,1303,1.03
P009,1,189,2,13700,0,0,0,13700,0.0
P009,2,189,3,23600,0,179,23,23623,0.23
P009,3,189,4,32700,32,162,112,32812,1.12
P009,4,189,5,40800,169,10,243,41043,2.43
P009,5,762,1,50800,0,0,0,50800,0.0
P009,6,762,2,61800,96,196,196,61996,1.96
P009,7,762,3,69500,0,32,66,69566,0.66
P009,8,762,4,79700,0,122,96,79796,0.96
P009,9,762,5,87900,36,0,36,87936,0.36
P009,10,453,1,98600,0,0,0,98600,0.0
P009,11,453,2,109600,134,0,134,109734,1.34
P009,12,453,3,116700,118,0,119,116819,1.19
P009,13,453,4,124500,0,200,0,124500,0.0
P009,14,453,5,133200,0,91,23,133223,0.23
P009,15,893,1,145500,0,160,60,145560,0.6
P009,16,893,2,165700,0,116,100,165800,1.0
P009,17,893,3,174000,0,175,75,174075,0.75
P009,18,893,4,180100,0,152,0,180100,0.0
P009,19,258,1,192100,0,115,99,192199,0.99
P009,20,258,2,203400,0,0,0,203400,0.0
P009,21,258,3,212000,43,87,111,212111,1.11
P009,22,258,4,222300,0,129,97,222397,0.97
P009,23,258,5,233100,0,0,0,233100,0.0
P009,24,605,1,245200,51,0,51,245251,0.51
P009,25,893,5,247000,0,0,0,247000,0.0
P009,26,605,2,256700,0,9,74,256774,0.74
P009,27,605,3,264000,0,144,59,264059,0.59
P009,28,605,4,273000,0,110,99,273099,0.99
P009,29,605,5,284400,52,0,65,284465,0.65
P010,0,762,1,2400,43,73,43,2443,0.43
P010,1,762,2,13300,39,100,58,13358,0.58
P010,2,762,3,22500,29,80,68,22568,0.68
P010,3,762,4,31600,0,44,28,31628,0.28
P010,4,762,5,39900,0,192,100,40000,1.0
P010,5,893,1,50700,23,0,24,50724,0.24
P010,6,893,2,65100,0,1,1,65101,0.01
P010,7,893,3,76300,0,0,0,76300,0.0
P010,8,893,4,85300,0,0,60,85360,0.6
P010,9,893,5,92600,0,0,0,92600,0.0
P010,10,189,1,102000,0,0,0,102000,0.0
P010,11,189,2,112700,36,40,36,112736,0.36
P010,12,189,3,124100,64,155,157,124257,1.57
P010,13,189,4,133200,87,52,87,133287,0.87
P010,14,189,5,142400,49,104,102,142502,1.02
P010,15,605,1,150500,0,43,99,150599,0.99
P010,16,605,2,161700,25,126,25,161725,0.25
P010,17,605,3,169400,0,87,0,169400,0.0
P010,18,605,4,178500,98,10,98,178598,0.98
P010,19,605,5,186100,50,187,52,186152,0.52
P010,20,453,1,198400,0,145,0,198400,0.0
P010,21,453,2,209400,196,0,196,209596,1.96
P010,22,453,3,218800,0,173,13,218813,0.13
P010,23,453,4,227000,46,3,129,227129,1.29
P010,24,453,5,236800,25,0,124,236924,1.24
P010,25,258,1,247900,0,37,5,247905,0.05
P010,26,258,2,258800,0,197,0,258800,0.0
P010,27,258,3,267400,170,53,252,267652,2.52
P010,28,258,4,275400,0,0,99,275499,0.99
P010,29,258,5,284800,77,0,177,284977,1.77
P011,0,893,1,8600,0,118,0,8600,0.0
P011,1,893,2,22800,49,83,49,22849,0.49
P011,2,893,3,35400,0,0,0,35400,0.0
P011,3,893,4,42900,116,152,116,43016,1.16
P011,4,893,5,52300,119,157,141,52441,1.41
P011,5,605,1,70500,0,154,0,70500,0.0
P011,6,605,2,80700,0,200,0,80700,0.0
P011,7,605,3,89700,133,114,133,89833,1.33
P011,8,605,4,101100,0,0,41,101141,0.41
P011,9,605,5,112300,67,65,142,112442,1.42
P011,10,762,1,129500,31,82,32,129532,0.32
P011,11,762,2,148500,49,0,145,148645,1.45
P011,12,762,3,156100,167,121,196,156296,1.96
P011,13,762,4,166600,0,129,4,166604,0.04
P011,14,762,5,176600,180,68,183,176783,1.83
P011,15,258,1,192900,73,0,149,193049,1.49
P011,16,258,2,206400,0,199,94,206494,0.94
P011,17,258,3,218500,0,0,16,218516,0.16
P011,18,258,4,228500,0,0,40,228540,0.4
P011,19,258,5,237300,179,0,215,237515,2.15
P011,20,189,1,244200,0,27,0,244200,0.0
P011,21,189,2,254000,135,0,135,254135,1.35
P011,22,189,3,261600,66,183,153,261753,1.53
P011,23,189,4,270300,83,176,84,270384,0.84
P011,24,189,5,280100,74,84,153,280253,1.53
P011,25,453,1,288300,0,77,0,288300,0.0
P011,26,453,2,299500,0,148,0,299500,0.0
P011,27,453,3,308900,0,0,0,308900,0.0
P011,28,453,4,317400,0,0,0,317400,0.0
P011,29,453,5,326800,0,154,0,326800,0.0
P013,0,258,1,7700,77,49,91,7791,0.91
P013,1,258,2,17100,132,0,132,17232,1.32
P013,2,258,3,26800,0,0,0,26800,0.0
P013,3,258,4,35300,39,3,39,35339,0.39
P013,4,258,5,44100,0,175,11,44111,0.11
P013,5,453,1,54700,0,0,0,54700,0.0
P013,6,453,2,70400,0,0,0,70400,0.0
P013,7,453,3,77600,49,0,50,77650,0.5
P013,8,453,4,85100,0,193,42,85142,0.42
P013,9,453,5,94900,48,0,48,94948,0.48
P013,10,605,1,102000,0,0,0,102000,0.0
P013,11,605,2,112300,0,99,26,112326,0.26
P013,12,605,3,119500,0,1,0,119500,0.0
P013,13,605,4,127200,37,0,37,127237,0.37
P013,14,605,5,136300,30,0,30,136330,0.3
P013,15,189,1,151000,0,0,98,151098,0.98
P013,16,189,2,160100,38,59,38,160138,0.38
P013,17,189,3,168700,35,0,96,168796,0.96
P013,18,189,4,177900,0,67,0,177900,0.0
P013,19,189,5,185700,0,0,97,185797,0.97
P013,20,893,1,194600,43,144,107,194707,1.07
P013,21,893,2,206400,158,199,253,206653,2.53
P013,22,893,3,215100,190,197,263,215363,2.63
P013,23,893,4,223400,118,0,210,223610,2.1
P013,24,893,5,231600,89,0,166,231766,1.66
P013,25,762,1,239900,0,0,96,239996,0.96
P013,26,762,2,250900,24,114,24,250924,0.24
P013,27,762,3,259700,61,112,140,259840,1.4
P013,28,762,4,268200,0,158,46,268246,0.46
P013,29,762,5,277400,80,0,80,277480,0.8
P014,0,453,1,1400,55,0,55,1455,0.55
P014,1,453,2,13200,0,107,31,13231,0.31
P014,2,453,3,21900,0,28,54,21954,0.54
P014,3,453,4,30600,146,186,229,30829,2.29
P014,4,453,5,38800,0,0,20,38820,0.2
P014,5,189,1,50500,54,0,147,50647,1.47
P014,6,189,2,59800,141,57,141,59941,1.41
P014,7,189,3,69700,46,72,137,69837,1.37
P014,8,189,4,80500,130,83,168,80668,1.68
P014,9,189,5,88200,0,66,13,88213,0.13
P014,10,258,1,98300,0,51,67,98367,0.67
P014,11,258,2,106000,0,0,99,106099,0.99
P014,12,258,3,112500,0,0,0,112500,0.0
P014,13,258,4,116400,58,0,58,116458,0.58
P014,14,258,5,123600,0,21,82,123682,0.82
P014,15,762,1,131300,0,0,0,131300,0.0
P014,16,762,2,142600,0,200,0,142600,0.0
P014,17,762,3,153600,0,111,0,153600,0.0
P014,18,762,4,160800,0,199,41,160841,0.41
P014,19,762,5,167400,0,23,45,167445,0.45
P014,20,605,1,174300,57,128,136,174436,1.36
P014,21,605,2,184200,43,20,44,184244,0.44
P014,22,605,3,202800,27,55,63,202863,0.63
P014,23,605,4,232500,0,0,0,232500,0.0
P014,24,605,5,235700,38,16,38,235738,0.38
P014,25,893,1,244400,0,0,0,244400,0.0
P014,26,893,2,253300,0,74,84,253384,0.84
P014,27,893,3,260800,0,199,0,260800,0.0
P014,28,893,4,268900,177,114,190,269090,1.9
P014,29,893,5,277600,115,145,129,277729,1.29
P015,0,189,1,5700,0,77,0,5700,0.0
P015,1,189,2,15500,54,1,54,15554,0.54
P015,2,189,3,32300,31,0,31,32331,0.31
P015,3,189,4,40200,38,0,55,40255,0.55
P015,4,189,5,47800,38,162,38,47838,0.38
P015,5,762,1,60100,92,0,101,60201,1.01
P015,6,762,2,69500,0,1,0,69500,0.0
P015,7,762,3,78900,167,196,167,79067,1.67
P015,8,762,4,92000,92,35,92,92092,0.92
P015,9,762,5,102300,0,142,87,102387,0.87
P015,10,453,1,121500,0,43,43,121543,0.43
P015,11,453,2,130900,0,0,0,130900,0.0
P015,12,453,3,139200,36,46,36,139236,0.36
P015,13,453,4,146900,0,168,0,146900,0.0
P015,14,453,5,157500,0,55,53,157553,0.53
P015,15,893,1,168900,0,165,56,168956,0.56
P015,16,893,2,181200,0,98,52,181252,0.52
P015,17,893,3,191400,189,197,189,191589,1.89
P015,18,893,4,204900,0,34,0,204900,0.0
P015,19,893,5,213900,38,77,81,213981,0.81
P015,20,258,1,229400,0,93,99,229499,0.99
P015,21,258,2,242000,0,182,0,242000,0.0
P015,22,258,3,253000,153,0,153,253153,1.53
P015,23,258,4,263700,83,158,182,263882,1.82
P015,24,258,5,274400,0,120,98,274498,0.98
P015,25,605,1,288400,84,0,168,288568,1.68
P015,26,605,2,291500,0,0,0,291500,0.0
P015,27,605,3,305500,0,77,71,305571,0.71
P015,28,605,4,316000,0,106,74,316074,0.74
P015,29,605,5,325000,88,10,88,325088,0.88
P016,0,762,1,2800,128,60,128,2928,1.28
P016,1,762,2,13000,44,153,44,13044,0.44
P016,2,762,3,20700,0,28,72,20772,0.72
P016,3,762,4,28200,130,0,170,28370,1.7
P016,4,762,5,36200,0,0,46,36246,0.46
P016,5,893,1,44300,0,0,15,44315,0.15
P016,6,893,2,47000,0,129,0,47000,0.0
P016,7,893,3,63900,65,36,65,63965,0.65
P016,8,893,4,75200,48,138,147,75347,1.47
P016,9,893,5,83600,0,67,84,83684,0.84
P016,10,189,1,96000,0,195,45,96045,0.45
P016,11,189,2,108100,148,12,178,108278,1.78
P016,12,189,3,116800,95,0,95,116895,0.95
P016,13,189,4,124100,0,28,28,124128,0.28
P016,14,189,5,132000,34,147,34,132034,0.34
P016,15,605,1,145000,0,0,60,145060,0.6
P016,16,605,2,158500,61,52,61,158561,0.61
P016,17,605,3,171100,131,5,217,171317,2.17
P016,18,258,1,175700,114,170,210,175910,2.1
P016,19,605,4,178500,0,0,19,178519,0.19
P016,20,605,5,190000,0,111,0,190000,0.0
P016,21,453,1,204500,45,34,45,204545,0.45
P016,22,453,2,218200,0,17,0,218200,0.0
P016,23,453,3,230800,45,130,45,230845,0.45
P016,24,453,4,243400,30,0,30,243430,0.3
P016,25,453,5,251500,0,36,0,251500,0.0
P016,26,258,2,263800,183,114,212,264012,2.12
P016,27,258,3,275000,130,92,170,275170,1.7
P016,28,258,4,283200,0,0,38,283238,0.38
P016,29,258,5,290600,151,123,151,290751,1.51
P017,0,893,1,6300,74,179,74,6374,0.74
P017,1,893,2,23400,86,137,185,23585,1.85
P017,2,893,3,33300,0,0,32,33332,0.32
P017,3,893,4,41800,0,0,28,41828,0.28
P017,4,893,5,48300,0,199,0,48300,0.0
P017,5,605,1,59300,0,191,16,59316,0.16
P017,6,605,2,67800,66,128,154,67954,1.54
P017,7,605,3,77200,0,109,97,77297,0.97
P017,8,605,4,86200,157,0,220,86420,2.2
P017,9,605,5,94600,173,1,242,94842,2.42
P017,10,762,1,104000,57,115,88,104088,0.88
P017,11,762,2,116100,23,193,119,116219,1.19
P017,12,762,3,125800,133,0,133,125933,1.33
P017,13,762,4,135700,28,96,28,135728,0.28
P017,14,762,5,141700,0,0,0,141700,0.0
P017,15,258,1,160200,34,109,129,160329,1.29
P017,16,258,2,171900,101,197,197,172097,1.97
P017,17,258,3,182200,0,157,99,182299,0.99
P017,18,258,4,189700,146,106,244,189944,2.44
P017,19,258,5,198400,0,33,53,198453,0.53
P017,20,189,1,210100,83,0,182,210282,1.82
P017,21,189,2,222600,0,196,36,222636,0.36
P017,22,189,3,230700,37,54,38,230738,0.38
P017,23,189,4,238100,0,150,0,238100,0.0
P017,24,189,5,247000,0,115,81,247081,0.81
P017,25,453,1,258300,23,0,122,258422,1.22
P017,26,453,2,268200,37,0,110,268310,1.1
P017,27,453,3,275500,31,0,31,275531,0.31
P017,28,453,4,283700,0,44,69,283769,0.69
P017,29,453,5,292900,44,148,64,292964,0.64
P018,0,605,1,16100,0,58,62,16162,0.62
P018,1,605,2,26600,116,0,211,26811,2.11
P018,2,605,3,35400,0,0,0,35400,0.0
P018,3,605,4,44000,113,88,202,44202,2.02
P018,4,605,5,52900,0,0,0,52900,0.0
P018,5,258,1,63800,0,0,65,63865,0.65
P018,6,258,2,74600,93,199,184,74784,1.84
P018,7,258,3,82800,35,4,35,82835,0.35
P018,8,258,4,95600,0,151,54,95654,0.54
P018,9,258,5,102700,0,186,0,102700,0.0
P018,10,893,1,115700,67,111,67,115767,0.67
P018,11,893,2,122700,0,0,0,122700,0.0
P018,12,893,3,130700,128,101,178,130878,1.78
P018,13,893,4,132000,0,0,0,132000,0.0
P018,14,893,5,138000,0,174,94,138094,0.94
P018,15,453,1,151500,80,0,119,151619,1.19
P018,16,453,2,162000,43,158,43,162043,0.43
P018,17,453,3,169300,0,131,0,169300,0.0
P018,18,453,4,179700,28,192,117,179817,1.17
P018,19,453,5,186900,2,26,2,186902,0.02
P018,20,762,1,202000,24,35,62,202062,0.62
P018,21,762,2,216700,0,165,0,216700,0.0
P018,22,762,3,225500,0,0,0,225500,0.0
P018,23,762,4,234200,31,65,31,234231,0.31
P018,24,762,5,242500,43,0,43,242543,0.43
P018,25,189,1,254500,0,200,92,254592,0.92
P018,26,189,2,268600,116,0,197,268797,1.97
P018,27,189,3,278900,0,93,3,278903,0.03
P018,28,189,4,287900,115,1,204,288104,2.04
P018,29,189,5,295400,0,82,0,295400,0.0
P019,0,258,1,6500,28,76,76,6576,0.76
P019,1,258,2,18700,179,76,179,18879,1.79
P019,2,258,3,25700,24,0,119,25819,1.19
P019,3,258,4,32700,114,0,117,32817,1.17
P019,4,258,5,39800,0,155,0,39800,0.0
P019,5,453,1,49800,89,0,89,49889,0.89
P019,6,453,2,59500,72,152,171,59671,1.71
P019,7,453,3,66200,193,98,205,66405,2.05
P019,8,453,4,72900,0,102,53,72953,0.53
P019,9,453,5,81400,0,88,0,81400,0.0
P019,10,605,1,95200,0,133,0,95200,0.0
P019,11,605,2,105900,0,0,30,105930,0.3
P019,12,605,3,116000,93,196,93,116093,0.93
P019,13,605,4,122500,47,0,50,122550,0.5
P019,14,605,5,128600,49,197,50,128650,0.5
P019,15,189,1,139000,36,180,136,139136,1.36
P019,16,189,2,149800,0,0,29,149829,0.29
P019,17,189,3,157400,0,174,0,157400,0.0
P019,18,189,4,166600,192,0,192,166792,1.92
P019,19,189,5,177200,0,85,97,177297,0.97
P019,20,893,1,188200,58,168,127,188327,1.27
P019,21,893,2,198900,158,0,245,199145,2.45
P019,22,893,3,208800,53,197,53,208853,0.53
P019,23,893,4,215100,0,0,0,215100,0.0
P019,24,893,5,221800,60,106,114,221914,1.14
P019,25,762,1,232500,0,0,0,232500,0.0
P019,26,762,2,241700,160,199,259,241959,2.59
P019,27,762,3,248200,0,0,0,248200,0.0
P019,28,762,4,256000,46,48,46,256046,0.46
P019,29,762,5,264700,25,169,124,264824,1.24
P020,0,453,1,6700,53,0,56,6756,0.56
P020,1,453,2,18100,0,0,0,18100,0.0
P020,2,453,3,28500,0,0,16,28516,0.16
P020,3,453,4,36100,0,124,0,36100,0.0
P020,4,453,5,44100,0,199,0,44100,0.0
P020,5,189,1,70100,58,0,70,70170,0.7
P020,6,189,2,79900,0,119,60,79960,0.6
P020,7,189,3,89400,0,71,18,89418,0.18
P020,8,189,4,96900,34,81,34,96934,0.34
P020,9,189,5,103900,159,0,162,104062,1.62
P020,10,258,1,113300,0,75,0,113300,0.0
P020,11,258,2,123200,31,0,61,123261,0.61
P020,12,258,3,132500,0,188,5,132505,0.05
P020,13,258,4,141100,173,116,181,141281,1.81
P020,14,258,5,150400,157,169,228,150628,2.28
P020,15,762,1,161700,0,182,0,161700,0.0
P020,16,762,2,177800,48,188,126,177926,1.26
P020,17,762,3,179300,0,157,99,179399,0.99
P020,18,762,4,187400,0,0,0,187400,0.0
P020,19,762,5,197800,0,148,0,197800,0.0
P020,20,605,1,208000,89,195,183,208183,1.83
P020,21,605,2,220700,166,1,265,220965,2.65
P020,22,605,3,228600,0,161,15,228615,0.15
P020,23,605,4,236900,0,0,0,236900,0.0
P020,24,605,5,243300,0,96,80,243380,0.8
P020,25,893,1,250900,159,0,195,251095,1.95
P020,26,893,2,262300,0,176,3,262303,0.03
P020,27,893,3,272500,0,196,97,272597,0.97
P020,28,893,4,279800,47,0,47,279847,0.47
P020,29,893,5,286900,0,63,100,287000,1.0
P021,0,189,1,3400,20,61,57,3457,0.57
P021,1,189,2,18300,0,0,0,18300,0.0
P021,2,189,3,26500,146,42,184,26684,1.84
P021,3,189,4,35000,0,181,33,35033,0.33
P021,4,189,5,42200,0,26,10,42210,0.1
P021,5,762,1,51700,0,0,0,51700,0.0
P021,6,762,2,59500,0,56,38,59538,0.38
P021,7,762,3,67400,2,69,71,67471,0.71
P021,8,762,4,75600,57,69,57,75657,0.57
P021,9,762,5,84600,34,66,34,84634,0.34
P021,10,453,1,98500,74,67,74,98574,0.74
P021,11,453,2,112000,0,196,0,112000,0.0
P021,12,453,3,120400,55,0,55,120455,0.55
P021,13,453,4,129200,52,0,53,129253,0.53
P021,14,453,5,141400,0,184,0,141400,0.0
P021,15,893,1,152500,0,193,0,152500,0.0
P021,16,893,2,164100,0,55,99,164199,0.99
P021,17,893,3,173600,60,0,60,173660,0.6
P021,18,893,4,182200,0,143,0,182200,0.0
P021,19,893,5,192400,27,95,27,192427,0.27
P021,20,258,1,201800,61,121,61,201861,0.61
P021,21,258,2,212100,34,11,54,212154,0.54
P021,22,258,3,222100,49,0,136,222236,1.36
P021,23,258,4,231800,45,0,45,231845,0.45
P021,24,258,5,243700,49,194,124,243824,1.24
P021,25,605,1,252000,60,24,60,252060,0.6
P021,26,605,2,262200,28,96,128,262328,1.28
P021,27,605,3,268100,40,0,40,268140,0.4
P021,28,605,4,275700,0,0,32,275732,0.32
P021,29,605,5,281300,59,9,59,281359,0.59
P023,0,893,1,19500,56,82,70,19570,0.7
P023,1,893,2,26700,73,149,73,26773,0.73
P023,2,893,3,34900,26,1,26,34926,0.26
P023,3,893,4,41700,0,125,1,41701,0.01
P023,4,893,5,49600,45,0,45,49645,0.45
P023,5,605,1,61500,0,18,1,61501,0.01
P023,6,605,2,70500,61,0,61,70561,0.61
P023,7,605,3,81000,0,31,0,81000,0.0
P023,8,605,4,89300,0,97,0,89300,0.0
P023,9,605,5,96500,35,199,35,96535,0.35
P023,10,762,1,108100,57,0,57,108157,0.57
P023,11,762,2,115300,24,197,24,115324,0.24
P023,12,762,3,122900,34,0,78,122978,0.78
P023,13,762,4,130600,0,49,99,130699,0.99
P023,14,762,5,137800,44,187,44,137844,0.44
P023,15,258,1,149200,0,122,100,149300,1.0
P023,16,258,2,157800,22,55,59,157859,0.59
P023,17,258,3,164100,0,0,0,164100,0.0
P023,18,258,4,172600,0,0,0,172600,0.0
P023,19,258,5,181600,81,103,81,181681,0.81
P023,20,189,1,193400,0,172,89,193489,0.89
P023,21,189,2,200200,0,0,0,200200,0.0
P023,22,189,3,206000,0,44,0,206000,0.0
P023,23,189,4,215100,54,178,100,215200,1.0
P023,24,189,5,223200,0,78,0,223200,0.0
P023,25,453,1,235100,0,0,11,235111,0.11
P023,26,453,2,241900,97,106,97,241997,0.97
P023,27,453,3,255900,0,85,94,255994,0.94
P023,28,453,4,265600,54,0,154,265754,1.54
P023,29,453,5,271500,0,13,0,271500,0.0
P024,0,605,1,2100,72,197,72,2172,0.72
P024,1,605,2,17500,22,13,74,17574,0.74
P024,2,605,3,27600,0,0,61,27661,0.61
P024,3,605,4,36400,194,0,194,36594,1.94
P024,4,605,5,45700,43,103,81,45781,0.81
P024,5,258,1,55300,0,17,19,55319,0.19
P024,6,258,2,65300,0,7,31,65331,0.31
P024,7,258,3,73100,0,0,0,73100,0.0
P024,8,258,4,81800,0,143,0,81800,0.0
P024,9,258,5,90700,0,0,100,90800,1.0
P024,10,893,1,100000,56,198,146,100146,1.46
P024,11,893,2,111700,0,190,100,111800,1.0
P024,12,893,3,120300,0,84,0,120300,0.0
P024,13,893,4,128600,21,95,21,128621,0.21
P024,14,893,5,137100,0,0,99,137199,0.99
P024,15,453,1,146100,23,16,23,146123,0.23
P024,16,453,2,156700,0,0,28,156728,0.28
P024,17,453,3,165200,0,49,71,165271,0.71
P024,18,453,4,173600,0,147,0,173600,0.0
P024,19,453,5,182500,0,32,68,182568,0.68
P024,20,762,1,193200,92,200,92,193292,0.92
P024,21,762,2,203100,0,7,88,203188,0.88
P024,22,762,3,212100,35,0,36,212136,0.36
P024,23,762,4,220600,77,47,77,220677,0.77
P024,24,762,5,229100,0,100,0,229100,0.0
P024,25,189,1,238200,34,11,34,238234,0.34
P024,26,189,2,248100,75,47,76,248176,0.76
P024,27,189,3,256200,91,64,91,256291,0.91
P024,28,189,4,264200,25,0,25,264225,0.25
P024,29,189,5,272300,38,0,38,272338,0.38
P025,0,258,1,1600,81,0,81,1681,0.81
P025,1,258,2,12400,44,0,84,12484,0.84
P025,2,258,3,21000,0,41,92,21092,0.92
P025,3,258,4,29700,0,0,0,29700,0.0
P025,4,258,5,38100,148,0,152,38252,1.52
P025,5,453,1,46300,0,200,38,46338,0.38
P025,6,453,2,54000,0,199,99,54099,0.99
P025,7,453,3,61500,0,0,0,61500,0.0
P025,8,453,4,69600,124,200,224,69824,2.24
P025,9,453,5,77000,0,197,79,77079,0.79
P025,10,605,1,85000,36,1,37,85037,0.37
P025,11,605,2,92000,0,134,48,92048,0.48
P025,12,605,3,99000,0,194,100,99100,1.0
P025,13,605,4,106600,0,198,100,106700,1.0
P025,14,605,5,114000,0,104,84,114084,0.84
P025,15,189,1,121400,51,197,93,121493,0.93
P025,16,189,2,128600,29,173,67,128667,0.67
P025,17,189,3,136400,73,43,74,136474,0.74
P025,18,189,4,143700,77,200,118,143818,1.18
P025,19,189,5,151000,35,135,35,151035,0.35
P025,20,893,1,158500,0,200,100,158600,1.0
P025,21,893,2,165000,0,189,93,165093,0.93
P025,22,893,3,172500,34,0,34,172534,0.34
P025,23,893,4,179700,0,0,0,179700,0.0
P025,24,893,5,186800,0,117,0,186800,0.0
P025,25,762,1,196300,0,199,0,196300,0.0
P025,26,762,2,203400,0,73,75,203475,0.75
P025,27,762,3,210700,75,44,146,210846,1.46
P025,28,762,4,219000,154,58,154,219154,1.54
P025,29,762,5,226500,0,0,0,226500,0.0
P026,0,453,1,15700,0,0,0,15700,0.0
P026,1,453,2,27100,0,0,0,27100,0.0
P026,2,453,3,37700,92,140,96,37796,0.96
P026,3,453,4,47900,0,198,24,47924,0.24
P026,4,453,5,59600,115,120,122,59722,1.22
P026,5,189,1,68700,0,0,0,68700,0.0
P026,6,189,2,79000,32,73,32,79032,0.32
P026,7,189,3,87600,0,107,95,87695,0.95
P026,8,189,4,97500,37,0,67,97567,0.67
P026,9,189,5,106600,129,123,129,106729,1.29
P026,10,258,1,118100,0,0,0,118100,0.0
P026,11,258,2,131100,38,198,38,131138,0.38
P026,12,258,3,137000,27,0,118,137118,1.18
P026,13,258,4,145000,0,117,1,145001,0.01
P026,14,258,5,153600,0,148,0,153600,0.0
P026,15,762,1,164500,0,0,0,164500,0.0
P026,16,762,2,174100,62,104,108,174208,1.08
P026,17,762,3,179200,0,62,72,179272,0.72
P026,18,762,4,189700,0,185,9,189709,0.09
P026,19,762,5,195700,93,89,93,195793,0.93
P026,20,605,1,204000,0,193,0,204000,0.0
P026,21,605,2,213500,0,0,0,213500,0.0
P026,22,605,3,221400,39,159,39,221439,0.39
P026,23,605,4,229000,0,24,0,229000,0.0
P026,24,605,5,237800,0,36,0,237800,0.0
P026,25,893,1,246200,79,157,99,246299,0.99
P026,26,893,2,256500,95,131,95,256595,0.95
P026,27,893,3,264500,150,53,150,264650,1.5
P026,28,893,4,272100,119,24,119,272219,1.19
P026,29,893,5,281600,0,63,53,281653,0.53
P027,0,189,1,1900,87,20,87,1987,0.87
P027,1,189,2,6600,52,164,134,6734,1.34
P027,2,189,3,17000,29,51,29,17029,0.29
P027,3,189,4,27800,50,169,50,27850,0.5
P027,4,189,5,38100,0,0,0,38100,0.0
P027,5,762,1,52800,0,0,0,52800,0.0
P027,6,762,2,62600,60,26,60,62660,0.6
P027,7,762,3,71000,0,0,0,71000,0.0
P027,8,762,4,79200,63,0,154,79354,1.54
P027,9,762,5,87400,40,95,123,87523,1.23
P027,10,453,1,96500,0,0,0,96500,0.0
P027,11,453,2,111300,0,0,0,111300,0.0
P027,12,453,3,117600,0,0,0,117600,0.0
P027,13,453,4,127100,111,0,210,127310,2.1
P027,14,453,5,139000,0,8,0,139000,0.0
P027,15,893,1,150200,0,200,53,150253,0.53
P027,16,893,2,160300,73,0,73,160373,0.73
P027,17,893,3,169100,21,30,21,169121,0.21
P027,18,893,4,180000,0,0,1,180001,0.01
P027,19,893,5,189600,0,148,73,189673,0.73
P027,20,258,1,204300,0,146,20,204320,0.2
P027,21,258,2,217300,40,164,40,217340,0.4
P027,22,258,3,225200,0,199,0,225200,0.0
P027,23,258,4,233800,61,199,122,233922,1.22
P027,24,258,5,241900,134,200,134,242034,1.34
P027,25,605,1,251000,0,0,0,251000,0.0
P027,26,605,2,262900,0,0,0,262900,0.0
P027,27,605,3,272000,0,0,8,272008,0.08
P027,28,605,4,289600,148,119,148,289748,1.48
P027,29,605,5,298700,86,35,100,298800,1.0
P028,0,762,1,1000,29,0,76,1076,0.76
P028,1,762,2,10600,72,118,166,10766,1.66
P028,2,762,3,18700,82,88,136,18836,1.36
P028,3,762,4,26400,125,157,191,26591,1.91
P028,4,762,5,34000,0,195,0,34000,0.0
P028,5,893,1,44000,37,67,57,44057,0.57
P028,6,893,2,52600,0,0,0,52600,0.0
P028,7,893,3,59800,0,19,5,59805,0.05
P028,8,893,4,66600,76,60,76,66676,0.76
P028,9,893,5,73800,0,30,14,73814,0.14
P028,10,189,1,81100,56,115,107,81207,1.07
P028,11,189,2,92600,0,0,0,92600,0.0
P028,12,189,3,101800,0,0,0,101800,0.0
P028,13,189,4,110400,58,0,106,110506,1.06
P028,14,189,5,117400,0,104,100,117500,1.0
P028,15,605,1,129900,0,0,0,129900,0.0
P028,16,605,2,142800,0,0,0,142800,0.0
P028,17,605,3,151200,0,157,49,151249,0.49
P028,18,605,4,157800,0,160,52,157852,0.52
P028,19,605,5,165400,0,0,0,165400,0.0
P028,20,453,1,173200,107,130,181,173381,1.81
P028,21,453,2,182000,0,0,1,182001,0.01
P028,22,453,3,190000,157,28,157,190157,1.57
P028,23,453,4,197100,0,119,66,197166,0.66
P028,24,453,5,203100,134,199,232,203332,2.32
P028,25,258,1,210600,0,0,0,210600,0.0
P028,26,258,2,220400,49,199,129,220529,1.29
P028,27,258,3,227000,65,183,105,227105,1.05
P028,28,258,4,234000,0,74,0,234000,0.0
P028,29,258,5,242200,27,103,41,242241,0.41
P029,0,893,1,1300,146,0,246,1546,2.46
P029,1,893,2,12100,85,111,125,12225,1.25
P029,2,893,3,21400,109,77,109,21509,1.09
P029,3,893,4,28500,0,162,80,28580,0.8
P029,4,893,5,36700,128,0,128,36828,1.28
P029,5,605,1,46300,0,18,0,46300,0.0
P029,6,605,2,59700,164,0,215,59915,2.15
P029,7,605,3,69200,0,195,95,69295,0.95
P029,8,605,4,80700,0,158,78,80778,0.78
P029,9,605,5,87600,0,133,1,87601,0.01
P029,10,762,1,96000,34,92,34,96034,0.34
P029,11,762,2,107800,32,60,32,107832,0.32
P029,12,762,3,118000,47,105,47,118047,0.47
P029,13,762,4,128300,0,0,0,128300,0.0
P029,14,762,5,136900,177,149,177,137077,1.77
P029,15,258,1,149400,27,0,27,149427,0.27
P029,16,258,2,165300,0,124,93,165393,0.93
P029,17,258,3,172400,0,151,1,172401,0.01
P029,18,258,4,178800,65,0,65,178865,0.65
P029,19,258,5,186000,0,1,0,186000,0.0
P029,20,189,1,196500,60,0,60,196560,0.6
P029,21,189,2,208600,34,0,34,208634,0.34
P029,22,189,3,215900,0,171,91,215991,0.91
P029,23,189,4,226200,0,5,19,226219,0.19
P029,24,189,5,233900,166,82,166,234066,1.66
P029,25,453,1,256900,55,81,55,256955,0.55
P029,26,453,2,267600,44,0,44,267644,0.44
P029,27,453,3,275500,69,73,69,275569,0.69
P029,28,453,4,282400,0,152,98,282498,0.98
P029,29,453,5,290300,0,0,0,290300,0.0
P030,0,605,1,1200,96,25,96,1296,0.96
P030,1,605,2,11600,111,0,111,11711,1.11
P030,2,605,3,18700,0,0,99,18799,0.99
P030,3,605,4,24500,0,143,91,24591,0.91
P030,4,605,5,30100,129,0,129,30229,1.29
P030,5,258,1,39200,0,1,1,39201,0.01
P030,6,258,2,47800,0,0,0,47800,0.0
P030,7,258,3,54900,0,146,0,54900,0.0
P030,8,258,4,62800,0,8,0,62800,0.0
P030,9,258,5,69500,0,174,0,69500,0.0
P030,10,893,1,78400,181,0,279,78679,2.79
P030,11,893,2,88200,0,111,99,88299,0.99
P030,12,893,3,95500,0,198,0,95500,0.0
P030,13,893,4,105700,0,0,0,105700,0.0
P030,14,893,5,111600,105,0,105,111705,1.05
P030,15,453,1,120900,174,0,251,121151,2.51
P030,16,453,2,130600,0,0,0,130600,0.0
P030,17,453,3,138100,32,20,122,138222,1.22
P030,18,453,4,146300,0,118,12,146312,0.12
P030,19,453,5,154000,0,169,1,154001,0.01
P030,20,762,1,163900,0,118,0,163900,0.0
P030,21,762,2,174400,0,0,0,174400,0.0
P030,22,762,3,182100,22,0,22,182122,0.22
P030,23,762,4,189000,0,82,3,189003,0.03
P030,24,762,5,197200,0,144,32,197232,0.32
P030,25,189,1,204700,0,40,74,204774,0.74
P030,26,189,2,214000,0,31,0,214000,0.0
P030,27,189,3,222800,0,15,0,222800,0.0
P030,28,189,4,230900,0,192,0,230900,0.0
P030,29,189,5,239300,44,135,143,239443,1.43
