subject_id,epoch_ix,condition,condition_label,repeat,baseline_rms_V,snr_0_1s,poststimulus_rms_V
P001,0,258,Low/258,1,4.5562524067323434e-05,1.4575576312776912,6.641000465460074e-05
P001,1,258,Low/258,2,3.637876465784911e-05,1.845529832931874,6.713809546126821e-05
P001,2,258,Low/258,3,5.978510740078649e-05,0.8744157432057968,5.2277039120497106e-05
P001,3,258,Low/258,4,5.045641349167428e-05,1.361407861808197,6.869175800621057e-05
P001,4,258,Low/258,5,4.2965407968890894e-05,1.5489892492041315,6.65529550314815e-05
P001,5,453,MedLow/453,1,3.992693847212296e-05,1.4690889958955908,5.865622594919616e-05
P001,6,453,MedLow/453,2,2.1436024532559818e-05,2.3927734389381916,5.1291550137936603e-05
P001,7,453,MedLow/453,3,4.553885393123398e-05,1.4964539144096298,6.814679622312344e-05
P001,8,453,MedLow/453,4,3.988545892206215e-05,1.8624696229422817,7.428545563945295e-05
P001,9,453,MedLow/453,5,4.0212604237264296e-05,1.4485383206481737,5.824949821073647e-05
P001,10,605,Water/605,1,1.9629420255034658e-05,1.450321204780948,2.8468964433433403e-05
P001,11,605,Water/605,2,3.5149193539480806e-05,1.761500084661613,6.191530739558284e-05
P001,12,605,Water/605,3,5.622563480097749e-05,1.0140586554573012,5.701609162851249e-05
P001,13,605,Water/605,4,5.0923320778440845e-05,1.1411631389257277,5.811181658404729e-05
P001,14,605,Water/605,5,4.8174784040536e-05,1.238958703341134,5.968656796860164e-05
P001,15,189,Medium/189,1,5.477904472805458e-05,1.0965965592035136,6.007051196524001e-05
P001,16,189,Medium/189,2,4.388522812416998e-05,1.3725310228109502,6.023383704355892e-05
P001,17,189,Medium/189,3,4.6335187768756865e-05,1.142089920042763,5.291895089398593e-05
P001,18,189,Medium/189,4,3.204242859130196e-05,1.8891671276217714,6.053350278385565e-05
P001,19,189,Medium/189,5,4.1943576045815535e-05,1.4193439179416698,5.9532359557352186e-05
P001,20,893,High/893,1,1.9482931701664476e-05,1.338853170742471,2.6084784884132486e-05
P001,21,893,High/893,2,7.807093861926644e-06,3.7417521627738175,2.921221034284221e-05
P001,22,893,High/893,3,4.796993333953926e-05,1.44698280329248,6.941166861739993e-05
P001,23,893,High/893,4,5.2936333991059625e-05,0.7693121756418606,4.0724566273166255e-05
P001,24,893,High/893,5,3.734247535601192e-05,1.3370550041225064,4.992894354107711e-05
P001,25,762,MedHigh/762,1,5.285028631725846e-05,0.9521944210161472,5.0323747780399524e-05
P001,26,762,MedHigh/762,2,1.3935235084167957e-05,4.135059367737498,5.762302437641295e-05
P001,27,762,MedHigh/762,3,3.773617253558677e-05,1.711022374257371,6.456743552722547e-05
P001,28,762,MedHigh/762,4,2.2661170566121383e-05,2.2875144830614476,5.183775587312844e-05
P001,29,762,MedHigh/762,5,3.852429731959365e-05,1.2092157345937293,4.6584186483019666e-05
P002,0,453,MedLow/453,1,4.091532888739024e-05,1.3596515621219487,5.563059083647346e-05
P002,1,453,MedLow/453,2,4.9552567378046105e-05,1.270723374774234,6.296760564735835e-05
P002,2,453,MedLow/453,3,5.253501772817753e-05,1.1769573235264004,6.183147385676783e-05
P002,3,453,MedLow/453,4,6.106745898304436e-05,1.0366525759492535,6.330573866144834e-05
P002,4,453,MedLow/453,5,2.804474735720621e-05,2.095847676897396,5.877751859777502e-05
P002,5,189,Medium/189,1,4.8656549981838476e-05,1.3032004546242466,6.340923805677927e-05
P002,6,189,Medium/189,2,1.9866059507227487e-05,3.113331922535612,6.184963723884344e-05
P002,7,189,Medium/189,3,5.1340507119020475e-05,1.1432869587623815,5.869693224542333e-05
P002,8,189,Medium/189,4,2.6894844794375202e-05,1.93925073375147,5.215584750162401e-05
P002,9,189,Medium/189,5,2.8862259710260312e-05,2.3038727990812093,6.649497506648624e-05
P002,10,258,Low/258,1,4.545481978958563e-05,1.1722945676789451,5.328643831415665e-05
P002,11,258,Low/258,2,2.7804583496408492e-05,2.765529849410007,7.689440560973055e-05
P002,12,258,Low/258,3,4.984961638211928e-05,1.1490625526997291,5.7280327451140205e-05
P002,13,258,Low/258,4,4.404591603147482e-05,1.4058277958061138,6.192097304878941e-05
P002,14,258,Low/258,5,4.372609503906638e-05,1.5208755882449005,6.650195051419252e-05
P002,15,762,MedHigh/762,1,3.403040558344087e-05,2.1884795001050086,7.447484499961935e-05
P002,16,762,MedHigh/762,2,3.979539382845409e-05,1.6002647899547409,6.36831675460573e-05
P002,17,762,MedHigh/762,3,5.283503797829936e-05,1.3243268400587072,6.997085889018294e-05
P002,18,762,MedHigh/762,4,8.122784140306394e-06,6.991127301792895,5.678741796986637e-05
P002,19,762,MedHigh/762,5,4.069652192563207e-05,1.7717960561624222,7.210593704736245e-05
P002,20,605,Water/605,1,4.557542999896926e-05,1.217386886745898,5.548293083855078e-05
P002,21,605,Water/605,2,4.220392505965081e-05,1.0796127827188744,4.556389697530844e-05
P002,22,605,Water/605,3,2.60479405809867e-05,2.257009450139229,5.879044804795209e-05
P002,23,605,Water/605,4,3.8153017809954255e-05,1.0398628377878443,3.96739053700292e-05
P002,24,605,Water/605,5,8.013242155955579e-06,5.229941218247808,4.1908785443233015e-05
P002,25,893,High/893,1,2.712724621691046e-05,2.8925749923049726,7.846759401713484e-05
P002,26,893,High/893,2,3.490259696151669e-05,1.6831985076144576,5.8747999117493795e-05
P002,27,893,High/893,3,3.2931267493237176e-05,2.118300528456467,6.975832133366559e-05
P002,28,893,High/893,4,4.602645331342938e-05,1.8472152836270086,8.502076801171173e-05
P002,29,893,High/893,5,2.7993195989370852e-05,1.7170856847179667,4.806671610285309e-05
P003,0,189,Medium/189,1,4.832910466194471e-05,1.3663046590753265,6.603228086855413e-05
P003,1,189,Medium/189,2,4.7677570810871244e-05,1.3789149739734536,6.574331631379002e-05
P003,2,189,Medium/189,3,4.8580890007120105e-05,1.2827053542237445,6.231496772508777e-05
P003,3,189,Medium/189,4,5.261611014689141e-05,1.111602851778874,5.8488218088795876e-05
P003,4,189,Medium/189,5,5.6486994233400505e-05,1.0428821815134224,5.890927977326484e-05
P003,5,762,MedHigh/762,1,6.716055415817383e-05,0.874917963628322,5.875997528021909e-05
P003,6,762,MedHigh/762,2,4.1837367559980824e-05,1.7867320188903892,7.475216420550384e-05
P003,7,762,MedHigh/762,3,4.8402621481488114e-05,1.1177118808819275,5.4100185095690084e-05
P003,8,762,MedHigh/762,4,4.434151554452878e-05,1.2259179480740157,5.435905975084082e-05
P003,9,762,MedHigh/762,5,5.393383905242435e-05,1.0197781192756223,5.500054895419541e-05
P003,10,453,MedLow/453,1,4.748459911332375e-05,1.0886486426515967,5.1694044371575116e-05
P003,11,453,MedLow/453,2,5.415175955445865e-05,1.0933319659387815,5.920584973272045e-05
P003,12,453,MedLow/453,3,3.5662873328720476e-05,1.8272690293311404,6.516566393053047e-05
P003,13,453,MedLow/453,4,4.5252674118624305e-05,1.457242969240082,6.594414119867789e-05
P003,14,453,MedLow/453,5,3.621344923274879e-05,1.7732920763662172,6.421702258232369e-05
P003,15,893,High/893,1,4.299303626060761e-05,1.3524659077663883,5.8146615813835914e-05
P003,16,893,High/893,2,5.697644519717024e-05,1.2443158920110335,7.089669622913465e-05
P003,17,893,High/893,3,6.022441612302649e-05,1.1048322542101559,6.65378774236938e-05
P003,18,893,High/893,4,5.968916802875577e-05,1.021570637701036,6.097670144698032e-05
P003,19,893,High/893,5,3.8947950120126616e-05,1.4061833738141387,5.476795990306445e-05
P003,20,258,Low/258,1,5.936479547132942e-05,1.160654162067185,6.890199694406567e-05
P003,21,258,Low/258,2,5.1042485824738874e-05,1.2842867626694832,6.555318887845688e-05
P003,22,258,Low/258,3,5.2386392188348904e-05,1.3904126243975063,7.283870104531922e-05
P003,23,258,Low/258,4,3.0271963332294833e-05,1.6179128045709366,4.8977397094821694e-05
P003,24,258,Low/258,5,2.6537172506001725e-05,2.350201414094192,6.236770034966675e-05
P003,25,605,Water/605,1,5.7372578809203914e-05,1.0657168245899638,6.114292250708226e-05
P003,26,605,Water/605,2,1.7357102535281484e-05,3.4067647973711317,5.913156590155819e-05
P003,27,605,Water/605,3,6.010455939133552e-05,1.165967222734318,7.007994618718534e-05
P003,28,605,Water/605,4,3.0872389887239564e-05,2.571883607245524,7.940019346748393e-05
P003,29,605,Water/605,5,3.872553611979314e-05,1.7455854280607794,6.759873154455227e-05
P004,0,762,MedHigh/762,1,5.590706506774829e-05,1.032566041370522,5.772773686164904e-05
P004,1,762,MedHigh/762,2,6.465444286234213e-05,1.029954298358974,6.659112133407397e-05
P004,2,762,MedHigh/762,3,4.553767708443402e-05,1.6221431447956267,7.386863071243156e-05
P004,3,762,MedHigh/762,4,3.390992432081964e-05,2.2602212514067648,7.664393158351167e-05
P004,4,762,MedHigh/762,5,3.586498158912357e-05,2.25671113198117,8.093690320047489e-05
P004,5,893,High/893,1,3.824202394673392e-05,2.087737996061434,7.983932643988763e-05
P004,6,893,High/893,2,4.3760517159103425e-05,1.6025947136104177,7.013037346403713e-05
P004,7,893,High/893,3,4.4334499144190254e-05,1.6903127762652819,7.4939170332747e-05
P004,8,893,High/893,4,2.5009114991933927e-05,2.4531196442548273,6.135035127214104e-05
P004,9,893,High/893,5,5.102958782566516e-05,1.4181011145890272,7.236511537259442e-05
P004,10,189,Medium/189,1,3.196800620738631e-05,1.4397743677266233,4.602671592472038e-05
P004,11,189,Medium/189,2,3.609068322449852e-05,2.267006774492058,8.181782336598503e-05
P004,12,189,Medium/189,3,4.831051177234243e-05,1.5207604646523216,7.346871633049893e-05
P004,13,189,Medium/189,4,5.2251355862327106e-05,1.5254224631878406,7.970539196441546e-05
P004,14,189,Medium/189,5,3.978219289015551e-05,1.8709312527690531,7.442974798187877e-05
P004,15,605,Water/605,1,4.371334649371815e-05,1.9019196750122938,8.31392737570322e-05
P004,16,605,Water/605,2,6.121811532329929e-05,1.1430866161912614,6.997760829451659e-05
P004,17,605,Water/605,3,3.9213268812210025e-05,2.0253324455199064,7.941990562026282e-05
P004,18,605,Water/605,4,3.92250230871169e-05,1.7204130079567546,6.748323995647993e-05
P004,19,605,Water/605,5,4.675920073190842e-05,1.379549561295487,6.450663485623186e-05
P004,20,453,MedLow/453,1,5.744700873873219e-05,1.3825763006047393,7.94248728228045e-05
P004,21,453,MedLow/453,2,4.20051081118334e-05,1.8795391109908197,7.895024355758862e-05
P004,22,453,MedLow/453,3,5.371048581781838e-05,1.6210853195301889,8.706928006409979e-05
P004,23,453,MedLow/453,4,3.697088200177813e-05,2.2586488009803456,8.350423830450202e-05
P004,24,453,MedLow/453,5,3.899502012706888e-05,1.9647130346749524,7.661402433106435e-05
P004,25,258,Low/258,1,4.1490660707911034e-05,1.6203727445892075,6.723033576609741e-05
P004,26,258,Low/258,2,5.798237112154533e-05,1.365819807764773,7.919347097897476e-05
P004,27,258,Low/258,3,3.719573417107282e-05,1.9275536804759057,7.16967742994548e-05
P004,28,258,Low/258,4,3.7764334530180703e-05,1.3458774621547702,5.0826166717443356e-05
P004,29,258,Low/258,5,4.525602756286587e-05,1.7244157430596154,7.804020639774578e-05
P005,0,893,High/893,1,1.80960113740898e-05,5.485896685377472,9.92728488156723e-05
P005,1,893,High/893,2,3.766075691614942e-05,2.231881629978253,8.405435153223036e-05
P005,2,893,High/893,3,6.0803088485548865e-05,1.376432961281609,8.369137513923171e-05
P005,3,893,High/893,4,4.040395893966421e-05,2.345998545441004,9.47876289025103e-05
P005,4,893,High/893,5,5.122528443887502e-05,1.6752627713576551,8.581581197265394e-05
P005,5,605,Water/605,1,4.7811300471257033e-05,1.773976659888849,8.481613111494271e-05
P005,6,605,Water/605,2,2.553476683506267e-05,3.045829033493219,7.777453418971364e-05
P005,7,605,Water/605,3,3.63693187558699e-05,1.7544850385033985,6.380942561773478e-05
P005,8,605,Water/605,4,4.5691441454779856e-05,1.626681448233578,7.432542015754105e-05
P005,9,605,Water/605,5,2.2766672606807363e-05,3.925862655459092,8.937882977612849e-05
P005,10,762,MedHigh/762,1,3.696403039179982e-05,2.1299592847065623,7.873187973318958e-05
P005,11,762,MedHigh/762,2,6.978784379828426e-05,0.8393033506138486,5.8573171132015876e-05
P005,12,762,MedHigh/762,3,4.888397833315144e-05,1.689653391826251,8.259697979657027e-05
P005,13,762,MedHigh/762,4,5.960006902777582e-05,1.4947676776035403,8.908825676565912e-05
P005,14,762,MedHigh/762,5,6.091784334170217e-05,1.074391423346709,6.544960841510323e-05
P005,15,258,Low/258,1,5.9145842764230124e-05,1.3195732822352093,7.804727386696275e-05
P005,16,258,Low/258,2,5.211837797740411e-05,1.7395875313802451,9.066448048525495e-05
P005,17,258,Low/258,3,4.235442668527904e-05,2.0046388723698283,8.490533015024833e-05
P005,18,258,Low/258,4,4.275404111397352e-05,2.135973981701906,9.1321519432061e-05
P005,19,258,Low/258,5,3.550308751668e-05,2.8379950612336744,0.00010075758703088476
P005,20,189,Medium/189,1,4.10071079494633e-05,2.263086942013791,9.280265053018031e-05
P005,21,189,Medium/189,2,4.1233142440764184e-05,1.9480133468896332,8.032271180881002e-05
P005,22,189,Medium/189,3,4.871089150757761e-05,1.6121640269629207,7.852994700981024e-05
P005,23,189,Medium/189,4,4.1090585286874286e-05,1.9423765441304468,7.981338904581628e-05
P005,24,189,Medium/189,5,4.5080112646171046e-05,0.8519719067813168,3.84069895290749e-05
P005,25,453,MedLow/453,1,1.700987135997261e-05,4.064500752293801,6.913663493902946e-05
P005,26,453,MedLow/453,2,4.5170161999591174e-05,2.053431857614693,9.27538496635771e-05
P005,27,453,MedLow/453,3,2.839603475809285e-05,2.6557436327840174,7.541258850511873e-05
P005,28,453,MedLow/453,4,4.957939763289505e-05,1.4133880087246904,7.007492609412716e-05
P005,29,453,MedLow/453,5,5.092537195579789e-05,1.408375051845308,7.172202336848842e-05
P006,0,605,Water/605,1,3.667955969176433e-05,1.4081697165442788,5.165104517412073e-05
P006,1,605,Water/605,2,3.264126812910593e-05,1.2266515390873378,4.003946178833025e-05
P006,2,605,Water/605,3,3.055099869763287e-05,2.0666451359849245,6.313807285794474e-05
P006,3,605,Water/605,4,4.0005849685401724e-05,1.2301278577740613,4.921231017193432e-05
P006,4,605,Water/605,5,4.574637240349894e-05,1.1340074752666949,5.187672827190183e-05
P006,5,258,Low/258,1,4.644087145072084e-05,1.2795981955393883,5.942565530761906e-05
P006,6,258,Low/258,2,4.025736546113643e-05,1.1013181794776843,4.4336168440226574e-05
P006,7,258,Low/258,3,2.349927388904007e-05,2.2860998625285402,5.372168680725502e-05
P006,8,258,Low/258,4,3.832240419295335e-05,1.0850942168183786,4.158341916435005e-05
P006,9,258,Low/258,5,4.0451595744823904e-05,1.0025827024568192,4.0556070180536325e-05
P006,10,893,High/893,1,2.7406650193803615e-05,1.745676513475063,4.7843145556349765e-05
P006,11,893,High/893,2,4.5530860439769855e-05,0.8860379428844792,4.0342069921814e-05
P006,12,893,High/893,3,4.332930131231126e-05,1.369623013633991,5.934480824202299e-05
P006,13,893,High/893,4,3.1421797195916874e-05,1.5319960630889515,4.813806959932411e-05
P006,14,893,High/893,5,2.7383502379451457e-05,1.6407025039440046,4.492818092072261e-05
P006,15,453,MedLow/453,1,4.87415385775695e-05,0.9710121946087699,4.7328628342813786e-05
P006,16,453,MedLow/453,2,3.949476876167977e-05,1.0901580355978642,4.30555395296247e-05
P006,17,453,MedLow/453,3,1.9023037293158217e-05,1.5572748892291253,2.962409829350448e-05
P006,18,453,MedLow/453,4,1.468642268027976e-05,2.831266181957951,4.158117186861634e-05
P006,19,453,MedLow/453,5,2.591914907186043e-05,2.1835402846643963,5.659550614262904e-05
P006,20,762,MedHigh/762,1,2.7142309994924812e-05,1.6687442269144834,4.5293573109154055e-05
P006,21,762,MedHigh/762,2,3.229987747073187e-05,1.660856135940308,5.364544968738514e-05
P006,22,762,MedHigh/762,3,3.316875830861658e-05,1.3804417623539051,4.57875391746374e-05
P006,23,762,MedHigh/762,4,2.1169417187282455e-05,2.7278724885206054,5.774747074320305e-05
P006,24,762,MedHigh/762,5,2.2578074368817006e-05,1.7771283490700864,4.012413602823739e-05
P006,25,189,Medium/189,1,2.88852048756963e-05,1.7583008153463617,5.0788879284383526e-05
P006,26,189,Medium/189,2,2.7759181630368206e-05,1.416082417321082,3.9309289025986784e-05
P006,27,189,Medium/189,3,4.639411206109189e-05,1.1391726396597863,5.285090310130599e-05
P006,28,189,Medium/189,4,3.5590745264982515e-05,1.3322729588100481,4.741658750043298e-05
P006,29,189,Medium/189,5,3.027667079844125e-05,1.123312924800687,3.401017562782459e-05
P007,0,258,Low/258,1,6.74576633859708e-05,1.097699747990745,7.404826009882465e-05
P007,1,258,Low/258,2,7.624930431369849e-05,0.9375468888431991,7.148729803576634e-05
P007,2,258,Low/258,3,5.8376198270983505e-05,1.3263417493786702,7.742678893681236e-05
P007,3,258,Low/258,4,5.173146249161285e-05,1.0822930623833946,5.598860296161939e-05
P007,4,258,Low/258,5,7.263222457481203e-05,0.9154728077846809,6.649282656715068e-05
P007,5,453,MedLow/453,1,6.581490075220276e-05,1.195063344675944,7.865297542244272e-05
P007,6,453,MedLow/453,2,5.210626515219213e-05,1.4873454752277957,7.750001770513274e-05
P007,7,453,MedLow/453,3,5.885736048533444e-05,1.3298468250099145,7.8271273969886e-05
P007,8,453,MedLow/453,4,5.5881539859319747e-05,1.1976250702176339,6.692513309788731e-05
P007,9,453,MedLow/453,5,7.218635179858855e-05,1.042692587937566,7.526817397064187e-05
P007,10,605,Water/605,1,5.350779070503011e-05,1.1655757209861857,6.236738172939341e-05
P007,11,605,Water/605,2,6.776405002153937e-05,0.9701797064935889,6.574330616071392e-05
P007,12,605,Water/605,3,5.8006115793994286e-05,1.3822073367241758,8.017647882533097e-05
P007,13,605,Water/605,4,5.7507870763488085e-05,1.2271101339944082,7.056849099831698e-05
P007,14,605,Water/605,5,5.320441546225136e-05,1.768662257030081,9.410064153543163e-05
P007,15,189,Medium/189,1,4.3380564259583876e-05,1.8784176084222353,8.148681576849465e-05
P007,16,189,Medium/189,2,5.555766748538631e-05,1.6808936133425048,9.338652844839238e-05
P007,17,189,Medium/189,3,5.6072797211527046e-05,1.6920752916483488,9.487939469523335e-05
P007,18,189,Medium/189,4,3.2684690888494805e-05,1.3564321106111328,4.433456424655347e-05
P007,19,189,Medium/189,5,5.574002311922522e-05,1.1944437748410903,6.6578323624257e-05
P007,20,893,High/893,1,5.133592478524235e-05,1.2197326526642434,6.261610371527572e-05
P007,21,893,High/893,2,4.4057291085614266e-05,1.4113048500002852,6.217826858700176e-05
P007,22,893,High/893,3,1.9337228686396644e-05,1.798640613386309,3.478072486569179e-05
P007,23,893,High/893,4,5.9586467056110545e-05,1.4182956423619535,8.451122656942567e-05
P007,24,893,High/893,5,3.64182934289918e-05,1.8588941296642618,6.76977518675434e-05
P007,25,762,MedHigh/762,1,5.93327644204064e-05,1.2146295637050213,7.206732976137103e-05
P007,26,762,MedHigh/762,2,5.572875435760887e-05,1.5281623407726335,8.516258370746666e-05
P007,27,762,MedHigh/762,3,6.450181465303917e-05,1.315760295811647,8.486892672827084e-05
P007,28,762,MedHigh/762,4,3.488585412941099e-05,2.378345161515585,8.297060237402311e-05
P007,29,762,MedHigh/762,5,5.724953324219184e-05,1.1921252447559014,6.824861382850906e-05
P008,0,453,MedLow/453,1,1.8801682999573936e-05,5.540847354555306,0.0001041772555093767
P008,1,453,MedLow/453,2,4.4942905277861135e-05,1.740470074784264,7.822178170998103e-05
P008,2,453,MedLow/453,3,6.318626746276663e-05,1.1379732833951195,7.190428425008675e-05
P008,3,453,MedLow/453,4,5.884061634747494e-05,1.4130446986569996,8.314442099550984e-05
P008,4,453,MedLow/453,5,4.2311773812050754e-05,1.2658779516874192,5.3561541565460186e-05
P008,5,189,Medium/189,1,2.5648115988860486e-05,2.4681575975304533,6.33035923402483e-05
P008,6,189,Medium/189,2,5.147185571864837e-05,1.4014702511220682,7.213627455973297e-05
P008,7,189,Medium/189,3,4.440595729626968e-05,1.2596632163283386,5.593655099195792e-05
P008,8,189,Medium/189,4,1.8562904378859046e-05,5.538802432656409,0.00010281625993079276
P008,9,189,Medium/189,5,3.9392513134938123e-05,1.323771762094256,5.214669652595817e-05
P008,10,258,Low/258,1,1.9327596500492338e-05,3.4588034228745204,6.68503569318405e-05
P008,11,258,Low/258,2,3.111145067929049e-05,1.578653826150068,4.911421065194105e-05
P008,12,258,Low/258,3,3.0698904114629344e-05,1.4258306762078172,4.3771439212600905e-05
P008,13,258,Low/258,4,5.4270908755441084e-05,1.0470907157953984,5.6826564695601566e-05
P008,14,258,Low/258,5,3.396992739239369e-05,1.859606185542714,6.31706871013322e-05
P008,15,762,MedHigh/762,1,3.505071419029971e-05,2.4328178116352053,8.527200179269598e-05
P008,16,762,MedHigh/762,2,1.535813377865636e-05,5.5551773398655655,8.53171567498157e-05
P008,17,762,MedHigh/762,3,4.016434660394446e-05,1.352747195937979,5.4332207245166945e-05
P008,18,762,MedHigh/762,4,3.7016277272689325e-05,1.9747423102413004,7.309760889800304e-05
P008,19,762,MedHigh/762,5,4.166191009212408e-05,2.2815946924786648,9.505559294471361e-05
P008,20,605,Water/605,1,5.675396796649511e-05,1.0218061039251864,5.7991550890139205e-05
P008,21,605,Water/605,2,5.113343837769837e-05,1.5597936791544886,7.975761397496947e-05
P008,22,605,Water/605,3,6.130680685273688e-05,1.1187858161171216,6.858918593827396e-05
P008,23,605,Water/605,4,3.184187029259487e-05,2.58120613644035,8.219043099498354e-05
P008,24,605,Water/605,5,4.171701426890164e-05,1.2632545986076327,5.269921011537022e-05
P008,25,893,High/893,1,2.2150111825295527e-05,2.184800745605649,4.839358083115415e-05
P008,26,893,High/893,2,1.862860741915294e-05,3.6474982409039094,6.794781279184985e-05
P008,27,893,High/893,3,4.0730717632209216e-05,1.836771318766168,7.481301393960532e-05
P008,28,893,High/893,4,4.560752013996262e-05,1.9455841778791232,8.873326957661474e-05
P008,29,893,High/893,5,4.802373144520197e-05,1.5328019565459743,7.361086951984401e-05
P009,0,189,Medium/189,1,5.070860522156011e-05,1.2335658975182053,6.255240611203017e-05
P009,1,189,Medium/189,2,4.783936429810695e-05,1.2797207241850845,6.122102592412748e-05
P009,2,189,Medium/189,3,2.5712170931235024e-05,1.5573881388276876,4.004383003181548e-05
P009,3,189,Medium/189,4,3.4656793652430906e-05,1.5721883844249578,5.4487008421764475e-05
P009,4,189,Medium/189,5,1.9606424348032057e-05,2.8386697881270964,5.56561644499581e-05
P009,5,762,MedHigh/762,1,4.1909634933395284e-05,1.3849525874247517,5.804285733903254e-05
P009,6,762,MedHigh/762,2,5.197412821414793e-05,1.1315956469724628,5.881369724231848e-05
P009,7,762,MedHigh/762,3,2.481856835261815e-05,1.06103138569612,2.6333279970172307e-05
P009,8,762,MedHigh/762,4,1.9441445771206314e-05,0.9477833344304663,1.8426278299183008e-05
P009,9,762,MedHigh/762,5,4.1865613661265344e-05,1.3573050333714938,5.682440814762181e-05
P009,10,453,MedLow/453,1,5.264867312383633e-05,1.0948348227658908,5.7641600708394654e-05
P009,11,453,MedLow/453,2,5.014420043424915e-05,1.1921104507081863,5.97774253800744e-05
P009,12,453,MedLow/453,3,3.471348687987217e-05,1.496758732467749,5.19577146218533e-05
P009,13,453,MedLow/453,4,4.981352416792962e-05,1.2585178052836672,6.269120710926768e-05
P009,14,453,MedLow/453,5,1.9582012418686796e-05,2.130203458378331,4.171367057629403e-05
P009,15,893,High/893,1,1.7911755228716748e-05,2.884905517222305,5.167372148246043e-05
P009,16,893,High/893,2,3.288881820130192e-05,1.6463143036442487,5.414533183475866e-05
P009,17,893,High/893,3,5.406897743130753e-05,0.9956967967118621,5.3836307629838864e-05
P009,18,893,High/893,4,4.19268753500346e-05,1.4963363538753938,6.27367077906589e-05
P009,19,258,Low/258,1,5.4907991919688356e-05,1.0046945864143324,5.51657622325928e-05
P009,20,258,Low/258,2,2.5595380284975535e-05,1.7269803815741016,4.42027196110813e-05
P009,21,258,Low/258,3,3.143344171575339e-05,1.754845882392143,5.516084576430326e-05
P009,22,258,Low/258,4,3.237606960711818e-05,1.5690637340089502,5.0800116670278536e-05
P009,23,258,Low/258,5,5.0006866746481515e-05,1.3014607075521472,6.508197217834179e-05
P009,24,605,Water/605,1,4.872110705370118e-05,1.501131230467798,7.313677538127575e-05
P009,25,893,High/893,5,3.0468031991601287e-05,1.9976538049524972,6.086458003743671e-05
P009,26,605,Water/605,2,2.845927339651813e-05,1.280632422798656,3.6445868240872354e-05
P009,27,605,Water/605,3,4.657376630379342e-05,1.3760622567675034,6.408840196616028e-05
P009,28,605,Water/605,4,3.614330835710971e-05,1.432443384571884,5.177324295268349e-05
P009,29,605,Water/605,5,3.81808185523718e-05,1.6837069164812706,6.428530827354483e-05
P010,0,762,MedHigh/762,1,4.889319937626629e-05,1.467723560284574,7.176170066223706e-05
P010,1,762,MedHigh/762,2,5.876377106075097e-05,1.0768264587185523,6.327838349229623e-05
P010,2,762,MedHigh/762,3,5.073223304901335e-05,1.6527457526070466,8.384748269202769e-05
P010,3,762,MedHigh/762,4,3.9569802469936936e-05,0.9638935157297495,3.814107601947925e-05
P010,4,762,MedHigh/762,5,4.962443384524631e-05,1.1004370466235116,5.4608565421026687e-05
P010,5,893,High/893,1,5.247940148314184e-05,1.5749592234554104,8.265291740729382e-05
P010,6,893,High/893,2,4.376207908612088e-05,1.9497849662205635,8.532664389267384e-05
P010,7,893,High/893,3,5.937838311432921e-05,1.760357600312672,0.00010452718800958708
P010,8,893,High/893,4,5.725204336096494e-05,1.275912627673448,7.304860508436294e-05
P010,9,893,High/893,5,5.4257892789149595e-05,1.340873516368685,7.275297149494212e-05
P010,10,189,Medium/189,1,5.6420676035649666e-05,1.251411973930419,7.060550956826102e-05
P010,11,189,Medium/189,2,5.698390978507868e-05,1.2507126134893722,7.127049473413835e-05
P010,12,189,Medium/189,3,6.217371441455032e-05,1.391997708039832,8.654566796537711e-05
P010,13,189,Medium/189,4,3.012858246533672e-05,2.9762256427121017,8.966945971190134e-05
P010,14,189,Medium/189,5,6.77426497106786e-05,1.0816706782495953,7.327523785897447e-05
P010,15,605,Water/605,1,5.5671948255064994e-05,1.551229660360801,8.635997738332856e-05
P010,16,605,Water/605,2,2.8112770175452383e-05,3.339226119354329,9.387489645727597e-05
P010,17,605,Water/605,3,5.410848053127675e-05,1.3126320398276947,7.102452517174689e-05
P010,18,605,Water/605,4,4.337415637315545e-05,1.9189061887071501,8.323093709439965e-05
P010,19,605,Water/605,5,4.920591724475142e-05,1.5481097294477857,7.617615923300228e-05
P010,20,453,MedLow/453,1,6.042418660545436e-05,1.1867531421507629,7.1708593315927e-05
P010,21,453,MedLow/453,2,4.908100329608234e-05,1.5857795791411564,7.783165275068717e-05
P010,22,453,MedLow/453,3,5.766495626358633e-05,1.1985730784289204,6.911566414631571e-05
P010,23,453,MedLow/453,4,5.508806434089833e-05,1.2758102748788316,7.028191850930427e-05
P010,24,453,MedLow/453,5,4.310026686954332e-05,1.617954688559735,6.973427885975341e-05
P010,25,258,Low/258,1,3.917963745800529e-05,1.2760277598643455,4.999430501783569e-05
P010,26,258,Low/258,2,5.729513072985826e-05,0.9766255511161219,5.595588862531808e-05
P010,27,258,Low/258,3,4.2779380140284605e-05,2.0089530526023163,8.594176632125967e-05
P010,28,258,Low/258,4,2.905025339309948e-05,2.3131905092868976,6.71987704412972e-05
P010,29,258,Low/258,5,1.4046322226799343e-05,6.900723790262332,9.69297899561648e-05
P011,0,893,High/893,1,5.008202242819262e-05,0.9460043054757163,4.737780884400161e-05
P011,1,893,High/893,2,3.963374282842126e-05,1.495494982018484,5.927206351851508e-05
P011,2,893,High/893,3,5.3460214099415266e-05,1.1635077025154021,6.220137088279215e-05
P011,3,893,High/893,4,4.953987497906336e-05,1.1546150105265676,5.7199483270436085e-05
P011,4,893,High/893,5,4.386336509368293e-05,1.4440461627394428,6.334072404837205e-05
P011,5,605,Water/605,1,5.186319017375566e-05,1.3223695758015448,6.858230478978411e-05
P011,6,605,Water/605,2,5.0477644209527226e-05,1.1878461893333265,5.995967732081038e-05
P011,7,605,Water/605,3,5.51227139050811e-05,1.1776381383475427,6.491461018384392e-05
P011,8,605,Water/605,4,4.39690859555751e-05,1.490449287278414,6.553369282477024e-05
P011,9,605,Water/605,5,4.533795796365811e-05,1.3858239077900647,6.283042607641835e-05
P011,10,762,MedHigh/762,1,4.388899500123446e-05,1.3615295307214483,5.9756162767866746e-05
P011,11,762,MedHigh/762,2,5.1197485170297625e-05,1.009561055414361,5.168698716308677e-05
P011,12,762,MedHigh/762,3,6.54316786800999e-05,1.0601190899930844,6.936537165906741e-05
P011,13,762,MedHigh/762,4,5.965949419915773e-05,1.134790558944804,6.770103076862649e-05
P011,14,762,MedHigh/762,5,6.347672858827795e-05,1.0772499565851856,6.838030311589204e-05
P011,15,258,Low/258,1,5.3264332821593334e-05,1.0331015187472787,5.502746313304861e-05
P011,16,258,Low/258,2,5.186814028144777e-05,1.2759275984895517,6.617999166742684e-05
P011,17,258,Low/258,3,5.4719429380904315e-05,1.2057980431126192,6.598058086773358e-05
P011,18,258,Low/258,4,6.058129525471042e-05,0.9562670401132153,5.793189589944671e-05
P011,19,258,Low/258,5,4.901099218155328e-05,1.4325576021797604,7.021106944005696e-05
P011,20,189,Medium/189,1,4.3915498637572756e-05,1.5841034455397933,6.956669270437711e-05
P011,21,189,Medium/189,2,6.299236231491116e-05,1.0789701035660229,6.796687569078813e-05
P011,22,189,Medium/189,3,4.8131732576244753e-05,1.2659950964785236,6.0934537426541484e-05
P011,23,189,Medium/189,4,5.916680446356339e-05,1.2045576949332215,7.126982960119454e-05
P011,24,189,Medium/189,5,4.365714653699977e-05,1.6987173319829314,7.416115148732012e-05
P011,25,453,MedLow/453,1,5.310856428956314e-05,1.0836825437385316,5.7552824043615124e-05
P011,26,453,MedLow/453,2,4.1254403096213155e-05,1.4542242844941355,5.9993154824823236e-05
P011,27,453,MedLow/453,3,4.4309141693212616e-05,1.4483798678597062,6.417646879059229e-05
P011,28,453,MedLow/453,4,4.6053969493640676e-05,1.2699800426214851,5.8487622140422354e-05
P011,29,453,MedLow/453,5,5.9148728599560374e-05,1.2154195096009996,7.189051870800029e-05
P013,0,258,Low/258,1,4.614600107447275e-05,1.1024424400508452,5.0873310023130654e-05
P013,1,258,Low/258,2,6.498997097794977e-05,0.8182064046181178,5.3175210490104105e-05
P013,2,258,Low/258,3,3.918819860366009e-05,1.5864499953334448,6.217011749190269e-05
P013,3,258,Low/258,4,4.3250107601598436e-05,1.3583718127839342,5.874972706588347e-05
P013,4,258,Low/258,5,4.311480599232115e-05,1.191601929500023,5.137568601046903e-05
P013,5,453,MedLow/453,1,5.7468599283862836e-05,1.2082814236400026,6.943824095730264e-05
P013,6,453,MedLow/453,2,4.93334000081747e-05,1.300954757731688,6.418052145571538e-05
P013,7,453,MedLow/453,3,5.786953482333597e-05,1.3515157436884464,7.821158739366539e-05
P013,8,453,MedLow/453,4,2.893234105717376e-05,1.7670878283970386,5.112598772916365e-05
P013,9,453,MedLow/453,5,4.76593537316826e-05,1.487916406484514,7.091313433981949e-05
P013,10,605,Water/605,1,5.132479710493805e-05,1.255686883545544,6.4447874525307e-05
P013,11,605,Water/605,2,4.0643931305715635e-05,1.5856261574170767,6.444608061860553e-05
P013,12,605,Water/605,3,3.93353820290144e-05,1.499046553647949,5.8965568867019505e-05
P013,13,605,Water/605,4,4.427521457997595e-05,1.4268391800914788,6.317361086966717e-05
P013,14,605,Water/605,5,3.961341579319047e-05,1.50186135986364,5.9493858512004835e-05
P013,15,189,Medium/189,1,3.673091424382578e-05,1.5112916912112677,5.5511125507287496e-05
P013,16,189,Medium/189,2,4.60633970108498e-05,1.2039418026286444,5.5457649232441436e-05
P013,17,189,Medium/189,3,3.6531383843974603e-05,1.638426670250519,5.985399359112692e-05
P013,18,189,Medium/189,4,3.598722408680151e-05,1.416626270181856,5.098044703228427e-05
P013,19,189,Medium/189,5,4.701341328362387e-05,0.8646064403736202,4.064809990896791e-05
P013,20,893,High/893,1,4.8330233490109e-05,1.1397384049490862,5.508382322883374e-05
P013,21,893,High/893,2,3.593934371145915e-05,1.6393579722146228,5.891744962954203e-05
P013,22,893,High/893,3,2.389407128082791e-05,2.060067482857603,4.922339927871529e-05
P013,23,893,High/893,4,3.5734843378687885e-05,1.6894255054806269,6.0371355838310805e-05
P013,24,893,High/893,5,4.153960183066306e-05,1.5339002654268352,6.371760627377913e-05
P013,25,762,MedHigh/762,1,5.965188969159575e-05,0.8611321111509715,5.1368157704268725e-05
P013,26,762,MedHigh/762,2,4.1836573536801375e-05,1.250270926727925,5.2307051566977636e-05
P013,27,762,MedHigh/762,3,5.8473539645562964e-05,1.3309170231296819,7.782342931692807e-05
P013,28,762,MedHigh/762,4,3.835370477653553e-05,1.572176483797292,6.029879271617305e-05
P013,29,762,MedHigh/762,5,3.0240886589203815e-05,1.7485315860809736,5.2877145392315404e-05
P014,0,453,MedLow/453,1,5.843672432482144e-05,1.3350009766725814,7.801308404718302e-05
P014,1,453,MedLow/453,2,6.142046710692476e-05,1.1276321002571124,6.925969032255445e-05
P014,2,453,MedLow/453,3,5.994450526708053e-05,1.1031284737922216,6.612649060750433e-05
P014,3,453,MedLow/453,4,3.6050217582564124e-05,1.823262123458675,6.572899626073312e-05
P014,4,453,MedLow/453,5,5.032431054819956e-05,1.3481634610329003,6.78453966827552e-05
P014,5,189,Medium/189,1,4.752656663897711e-05,1.7690077392856978,8.407486420602798e-05
P014,6,189,Medium/189,2,4.737611278980049e-05,1.6397486958395195,7.768491916102134e-05
P014,7,189,Medium/189,3,5.094425265959516e-05,1.3548511377163184,6.902187867596008e-05
P014,8,189,Medium/189,4,3.8744042060520066e-05,1.5562888891123,6.0296922178087e-05
P014,9,189,Medium/189,5,5.277533712059222e-05,1.4431314593022695,7.616174927400946e-05
P014,10,258,Low/258,1,3.629929176462221e-05,1.1886097129297495,4.314569076390082e-05
P014,11,258,Low/258,2,4.4446786434885856e-05,1.0943880301290132,4.8642031052039676e-05
P014,12,258,Low/258,3,3.3115976773177936e-05,2.416378645870409,8.002073911184762e-05
P014,13,258,Low/258,4,4.8791353013364215e-05,1.2779757183454359,6.235416441629989e-05
P014,14,258,Low/258,5,4.513710294044401e-05,1.1840564599193883,5.3444878318679145e-05
P014,15,762,MedHigh/762,1,5.1608562014302004e-05,1.1292605818909416,5.8279514770825435e-05
P014,16,762,MedHigh/762,2,3.057710855164502e-05,2.08907323753194,6.387781915635062e-05
P014,17,762,MedHigh/762,3,5.07312241768988e-05,1.4575600995046054,7.394380815927105e-05
P014,18,762,MedHigh/762,4,6.646373315862419e-05,1.0400843616956765,6.912788947819939e-05
P014,19,762,MedHigh/762,5,5.430595234363188e-05,1.081136721021645,5.8712159248751904e-05
P014,20,605,Water/605,1,4.6386373838939974e-05,1.433226950259357,6.648220111077436e-05
P014,21,605,Water/605,2,6.23516662500315e-05,0.8775400956744522,5.471608716651416e-05
P014,22,605,Water/605,3,4.466202532738474e-05,1.4357637339308664,6.412411624896083e-05
P014,23,605,Water/605,4,6.460534843642149e-05,0.8636429595510673,5.579595432645897e-05
P014,24,605,Water/605,5,3.909204935281997e-05,1.9233175991471843,7.518642650700892e-05
P014,25,893,High/893,1,4.590246611303916e-05,0.714291022734948,3.2787719465939045e-05
P014,26,893,High/893,2,6.139186698084394e-05,0.9793116358722345,6.0121769682260895e-05
P014,27,893,High/893,3,3.467429123120033e-05,1.4405162955974213,4.9948881556834845e-05
P014,28,893,High/893,4,3.099668486174913e-05,1.955828920599491,6.062421269531739e-05
P014,29,893,High/893,5,2.6702463167604425e-05,2.7026610443086643,7.216770699017143e-05
P015,0,189,Medium/189,1,5.368773785906534e-05,1.3877201319421735,7.450355466545898e-05
P015,1,189,Medium/189,2,4.9546682948577746e-05,1.570498045541701,7.781296873381568e-05
P015,2,189,Medium/189,3,5.4260146026943445e-05,1.3080001373712735,7.097227845702739e-05
P015,3,189,Medium/189,4,3.5593136827345755e-05,2.0153166951087176,7.173144287943883e-05
P015,4,189,Medium/189,5,3.4297182165829574e-05,1.6100214045984158,5.521919740439667e-05
P015,5,762,MedHigh/762,1,6.51406431374684e-05,1.0892212062922701,7.095256989684762e-05
P015,6,762,MedHigh/762,2,1.8156090326543513e-05,4.119169358905667,7.478801095062164e-05
P015,7,762,MedHigh/762,3,5.293045708101064e-05,1.1740981891396647,6.214555380914933e-05
P015,8,762,MedHigh/762,4,4.760539238611355e-05,1.558099513198395,7.41739387024221e-05
P015,9,762,MedHigh/762,5,3.470338288136814e-05,1.2826267220796457,4.45114862302041e-05
P015,10,453,MedLow/453,1,3.121797060400489e-05,2.294882129218831,7.164156284960964e-05
P015,11,453,MedLow/453,2,4.593396088934784e-05,1.194905123361618,5.488672520297392e-05
P015,12,453,MedLow/453,3,5.4437624688569015e-05,1.2570819128105633,6.843255337236988e-05
P015,13,453,MedLow/453,4,4.754567109460673e-05,1.374705524678023,6.536129672828008e-05
P015,14,453,MedLow/453,5,2.0866904058359502e-05,2.0322456884724733,4.240667580436986e-05
P015,15,893,High/893,1,4.291955324215477e-05,1.835939593240353,7.87977071214593e-05
P015,16,893,High/893,2,5.020024993205838e-05,1.100241169940832,5.5232381716570085e-05
P015,17,893,High/893,3,2.2699543999289297e-05,1.9201538330043182,4.358661641768551e-05
P015,18,893,High/893,4,5.152703612417748e-05,1.0567576963601504,5.445159199485204e-05
P015,19,893,High/893,5,2.08530044267988e-05,4.385036267341479,9.144118069454515e-05
P015,20,258,Low/258,1,4.771832269651082e-05,1.2626103447043007,6.024964786855258e-05
P015,21,258,Low/258,2,5.357898777619588e-05,1.0432139340112934,5.589434661834832e-05
P015,22,258,Low/258,3,5.4577733590578145e-05,1.0675353160605596,5.826365807848686e-05
P015,23,258,Low/258,4,5.5083449488767524e-05,1.2558809067838383,6.91782524927351e-05
P015,24,258,Low/258,5,5.2331381043484354e-05,1.0083424510598389,5.27679530287334e-05
P015,25,605,Water/605,1,5.184670604101966e-05,1.0953811938818785,5.679190676205492e-05
P015,26,605,Water/605,2,3.269192198416493e-05,2.257816036406908,7.38123457168111e-05
P015,27,605,Water/605,3,6.13248837151578e-05,1.5015158765622134,9.208028652664097e-05
P015,28,605,Water/605,4,2.716323460880392e-05,1.9093288134496778,5.18635465050828e-05
P015,29,605,Water/605,5,1.161061437709112e-05,4.431882738824435,5.145688144497697e-05
P016,0,762,MedHigh/762,1,6.655913855747234e-05,1.1442047317947905,7.615728128164496e-05
P016,1,762,MedHigh/762,2,5.801019133219663e-05,1.4001189671157992,8.122116917022506e-05
P016,2,762,MedHigh/762,3,6.503259934218662e-05,1.1036152185201011,7.177096633395747e-05
P016,3,762,MedHigh/762,4,5.9534448149985305e-05,1.2553759297567748,7.473811319884429e-05
P016,4,762,MedHigh/762,5,5.460546444960953e-05,1.4219166443835565,7.764441877519438e-05
P016,5,893,High/893,1,5.16609999672737e-05,1.2452393963540187,6.433031241429287e-05
P016,6,893,High/893,2,5.319952898105993e-05,1.4578512480631043,7.75569997214075e-05
P016,7,893,High/893,3,4.4471795261225316e-05,1.8541372512736318,8.2456812224852e-05
P016,8,893,High/893,4,5.4839199130222e-05,1.192074921125749,6.537243397775863e-05
P016,9,893,High/893,5,4.426126303079296e-05,1.6845206419455396,7.455901121395173e-05
P016,10,189,Medium/189,1,4.6634505811755274e-05,1.7325473721447835,8.079649049542722e-05
P016,11,189,Medium/189,2,4.97259719984077e-05,1.3752049971857345,6.838340518212818e-05
P016,12,189,Medium/189,3,5.126286947427536e-05,1.5979764351032972,8.191685741566819e-05
P016,13,189,Medium/189,4,4.0484415709141976e-05,1.7329779398327392,7.015859933096104e-05
P016,14,189,Medium/189,5,4.171218614688145e-05,1.7045713164646286,7.110139605300738e-05
P016,15,605,Water/605,1,4.6159092109575355e-05,1.4619056589952362,6.748023796907058e-05
P016,16,605,Water/605,2,4.743801163087541e-05,1.4099884304624724,6.688704756367853e-05
P016,17,605,Water/605,3,3.7582285199124415e-05,1.6147027225169317,6.0684218229433985e-05
P016,18,258,Low/258,1,3.534997314456919e-05,1.6376943922628566,5.789245278550354e-05
P016,19,605,Water/605,4,3.9376243997160696e-05,1.6732121412579668,6.588480953318542e-05
P016,20,605,Water/605,5,4.05911768738814e-05,1.7920769450048575,7.27425122462972e-05
P016,21,453,MedLow/453,1,3.0049872197579307e-05,2.129052636838484,6.397775963891568e-05
P016,22,453,MedLow/453,2,3.573106321279228e-05,1.7817190746859517,6.366271688504151e-05
P016,23,453,MedLow/453,3,3.668019058184396e-05,1.840682341404917,6.751657908336712e-05
P016,24,453,MedLow/453,4,4.7436646363921294e-05,1.4103356165934626,6.690159189878696e-05
P016,25,453,MedLow/453,5,4.427027505518411e-05,1.2718577182496533,5.6305491017971004e-05
P016,26,258,Low/258,2,8.965554495283953e-06,4.48685450805775,4.0227138604402234e-05
P016,27,258,Low/258,3,3.508007535485048e-05,1.4856759993780015,5.211762601107309e-05
P016,28,258,Low/258,4,4.5865937650045066e-05,1.167256149646926,5.353729778133756e-05
P016,29,258,Low/258,5,5.061031999518069e-05,1.21868445425046,6.167801020276794e-05
P017,0,893,High/893,1,5.729771891234358e-05,1.3487246007335103,7.72788430629915e-05
P017,1,893,High/893,2,5.072783251262356e-05,1.4226189728805325,7.216637698556418e-05
P017,2,893,High/893,3,2.567409017088525e-05,2.3688516239766653,6.081811019542487e-05
P017,3,893,High/893,4,4.7944048473911104e-05,1.96328247909429,9.4127710345677e-05
P017,4,893,High/893,5,4.270994029577791e-05,1.9198985980424246,8.199875449633964e-05
P017,5,605,Water/605,1,5.215626515616241e-05,1.4179130659888006,7.395304983809909e-05
P017,6,605,Water/605,2,3.968201492262423e-05,1.3628939908378952,5.408237968238425e-05
P017,7,605,Water/605,3,3.91687038464308e-05,2.2432939318245086,8.78669156561295e-05
P017,8,605,Water/605,4,2.1892194876014163e-05,2.7008388392759435,5.9127290198136834e-05
P017,9,605,Water/605,5,4.887737742293044e-05,1.738350292987863,8.496600336362947e-05
P017,10,762,MedHigh/762,1,5.304559114185778e-05,1.516689628714654,8.045369793389362e-05
P017,11,762,MedHigh/762,2,2.864943776242377e-05,2.4759276269883537,7.093393445366841e-05
P017,12,762,MedHigh/762,3,4.774721238171994e-05,1.513000881618734,7.22415744283792e-05
P017,13,762,MedHigh/762,4,1.1071352427295815e-05,5.221788292046162,5.7812258481970137e-05
P017,14,762,MedHigh/762,5,3.7614938179722904e-05,1.8414169451608111,6.926478455531811e-05
P017,15,258,Low/258,1,2.7636060283991223e-05,2.471431510916814,6.83006302234526e-05
P017,16,258,Low/258,2,2.391153809674369e-05,3.452310205662272,8.255004700447044e-05
P017,17,258,Low/258,3,3.8472202562898686e-05,0.8730106019973938,3.358664071960186e-05
P017,18,258,Low/258,4,4.5657070742915e-05,1.0534644604320558,4.8098101395093154e-05
P017,19,258,Low/258,5,4.318014441800372e-05,1.5133317931128472,6.534588537896928e-05
P017,20,189,Medium/189,1,4.898174808577288e-05,1.6753843617732815,8.206325475522227e-05
P017,21,189,Medium/189,2,1.0223747056458092e-05,1.2098859404682645,1.236956782251245e-05
P017,22,189,Medium/189,3,5.410521751272161e-05,1.4066615473759707,7.610772898755844e-05
P017,23,189,Medium/189,4,4.4063301292988586e-05,1.2169136645866345,5.3621233450235726e-05
P017,24,189,Medium/189,5,3.6009082441231386e-05,2.132577372595686,7.679215442210267e-05
P017,25,453,MedLow/453,1,4.242102999353884e-05,1.7911879949349254,7.598403965720117e-05
P017,26,453,MedLow/453,2,4.92336369673042e-05,1.4831774898096883,7.302222209136771e-05
P017,27,453,MedLow/453,3,5.260699140617719e-05,1.6742833199267346,8.807900822289156e-05
P017,28,453,MedLow/453,4,4.8369647913781184e-05,1.6907984346669918,8.178332497801477e-05
P017,29,453,MedLow/453,5,3.738255338560422e-05,2.5454964336391686,9.515715632338137e-05
P018,0,605,Water/605,1,5.0701787207265846e-05,1.7022684588070498,8.630805316807543e-05
P018,1,605,Water/605,2,5.8612006526281964e-05,1.3930102940274196,8.164712844471308e-05
P018,2,605,Water/605,3,3.540249924494862e-05,2.387685062469713,8.453001862125911e-05
P018,3,605,Water/605,4,4.539111061317458e-05,1.3914305638498496,6.315857863426039e-05
P018,4,605,Water/605,5,4.921724388648767e-05,1.6001974576938913,7.875730854185777e-05
P018,5,258,Low/258,1,5.5191519650844904e-05,1.3227043260287463,7.300206180227311e-05
P018,6,258,Low/258,2,4.614971948735545e-05,1.7233511555562981,7.953217240713304e-05
P018,7,258,Low/258,3,3.608656558600015e-05,2.045999777388197,7.38331051556609e-05
P018,8,258,Low/258,4,4.193910085636281e-05,1.8873317912540986,7.915299834282553e-05
P018,9,258,Low/258,5,3.231114053373933e-05,1.9936180634129237,6.441607341753624e-05
P018,10,893,High/893,1,2.9188806392293075e-05,3.035604372899435,8.860566832415982e-05
P018,11,893,High/893,2,4.260202298515296e-05,1.809228339488047,7.707678730425992e-05
P018,12,893,High/893,3,4.551495103327895e-05,1.6222265611559892,7.383556249589936e-05
P018,13,893,High/893,4,4.492889311330483e-05,1.4650059958941786,6.582109779988023e-05
P018,14,893,High/893,5,3.864666286022655e-05,1.4956197407917533,5.780071188947831e-05
P018,15,453,MedLow/453,1,4.6163082225730976e-05,1.423991704926422,6.573584616327727e-05
P018,16,453,MedLow/453,2,5.012208633222781e-05,1.668114837514508,8.360939589797232e-05
P018,17,453,MedLow/453,3,5.4383031438482085e-05,1.3197196568882141,7.177035559053454e-05
P018,18,453,MedLow/453,4,4.737819246585218e-05,1.406633065414587,6.664373210204396e-05
P018,19,453,MedLow/453,5,6.458529190282745e-05,1.2218789493161668,7.891540861150471e-05
P018,20,762,MedHigh/762,1,4.998318118131772e-05,1.5584336561182408,7.78954717928214e-05
P018,21,762,MedHigh/762,2,5.0590453333311084e-05,1.6738908142566862,8.468289512371097e-05
P018,22,762,MedHigh/762,3,4.158939830301834e-05,1.948215197253432,8.102509781856646e-05
P018,23,762,MedHigh/762,4,4.318717982303831e-05,1.4420843442523616,6.227955589521502e-05
P018,24,762,MedHigh/762,5,4.188081975632311e-05,1.9816046248707928,8.299122612250995e-05
P018,25,189,Medium/189,1,4.2487413334439804e-05,2.0012738825452034,8.50289506431172e-05
P018,26,189,Medium/189,2,4.653627086518227e-05,1.8128502593313796,8.436329070626099e-05
P018,27,189,Medium/189,3,5.583873301755366e-05,1.2879756862805711,7.191893047932125e-05
P018,28,189,Medium/189,4,3.8646495102701264e-05,2.195115368622805,8.48335153433455e-05
P018,29,189,Medium/189,5,5.463589902091104e-05,1.147600684905984,6.27001951368517e-05
P019,0,258,Low/258,1,5.318563653983594e-05,0.861304236796266,4.5809014088466994e-05
P019,1,258,Low/258,2,3.5159933694559175e-05,1.3946039903225251,4.903418382990765e-05
P019,2,258,Low/258,3,3.1436160042899115e-05,1.7816305486098822,5.60076230634184e-05
P019,3,258,Low/258,4,1.973866264893106e-05,3.1490418413590073,6.215787457395415e-05
P019,4,258,Low/258,5,2.6699881780263725e-05,2.4908653747515017,6.650581103641742e-05
P019,5,453,MedLow/453,1,1.736301975479712e-05,3.5165189563710686,6.105738810758941e-05
P019,6,453,MedLow/453,2,1.5597868327300223e-05,4.348789336460362,6.783184345327605e-05
P019,7,453,MedLow/453,3,3.383357672114771e-05,1.6358062838306198,5.5345177404918805e-05
P019,8,453,MedLow/453,4,3.3263345879014086e-05,1.367359263761116,4.548294413136005e-05
P019,9,453,MedLow/453,5,3.621981481369397e-05,1.7945675786634283,6.499890536984854e-05
P019,10,605,Water/605,1,2.8935535317988982e-05,1.4178020917893093,4.1024862500888214e-05
P019,11,605,Water/605,2,4.737617006378305e-05,1.3472883141368488,6.382936029549491e-05
P019,12,605,Water/605,3,2.637307975909061e-05,2.0410505107344297,5.3828787911931744e-05
P019,13,605,Water/605,4,3.8968709917760046e-05,1.4223519637197626,5.542722107515179e-05
P019,14,605,Water/605,5,2.0701664692188948e-05,2.0104643109952742,4.161995804183685e-05
P019,15,189,Medium/189,1,4.13237548549728e-05,1.6212958403448732,6.699803185379868e-05
P019,16,189,Medium/189,2,3.161284745202105e-05,1.6874035415342783,5.33436307485232e-05
P019,17,189,Medium/189,3,2.015028890247886e-05,2.367357533846696,4.77029382424708e-05
P019,18,189,Medium/189,4,4.545488352956895e-05,0.9307421081526746,4.2306774122145283e-05
P019,19,189,Medium/189,5,3.937860373936098e-05,1.4696191139828778,5.7871548737322524e-05
P019,20,893,High/893,1,3.7784549050213595e-05,1.2641518002117955,4.77654057020184e-05
P019,21,893,High/893,2,2.8253475628305552e-05,1.9691946909558413,5.5636594208309544e-05
P019,22,893,High/893,3,4.3968383109981656e-05,1.3108205098927164,5.763465836738446e-05
P019,23,893,High/893,4,4.2410990809222234e-05,1.3720752995442256,5.8191072918530994e-05
P019,24,893,High/893,5,4.021428778994797e-05,1.3939368933409146,5.605617938983753e-05
P019,25,762,MedHigh/762,1,3.408031432879721e-05,1.3720742372323516,4.676072128732321e-05
P019,26,762,MedHigh/762,2,4.747269088524112e-05,1.150147493670839,5.460059643947055e-05
P019,27,762,MedHigh/762,3,4.078720201495833e-05,1.1450811038302533,4.6704654305436016e-05
P019,28,762,MedHigh/762,4,3.405284966574957e-05,1.5047061121258223,5.123953102735514e-05
P019,29,762,MedHigh/762,5,4.280632692251802e-05,1.0324727360777948,4.419636547913276e-05
P020,0,453,MedLow/453,1,3.8785602185130085e-05,2.0421086133754467,7.920441229720768e-05
P020,1,453,MedLow/453,2,4.8947037294853265e-05,1.5869775640250439,7.767785001242921e-05
P020,2,453,MedLow/453,3,4.346483124725178e-05,1.759654401480911,7.648308161385162e-05
P020,3,453,MedLow/453,4,4.405307255837649e-05,1.4261225012553618,6.282507802493583e-05
P020,4,453,MedLow/453,5,4.737252963906327e-05,1.9964584353688204,9.457728640266733e-05
P020,5,189,Medium/189,1,4.953038149131006e-05,1.2684035432896938,6.282451138406795e-05
P020,6,189,Medium/189,2,5.961811012953524e-05,1.2558261946594649,7.486998437676317e-05
P020,7,189,Medium/189,3,5.0218011776933174e-05,1.4961028372905294,7.513130990255892e-05
P020,8,189,Medium/189,4,5.6686573610158686e-05,1.2681590196245365,7.188758961533296e-05
P020,9,189,Medium/189,5,5.386793264523598e-05,1.5207730174575493,8.192089847309557e-05
P020,10,258,Low/258,1,4.700555823091502e-05,1.5904472750878758,7.475986200234328e-05
P020,11,258,Low/258,2,5.841407955310921e-05,1.512441554221125,8.834788126770092e-05
P020,12,258,Low/258,3,4.579026899841329e-05,2.2275200049566335,0.00010199874022631115
P020,13,258,Low/258,4,9.580533510539339e-06,6.759665689454294,6.476120365785986e-05
P020,14,258,Low/258,5,5.2880765288140444e-05,1.3336269210416845,7.052321219355071e-05
P020,15,762,MedHigh/762,1,5.1373016811948485e-05,1.3979621076259523,7.1817530857535e-05
P020,16,762,MedHigh/762,2,4.552447439260921e-05,1.9793041034420205,9.010677897233261e-05
P020,17,762,MedHigh/762,3,5.581428278422608e-05,1.4511037770456856,8.099231656128645e-05
P020,18,762,MedHigh/762,4,3.352839936223492e-05,2.052254856923401,6.880882043601408e-05
P020,19,762,MedHigh/762,5,4.702030069358561e-05,1.0118404355574977,4.757704153384217e-05
P020,20,605,Water/605,1,1.2434372972114513e-05,5.276647015613002,6.561179703432701e-05
P020,21,605,Water/605,2,5.032888364602705e-05,1.3304785306671252,6.696149916348278e-05
P020,22,605,Water/605,3,3.5311882660710155e-05,1.833298193390589,6.473721068710039e-05
P020,23,605,Water/605,4,2.6746974561350932e-05,2.6746100576975307,7.153772717476921e-05
P020,24,605,Water/605,5,6.418323922071742e-05,1.1704568425088109,7.512371152026859e-05
P020,25,893,High/893,1,4.074951578169093e-05,1.6326189681104433,6.652843240650448e-05
P020,26,893,High/893,2,4.784671431668673e-05,1.2730798417097182,6.091268748861765e-05
P020,27,893,High/893,3,1.120973304916252e-05,4.6960596439200595,5.2641574991289065e-05
P020,28,893,High/893,4,2.6165812373433586e-05,1.8307668697507153,4.790350241339554e-05
P020,29,893,High/893,5,4.819699253929716e-05,1.3145622918104354,6.335794897082893e-05
P021,0,189,Medium/189,1,4.943404513205874e-05,1.311866215114005,6.485085368516881e-05
P021,1,189,Medium/189,2,5.1870309791829305e-05,1.2886078723336287,6.684048953813533e-05
P021,2,189,Medium/189,3,4.814954457564203e-05,1.307182290819688,6.294023198031243e-05
P021,3,189,Medium/189,4,4.8855866452670366e-05,1.2679054378112777,6.194461874432233e-05
P021,4,189,Medium/189,5,4.89592559843696e-05,1.358239506344778,6.649839567921778e-05
P021,5,762,MedHigh/762,1,4.5762222435413614e-05,1.661007387532197,7.601138953511367e-05
P021,6,762,MedHigh/762,2,5.698097766441387e-05,1.1633494922580545,6.628879143426341e-05
P021,7,762,MedHigh/762,3,4.258598925410462e-05,1.209968944011041,5.152772444745451e-05
P021,8,762,MedHigh/762,4,4.0567437521013274e-05,1.305685930065292,5.296833238998984e-05
P021,9,762,MedHigh/762,5,4.070234155784663e-05,1.26319133802375,5.141484529315597e-05
P021,10,453,MedLow/453,1,3.2952417339204664e-05,1.8938738128529766,6.240772026892207e-05
P021,11,453,MedLow/453,2,4.9889581461364134e-05,1.3217817094543776,6.594313626796531e-05
P021,12,453,MedLow/453,3,4.847219514118165e-05,1.0982961186957336,5.3236823788222e-05
P021,13,453,MedLow/453,4,5.1903348888898736e-05,1.0451334152213994,5.424592428568258e-05
P021,14,453,MedLow/453,5,3.6280005911816994e-05,2.021956770961876,7.335660360393526e-05
P021,15,893,High/893,1,4.039194220461373e-05,1.4121870345376464,5.704097708114947e-05
P021,16,893,High/893,2,5.6133156492188375e-05,1.1309422495503754,6.348335827763877e-05
P021,17,893,High/893,3,4.729049110531959e-05,1.5189944802391928,7.18339949567811e-05
P021,18,893,High/893,4,6.414760239128393e-05,1.1088993209280296,7.113323273085599e-05
P021,19,893,High/893,5,5.302495738988848e-05,1.1576704916757286,6.138542849263675e-05
P021,20,258,Low/258,1,4.8428857725569956e-05,1.1067231401720288,5.359733749698721e-05
P021,21,258,Low/258,2,3.5464339042709256e-05,1.9210471405281597,6.812866710871779e-05
P021,22,258,Low/258,3,4.7654607913767206e-05,1.2260257765953986,5.842577767582568e-05
P021,23,258,Low/258,4,3.113478104397013e-05,1.8924501085984713,5.892101976785089e-05
P021,24,258,Low/258,5,3.5549948404164876e-05,1.6146629675463493,5.7401185186388456e-05
P021,25,605,Water/605,1,4.961585500610647e-05,1.0517127259322303,5.218162611793053e-05
P021,26,605,Water/605,2,5.769115102278708e-05,1.1173707290501649,6.446240347807476e-05
P021,27,605,Water/605,3,5.6392720383057465e-05,1.057051820427711,5.961002773978178e-05
P021,28,605,Water/605,4,4.675294373106809e-05,1.3393769753837843,6.261981636480623e-05
P021,29,605,Water/605,5,4.0093341087215564e-05,1.3890596453408872,5.569204215113888e-05
P023,0,893,High/893,1,3.452207852286816e-05,1.841883598931112,6.358565023228285e-05
P023,1,893,High/893,2,4.299720002461835e-05,1.966111575965824,8.453729270252015e-05
P023,2,893,High/893,3,4.7769133286295605e-05,1.7284070894597088,8.256450862937907e-05
P023,3,893,High/893,4,4.276365318314969e-05,1.796448788006943,7.682271293161852e-05
P023,4,893,High/893,5,3.349854426614277e-05,2.675781820505833,8.963479576075474e-05
P023,5,605,Water/605,1,4.191335934268376e-05,1.8637198672590316,7.811476051052668e-05
P023,6,605,Water/605,2,3.5903600673627745e-05,2.374387678080898,8.524906703819875e-05
P023,7,605,Water/605,3,3.5421892733360406e-05,2.2032618271951128,7.804370410641293e-05
P023,8,605,Water/605,4,4.336951025279772e-05,1.4590134909855417,6.327670055626763e-05
P023,9,605,Water/605,5,4.210990810419362e-05,2.012525311265444,8.474725591475151e-05
P023,10,762,MedHigh/762,1,4.752013224215819e-05,1.3639725156413403,6.481615431794567e-05
P023,11,762,MedHigh/762,2,4.070327950367268e-05,1.7410851765332218,7.086787658013304e-05
P023,12,762,MedHigh/762,3,4.055995518347575e-05,1.6056269181254943,6.512415584055236e-05
P023,13,762,MedHigh/762,4,4.442930583889731e-05,1.4991775177090585,6.660741644109464e-05
P023,14,762,MedHigh/762,5,3.851609837225211e-05,1.7505734831060469,6.742526048316852e-05
P023,15,258,Low/258,1,5.718980461272947e-05,1.2755847008824803,7.295043981045601e-05
P023,16,258,Low/258,2,4.401611207078376e-05,1.7533104929285463,7.717391115162403e-05
P023,17,258,Low/258,3,3.6396684195048316e-05,2.4017330625842424,8.741511979968486e-05
P023,18,258,Low/258,4,3.1789451727578375e-05,2.281558566880599,7.252949592549371e-05
P023,19,258,Low/258,5,4.226938669626487e-05,1.840220466923548,7.778499052277255e-05
P023,20,189,Medium/189,1,4.184021195232644e-05,1.6615130625819916,6.951805869998955e-05
P023,21,189,Medium/189,2,3.280868693487897e-05,2.426236883010856,7.960164632455973e-05
P023,22,189,Medium/189,3,5.394758267256795e-05,1.388319968504955,7.489650627689796e-05
P023,23,189,Medium/189,4,4.301290114515833e-05,1.899545236721518,8.170495148785903e-05
P023,24,189,Medium/189,5,4.1686670677732264e-05,2.021478542066537,8.426871026523011e-05
P023,25,453,MedLow/453,1,4.812641330874882e-05,1.5968560477297893,7.685095414761896e-05
P023,26,453,MedLow/453,2,5.774776420213819e-05,1.3759236862427802,7.945651659328484e-05
P023,27,453,MedLow/453,3,4.877492569263264e-05,1.3969981942481944,6.813848311719766e-05
P023,28,453,MedLow/453,4,4.4212685367133905e-05,1.870498925438484,8.269978046997374e-05
P023,29,453,MedLow/453,5,3.8186288034466195e-05,2.382813522155956,9.099080348946823e-05
P024,0,605,Water/605,1,4.1805188011208466e-05,1.2839580165467586,5.3676106280235554e-05
P024,1,605,Water/605,2,5.282968714066795e-05,1.2707297073559076,6.713225287996514e-05
P024,2,605,Water/605,3,5.628127450026844e-05,1.092446865567296,6.148430191795084e-05
P024,3,605,Water/605,4,5.8182619613908195e-05,1.2815836088212984,7.456589161546932e-05
P024,4,605,Water/605,5,3.587854053552714e-05,1.7197201178782775,6.170104795905728e-05
P024,5,258,Low/258,1,5.086991286211058e-05,1.3493490403369535,6.864126810251336e-05
P024,6,258,Low/258,2,4.1390436955749844e-05,1.8846911229883763,7.800818910711177e-05
P024,7,258,Low/258,3,2.9925300571293965e-05,3.2335261355738334,9.67642415121816e-05
P024,8,258,Low/258,4,4.31847881609154e-05,1.5685341218900295,6.773681377698834e-05
P024,9,258,Low/258,5,4.3666070922416565e-05,1.1600169874333217,5.0653384044471434e-05
P024,10,893,High/893,1,5.850123081300638e-05,0.9952019594322803,5.8220539534304036e-05
P024,11,893,High/893,2,4.419901076311873e-05,1.5440714125033048,6.82464289802575e-05
P024,12,893,High/893,3,4.38879556125267e-05,1.2452308987098608,5.46506384099251e-05
P024,13,893,High/893,4,4.9899566823600824e-05,1.204217230298665,6.0089918153419715e-05
P024,14,893,High/893,5,3.759998179105185e-05,1.6182641961849247,6.0846704309664314e-05
P024,15,453,MedLow/453,1,5.064758963438226e-05,1.138362368306942,5.7655310085233514e-05
P024,16,453,MedLow/453,2,5.626333966227831e-05,1.3868538409296767,7.802902871416169e-05
P024,17,453,MedLow/453,3,3.9865234432351426e-05,1.883197897642249,7.507412567201959e-05
P024,18,453,MedLow/453,4,4.370222553615256e-05,1.7446843428022836,7.62465886385395e-05
P024,19,453,MedLow/453,5,4.4395044717583577e-05,1.7648540998467759,7.835077668270832e-05
P024,20,762,MedHigh/762,1,4.6418643099519616e-05,1.0253355308736367,4.759468406487982e-05
P024,21,762,MedHigh/762,2,2.748789874000618e-05,1.7024138603422994,4.679577980667213e-05
P024,22,762,MedHigh/762,3,4.289441241279273e-05,1.6914557139759114,7.255399897325753e-05
P024,23,762,MedHigh/762,4,5.1218521656058854e-05,1.15990529420059,5.9408634429990243e-05
P024,24,762,MedHigh/762,5,4.4315924270284953e-05,1.1601843816008415,5.141464319459027e-05
P024,25,189,Medium/189,1,4.2453538518658806e-05,1.5617604722374343,6.630225836505067e-05
P024,26,189,Medium/189,2,4.005117394519993e-05,1.5106635006668259,6.050384663787169e-05
P024,27,189,Medium/189,3,4.4030281687915144e-05,1.3632072302354346,6.002239834626879e-05
P024,28,189,Medium/189,4,4.544630210004931e-05,1.2944128838321691,5.8826278960832795e-05
P024,29,189,Medium/189,5,4.606109145662328e-05,1.4265834136485984,6.570998908656993e-05
P025,0,258,Low/258,1,3.182705997133116e-05,1.7742065030434833,5.6467776773890686e-05
P025,1,258,Low/258,2,4.456206201056393e-05,1.7664530618981271,7.871679088305487e-05
P025,2,258,Low/258,3,5.185351922079679e-05,1.4835145545388457,7.692545046811183e-05
P025,3,258,Low/258,4,3.078406253153192e-05,2.0598062876983136,6.340920556334751e-05
P025,4,258,Low/258,5,4.016620537075927e-05,1.6149697293593135,6.48672058170057e-05
P025,5,453,MedLow/453,1,5.481859635071986e-05,1.2860287605639944,7.049829152077418e-05
P025,6,453,MedLow/453,2,2.814849357316763e-05,1.9300970994794324,5.4329325800286287e-05
P025,7,453,MedLow/453,3,5.302905274401932e-05,1.0883371975356133,5.771349065139422e-05
P025,8,453,MedLow/453,4,4.769112652585325e-05,1.2917207925303167,6.160361975263878e-05
P025,9,453,MedLow/453,5,3.3673698979026224e-05,1.6352221824987114,5.506397953728789e-05
P025,10,605,Water/605,1,3.433649184719672e-05,1.8832240804485667,6.466330828476676e-05
P025,11,605,Water/605,2,2.163421381244911e-05,2.4966128223576147,5.4012255605786656e-05
P025,12,605,Water/605,3,2.9748805328063923e-05,1.9175094372697774,5.704361496406401e-05
P025,13,605,Water/605,4,2.3029410539516945e-05,2.233534928914781,5.143699283232928e-05
P025,14,605,Water/605,5,3.614764662419082e-05,1.5497593080187262,5.602015181881142e-05
P025,15,189,Medium/189,1,1.1061359175390239e-05,5.428657515271807,6.004833061660298e-05
P025,16,189,Medium/189,2,4.6504796012310626e-05,1.5343044538852832,7.135251564871477e-05
P025,17,189,Medium/189,3,3.0067296503156824e-05,2.5376087794857507,7.629903558181195e-05
P025,18,189,Medium/189,4,4.2900602098264454e-05,1.8629030311101702,7.991966168530818e-05
P025,19,189,Medium/189,5,5.605359627027878e-05,1.41809283354227,7.948920316515406e-05
P025,20,893,High/893,1,5.503335236773513e-05,1.2888784052450384,7.093129943501472e-05
P025,21,893,High/893,2,5.731407985667618e-05,1.2697580315712975,7.277501322013329e-05
P025,22,893,High/893,3,4.847609180489433e-05,1.6490463970069915,7.993932453184115e-05
P025,23,893,High/893,4,3.5947978337121595e-05,2.5065800449119946,9.010648515475764e-05
P025,24,893,High/893,5,3.654460455479639e-05,2.023407015324658,7.394460922844046e-05
P025,25,762,MedHigh/762,1,4.326466908065696e-05,1.7254170183010222,7.464959632292756e-05
P025,26,762,MedHigh/762,2,4.572067018367418e-05,1.1131359514636587,5.089332170646029e-05
P025,27,762,MedHigh/762,3,5.157862412014826e-05,1.4237464661839108,7.34348838216893e-05
P025,28,762,MedHigh/762,4,2.7067420143693518e-05,1.8163884128121552,4.9164948313723235e-05
P025,29,762,MedHigh/762,5,3.796625064671475e-05,1.8754658099050308,7.120440501819826e-05
P026,0,453,MedLow/453,1,4.9532433456614175e-05,1.1957187789365504,5.922686085049863e-05
P026,1,453,MedLow/453,2,5.585349766572254e-05,1.2135121005229514,6.777889527388473e-05
P026,2,453,MedLow/453,3,5.160076335028498e-05,1.4544130275571334,7.504882244854716e-05
P026,3,453,MedLow/453,4,3.516258619199517e-05,1.7468637182831046,6.142424605979884e-05
P026,4,453,MedLow/453,5,3.9090874375152747e-05,1.4038100990888043,5.4876164230051184e-05
P026,5,189,Medium/189,1,4.8865078490499846e-05,1.174977215656974,5.7415353867627006e-05
P026,6,189,Medium/189,2,3.1229531328454665e-05,1.5663684885898936,4.8916953786322265e-05
P026,7,189,Medium/189,3,3.041301274277742e-05,1.9694937608799024,5.989823884646111e-05
P026,8,189,Medium/189,4,2.7088627926770637e-05,2.2910118848504566,6.206036852452353e-05
P026,9,189,Medium/189,5,4.792931150310605e-05,1.7504585209130887,8.38982717221097e-05
P026,10,258,Low/258,1,5.030087083528715e-05,1.0699964531614974,5.382175338469186e-05
P026,11,258,Low/258,2,2.64646538099351e-05,2.520001438808902,6.669096567861592e-05
P026,12,258,Low/258,3,3.2097485208892556e-05,1.4702040497070257,4.718985273952519e-05
P026,13,258,Low/258,4,2.091469368274117e-05,1.6703121598491184,3.4934067177802114e-05
P026,14,258,Low/258,5,1.9024234431913897e-05,1.7416853459550588,3.3134230328078094e-05
P026,15,762,MedHigh/762,1,5.4499407690627644e-05,1.0251681529996355,5.587105712177486e-05
P026,16,762,MedHigh/762,2,2.7194041352538284e-05,1.890194954498569,5.14020397569933e-05
P026,17,762,MedHigh/762,3,2.0749248065358034e-05,1.552572455520811,3.2214711019043346e-05
P026,18,762,MedHigh/762,4,1.5108756283531362e-05,2.0395556818729847,3.0815149724110547e-05
P026,19,762,MedHigh/762,5,5.512327116970099e-05,1.1236411906602097,6.193877805020842e-05
P026,20,605,Water/605,1,3.609941236117063e-05,1.9334313511510013,6.979573561721527e-05
P026,21,605,Water/605,2,5.200677463152318e-05,1.0841461077937387,5.638294229567201e-05
P026,22,605,Water/605,3,3.553382101475755e-05,2.060325149962649,7.321122511097629e-05
P026,23,605,Water/605,4,3.228283880867815e-05,2.2593512188415654,7.293827121005277e-05
P026,24,605,Water/605,5,3.963548721654368e-05,1.6069972071616456,6.369411726147682e-05
P026,25,893,High/893,1,5.670353048971966e-05,1.245030604131921,7.059763082202847e-05
P026,26,893,High/893,2,5.483404743162435e-05,1.188538311622768,6.517236615382557e-05
P026,27,893,High/893,3,4.740265869694831e-05,1.153557199404011,5.4681678210755894e-05
P026,28,893,High/893,4,3.854269446997624e-05,1.9506025205345583,7.518147698132904e-05
P026,29,893,High/893,5,3.514653139907918e-05,1.6794992874225654,5.902857444012831e-05
P027,0,189,Medium/189,1,4.663174888401206e-05,1.3472943074448174,6.282668981762568e-05
P027,1,189,Medium/189,2,4.36943341505066e-05,1.4926877746968483,6.52219984099802e-05
P027,2,189,Medium/189,3,5.261704590803444e-05,1.150969109116419,6.0560594453108106e-05
P027,3,189,Medium/189,4,6.217228513127081e-05,0.9838331033043078,6.116715222021844e-05
P027,4,189,Medium/189,5,3.585487208381183e-05,1.6801532714109109,6.024168062763619e-05
P027,5,762,MedHigh/762,1,5.32463087624018e-05,1.3074589150617277,6.961736108553161e-05
P027,6,762,MedHigh/762,2,3.669785361686807e-05,1.5806394769406966,5.8006076145812596e-05
P027,7,762,MedHigh/762,3,3.4930848085325416e-05,1.5666951208615207,5.472598926283432e-05
P027,8,762,MedHigh/762,4,2.7345693139969683e-05,1.9227104452661206,5.257784983326181e-05
P027,9,762,MedHigh/762,5,2.0049639761899125e-05,2.224774635307165,4.460592998931916e-05
P027,10,453,MedLow/453,1,2.5914836216527347e-05,2.538985592036398,6.579739577374599e-05
P027,11,453,MedLow/453,2,3.9924300228099616e-05,1.401039744833934,5.593553140425006e-05
P027,12,453,MedLow/453,3,3.487451858547942e-05,1.7640151925809657,6.151918061873293e-05
P027,13,453,MedLow/453,4,4.605893423890378e-05,1.444773089723937,6.654470872973265e-05
P027,14,453,MedLow/453,5,2.2222731013160962e-05,1.7109211025597215,3.8021339446925464e-05
P027,15,893,High/893,1,2.254719371086077e-05,1.3072366048622392,2.9474516955756867e-05
P027,16,893,High/893,2,5.593074107962082e-05,0.9828043324874796,5.4968974652286795e-05
P027,17,893,High/893,3,2.7795985313525863e-05,1.7123022617683314,4.759512852042966e-05
P027,18,893,High/893,4,3.607077166201823e-05,1.446795718284736,5.218703799583437e-05
P027,19,893,High/893,5,2.22971329645984e-05,2.26330780924298,5.046527516250464e-05
P027,20,258,Low/258,1,2.0641920375940474e-05,1.931305540877164,3.986585519639907e-05
P027,21,258,Low/258,2,2.8681545561727564e-05,1.5115438829735,4.335341474805504e-05
P027,22,258,Low/258,3,4.3320810202591044e-05,1.263234546724918,5.4724344040026306e-05
P027,23,258,Low/258,4,4.1739477658004466e-05,1.0228853086375604,4.269469848657846e-05
P027,24,258,Low/258,5,2.23455786678362e-05,2.3664531256024395,5.2879764481896176e-05
P027,25,605,Water/605,1,2.9441282175829555e-05,1.4656992292452944,4.3152064593106596e-05
P027,26,605,Water/605,2,3.187799521738031e-05,1.2554554749715578,4.002140362677724e-05
P027,27,605,Water/605,3,4.794590297619813e-05,1.1675598433032166,5.597971096592111e-05
P027,28,605,Water/605,4,4.35054920373941e-05,1.0283101915886121,4.473714085212956e-05
P027,29,605,Water/605,5,3.537458519717868e-05,1.0645304312683679,3.765732243589224e-05
P028,0,762,MedHigh/762,1,5.5578055484334055e-05,1.4567986412211535,8.096603571129174e-05
P028,1,762,MedHigh/762,2,5.3712825423187866e-05,1.1145861276709035,5.986757009469421e-05
P028,2,762,MedHigh/762,3,5.063265320100722e-05,1.2559433277976042,6.359174295649503e-05
P028,3,762,MedHigh/762,4,5.27233730680235e-05,1.5679012813886157,8.266504419248407e-05
P028,4,762,MedHigh/762,5,3.898983567645511e-05,1.8773331638542252,7.319691156863578e-05
P028,5,893,High/893,1,5.940164705974668e-05,1.1199183861610482,6.652499671045967e-05
P028,6,893,High/893,2,6.247706064552542e-05,1.0677738306738347,6.671137037471415e-05
P028,7,893,High/893,3,4.560233366639701e-05,1.3743079471058908,6.267164956430391e-05
P028,8,893,High/893,4,5.069438195098142e-05,1.5241045374961681,7.726353755705464e-05
P028,9,893,High/893,5,5.5322886913217595e-05,1.0591610639853937,5.859584776574716e-05
P028,10,189,Medium/189,1,5.131026810190207e-05,2.350885695757129,0.0001206245753262249
P028,11,189,Medium/189,2,4.0410706051165356e-05,2.194300701382314,8.867324063142666e-05
P028,12,189,Medium/189,3,4.9768068526706264e-05,1.5396077677505382,7.662330488965808e-05
P028,13,189,Medium/189,4,4.2148420806662794e-05,1.926362589561764,8.119314105106187e-05
P028,14,189,Medium/189,5,4.366851175068018e-05,1.566453610352974,6.840469789059425e-05
P028,15,605,Water/605,1,3.7506166047632705e-05,1.930185045208404,7.239384080824384e-05
P028,16,605,Water/605,2,4.212265417238474e-05,2.107778585225722,8.878522841742146e-05
P028,17,605,Water/605,3,4.8716802353278184e-05,1.2639736757794626,6.15767557426946e-05
P028,18,605,Water/605,4,4.993661331762363e-05,1.3288743875620237,6.635948643937869e-05
P028,19,605,Water/605,5,6.23678365257102e-05,1.2139223874377356,7.570971301461654e-05
P028,20,453,MedLow/453,1,3.695003929561759e-05,1.4480333168332524,5.3504887958352166e-05
P028,21,453,MedLow/453,2,4.101774510780302e-05,1.1622109396224305,4.76712720829331e-05
P028,22,453,MedLow/453,3,4.677142586967101e-05,1.5342070270797727,7.175705023578996e-05
P028,23,453,MedLow/453,4,3.8699473794997955e-05,2.057786107305211,7.963523953536888e-05
P028,24,453,MedLow/453,5,3.578980147386181e-05,1.4049021347418111,5.028116849261408e-05
P028,25,258,Low/258,1,5.511703416040053e-05,1.4002553736763168,7.717792326420197e-05
P028,26,258,Low/258,2,4.100608148834216e-05,1.6874207080618884,6.919451105990182e-05
P028,27,258,Low/258,3,4.376699958974083e-05,1.9711532225987827,8.627146228479722e-05
P028,28,258,Low/258,4,4.561471911770109e-05,1.6045078658276941,7.318917562187229e-05
P028,29,258,Low/258,5,3.2128927013646e-05,2.162420490454699,6.947625011063162e-05
P029,0,893,High/893,1,5.8672938752781087e-05,1.5031152939087074,8.819219157787416e-05
P029,1,893,High/893,2,4.533166611401527e-05,1.4307263001582062,6.485720693931218e-05
P029,2,893,High/893,3,4.158514694071168e-05,1.6244289097707438,6.755211490755647e-05
P029,3,893,High/893,4,5.452341819115134e-05,1.522650307816059,8.302009949194025e-05
P029,4,893,High/893,5,6.528563599233438e-05,1.0458449285811335,6.827865131177682e-05
P029,5,605,Water/605,1,4.686053078869556e-05,1.675342177198958,7.850742367623205e-05
P029,6,605,Water/605,2,5.377619548578029e-05,1.2873901894430562,6.92309464939655e-05
P029,7,605,Water/605,3,4.077729936973687e-05,2.545997988467291,0.00010381892217047862
P029,8,605,Water/605,4,4.408600499885838e-05,2.1285666811159145,9.384000134407962e-05
P029,9,605,Water/605,5,5.9955235336239656e-05,1.4730264417814931,8.831564697351314e-05
P029,10,762,MedHigh/762,1,4.122450724158878e-05,1.6041344480185495,6.61296521688227e-05
P029,11,762,MedHigh/762,2,3.4923539684214816e-05,2.1394695659643377,7.47178502901254e-05
P029,12,762,MedHigh/762,3,3.840374204453293e-05,2.022937135563528,7.768835592648808e-05
P029,13,762,MedHigh/762,4,4.359038736353094e-05,2.0710281834529574,9.027692075750422e-05
P029,14,762,MedHigh/762,5,5.850246480720854e-05,1.4462960020265014,8.461188095936182e-05
P029,15,258,Low/258,1,5.6293176823065966e-05,1.4637301494291093,8.239802012306563e-05
P029,16,258,Low/258,2,3.504728746313054e-05,1.6841300427026737,5.9024189731894925e-05
P029,17,258,Low/258,3,4.542681063091135e-05,1.4287235622655277,6.490235470695719e-05
P029,18,258,Low/258,4,4.744669015938784e-05,1.7304404378032743,8.21036712917274e-05
P029,19,258,Low/258,5,4.0642225754719126e-05,1.7185790500838551,6.984687773083877e-05
P029,20,189,Medium/189,1,4.356349459255632e-05,1.9187873320487405,8.358908156397088e-05
P029,21,189,Medium/189,2,4.0417589674255554e-05,1.7379872192845778,7.024525428814447e-05
P029,22,189,Medium/189,3,4.003594120984506e-05,1.941209345787105,7.771814324393432e-05
P029,23,189,Medium/189,4,6.182706468663774e-05,1.527335242948711,9.443065486397152e-05
P029,24,189,Medium/189,5,3.845942547482069e-05,1.8432819289005664,7.089156397363508e-05
P029,25,453,MedLow/453,1,3.744597884650543e-05,2.2620872703252566,8.470607207354875e-05
P029,26,453,MedLow/453,2,4.0313329999322775e-05,1.5538553601715515,6.264108390581231e-05
P029,27,453,MedLow/453,3,2.3779890689570347e-05,2.434451876558584,5.789099951358251e-05
P029,28,453,MedLow/453,4,3.754655212179139e-05,1.4682019211186963,5.512591995659738e-05
P029,29,453,MedLow/453,5,2.1635527094537063e-05,2.706321485843588,5.8552691833496745e-05
P030,0,605,Water/605,1,3.868534573466414e-05,1.789614892393347,6.92318708441404e-05
P030,1,605,Water/605,2,3.298575343514766e-05,1.6540302361018464,5.4559433542334584e-05
P030,2,605,Water/605,3,4.792664648318307e-05,0.9971855375887964,4.77917587381611e-05
P030,3,605,Water/605,4,4.3364816729838776e-05,1.2692905292726298,5.504255117882764e-05
P030,4,605,Water/605,5,3.277428305963611e-05,2.068482829995481,6.779304177426904e-05
P030,5,258,Low/258,1,3.189321466722897e-05,1.8720379338947626,5.970530769090146e-05
P030,6,258,Low/258,2,3.292188468860578e-05,1.9488359762711707,6.415935328780596e-05
P030,7,258,Low/258,3,5.978815784580513e-05,1.0847110748161835,6.485287695820292e-05
P030,8,258,Low/258,4,4.987252070765273e-05,1.1391245874982077,5.6811014578600746e-05
P030,9,258,Low/258,5,4.714395278590707e-05,1.3351713687764397,6.29452559706914e-05
P030,10,893,High/893,1,3.65362169490832e-05,1.3378707377455243,4.888073552410049e-05
P030,11,893,High/893,2,3.704673145180167e-05,1.2556424014352112,4.651744684546563e-05
P030,12,893,High/893,3,5.43256135356483e-05,1.351332539870195,7.341196931913427e-05
P030,13,893,High/893,4,3.2768917712802095e-05,2.714247820872657,8.894296349432849e-05
P030,14,893,High/893,5,3.619843064156839e-05,1.8932019921174998,6.853094100214442e-05
P030,15,453,MedLow/453,1,6.16933702855747e-05,1.1335896794831175,6.993496784825792e-05
P030,16,453,MedLow/453,2,3.226168692513165e-05,1.2737698452859125,4.1093963963287496e-05
P030,17,453,MedLow/453,3,4.716729081915149e-05,0.9437515524063865,4.451420393337773e-05
P030,18,453,MedLow/453,4,5.7223320615336896e-05,1.1932625167289719,6.828244357304575e-05
P030,19,453,MedLow/453,5,5.174595539747231e-05,1.297158076715913,6.71226839812126e-05
P030,20,762,MedHigh/762,1,5.9425637429800086e-05,0.9495302707010572,5.642644159530097e-05
P030,21,762,MedHigh/762,2,4.210770991547378e-05,1.5296077490754192,6.440827938252856e-05
P030,22,762,MedHigh/762,3,4.0387909877156276e-05,1.6030006591607435,6.474184615520621e-05
P030,23,762,MedHigh/762,4,4.6834262032252415e-05,1.2037334680806504,5.637596866108113e-05
P030,24,762,MedHigh/762,5,1.7403520851574685e-05,1.0665444097567593,1.8561627874332175e-05
P030,25,189,Medium/189,1,2.8981629634385166e-05,1.6690325629202751,4.837128358628406e-05
P030,26,189,Medium/189,2,5.491750342875938e-05,1.1704313333883523,6.427716676448224e-05
P030,27,189,Medium/189,3,4.311421012744928e-05,1.5508624665556467,6.686421026185441e-05
P030,28,189,Medium/189,4,4.1212790538634084e-05,1.3629147889612125,5.616952171946513e-05
P030,29,189,Medium/189,5,4.4734971913644755e-05,1.702294467082671,7.615209517369615e-05
