subject_id,condition,condition_label,n_trials,avg_snr,mean_trial_snr,mean_baseline_noise_V,signal_rms_V,noise_floor_V,signal_to_noise_floor_ratio,n_components_detected,morphology_score,quality_score,has_real_pattern,quality_label,P1_detected,P1_peak_amp_V,P1_peak_lat_s,P1_mean_amp_V,N1_detected,N1_peak_amp_V,N1_peak_lat_s,N1_mean_amp_V,P2_detected,P2_peak_amp_V,P2_peak_lat_s,P2_mean_amp_V,N400_detected,N400_peak_amp_V,N400_peak_lat_s,N400_mean_amp_V,jar_group
P001,605,Water/605,5,0.6521361638795343,1.3212003574333449,4.202047068289396e-05,2.4477933464150428e-05,5.7046541338761546e-05,0.4290870732862178,4,0.8333333333333334,0.6448595441530942,True,GOOD,True,2.381884224362807e-05,0.11,5.442066746651012e-06,True,-2.3098316870573398e-05,0.2,-1.335869973476375e-06,True,1.563489627187664e-05,0.29,6.351281850833438e-06,True,-3.95207589842054e-06,0.38,4.311174169150231e-06,Khong_du
P001,258,Low/258,5,0.4807010907474115,1.4175800636855382,4.702964351730483e-05,2.991008365670489e-05,6.012249629555715e-05,0.4974857249717215,2,0.5,0.37736985360183006,False,BAD,False,-1.5264290297523074e-06,0.12,-9.750706435949855e-06,False,-4.420180346187406e-06,0.23,9.694081179648348e-06,True,5.976365862636612e-06,0.3,-7.154165561911003e-06,True,-2.843932698889754e-05,0.45,-1.2605344621855843e-05,Khong_du
P001,453,MedLow/453,5,0.8782476182008141,1.7338648585667733,3.739997601904865e-05,3.0412067419241772e-05,5.4784201918471624e-05,0.555124768715262,3,0.3333333333333333,0.46065499250371245,False,BAD,True,6.8274571674464825e-06,0.14,-6.715512536865325e-06,True,-1.075269449870575e-05,0.15,1.949759957075127e-06,True,1.1424742757526473e-05,0.24,1.7175450250688913e-06,False,-3.29787483982121e-06,0.51,5.923424677351228e-06,Khong_du
P001,189,Medium/189,5,1.0380972452930708,1.3839457095241336,4.379709305161978e-05,2.6639103969933117e-05,5.684070781513844e-05,0.4686624251156545,2,0.16666666666666666,0.3383244523247633,False,BAD,False,2.0985525793548735e-06,0.12,-7.468768419422694e-06,False,-4.825071214398236e-06,0.21,7.680980783287726e-06,True,8.439309513619265e-06,0.32,-2.0016052227780698e-06,True,-5.348275417797292e-06,0.49,8.338908075587361e-06,Vua_phai
P001,762,MedHigh/762,5,0.4971673514924285,2.059001276133239,3.314143236454564e-05,2.102284017363687e-05,5.1820426756161085e-05,0.40568635747750575,2,0.5,0.371857089435182,False,BAD,False,5.997126379497786e-07,0.09,-1.121633650953413e-05,False,-5.2174173447383515e-06,0.19,4.75891213608551e-06,True,7.354289519412305e-06,0.29,-3.2842005713116754e-06,True,-1.633226225976614e-05,0.55,-4.9667775588967095e-06,Vua_phai
P001,893,High/893,5,0.7732934351228986,1.7267910633146273,3.3107753650040385e-05,2.4784765976404963e-05,4.886993970833429e-05,0.5071576949823444,3,0.6666666666666666,0.5316446133839173,True,GOOD,True,1.082443354221141e-05,0.11,5.953133346484459e-06,True,-1.616839961684491e-05,0.18,-4.21907506242421e-06,True,1.6260075571494778e-05,0.33,6.038378512967641e-06,False,4.7632979279417986e-07,0.37,7.0560259941156724e-06,Qua_nhieu
P002,605,Water/605,5,0.44326800662588833,2.1647626351279308,3.199871112110332e-05,1.9220334223111025e-05,4.955185685330004e-05,0.3878832286752337,4,0.6666666666666666,0.5826969093694665,True,GOOD,True,4.8880985779931055e-06,0.13,-1.1569116701082293e-06,True,-6.516337083439794e-06,0.19,3.951421887229209e-06,True,1.4299063934686272e-05,0.25,6.7289016787123255e-06,True,-5.253715672400478e-06,0.45,1.4542624438176757e-06,Khong_du
P002,258,Low/258,5,1.5353062353148514,1.6027180707679392,4.217620614773092e-05,3.373324583376755e-05,5.623723061497638e-05,0.5998383182258649,4,0.8333333333333334,0.7312633934765109,True,GOOD,True,1.6743071159908138e-05,0.11,8.974258681528266e-06,True,-3.160339816190572e-05,0.21,-1.525179547605469e-05,True,1.6848680036218867e-05,0.23,6.83288376618608e-06,True,-9.168553655551175e-06,0.5,2.285783274285926e-06,Khong_du
P002,453,MedLow/453,5,0.5112458871581933,1.3879665026538466,4.6423024066772886e-05,2.5649174749430564e-05,6.0000414850604e-05,0.42748329012882424,4,0.5,0.5496650706895113,True,GOOD,True,2.0195575575598924e-05,0.11,4.995917316006983e-06,True,-1.6283846667874966e-05,0.18,5.834014981008874e-06,True,1.3787530087938646e-05,0.33,-1.4567915566993528e-06,True,-1.2229004397568133e-05,0.55,-4.293049263000039e-06,Khong_du
P002,189,Medium/189,5,0.5373975851766583,1.9605885737509836,3.512404422254439e-05,2.6273112606219106e-05,6.268217488469151e-05,0.4191480696793058,2,0.5,0.37621923732400275,False,BAD,True,1.1003897907357897e-05,0.11,1.3139914379678431e-06,False,-2.1292184896992692e-06,0.24,6.281263529734298e-06,True,9.570226751520751e-06,0.24,2.9277256880861233e-06,False,-3.668599371546103e-07,0.38,5.5426957092979336e-06,Qua_nhieu
P002,762,MedHigh/762,5,0.4095673121691168,2.7751988976147546,3.509602869122655e-05,2.6507123913912218e-05,6.162568830020239e-05,0.4301310808049046,4,1.0,0.6663904404077943,True,GOOD,True,1.5162640227117664e-05,0.13,2.589044437481139e-06,True,-2.756282360678597e-05,0.21,-8.407480100913744e-06,True,1.3784146995021729e-05,0.27,3.5743645753427696e-06,True,-1.1746593663749156e-05,0.37,-1.7074901253052428e-06,Qua_nhieu
P002,893,High/893,5,0.3525342026925685,2.0516749993441747,3.379615199489292e-05,2.4554824625574655e-05,6.728534767631417e-05,0.36493568768789253,3,0.5,0.44424802680097264,True,WEAK,False,8.255029342763007e-07,0.09,-1.151795877538981e-05,True,-9.327178699436444e-06,0.17,4.855330224596731e-06,True,4.217416108076578e-06,0.32,-3.686287147038806e-06,True,-1.1154778587751932e-05,0.42,-4.0459832988837265e-06,Vua_phai
P003,605,Water/605,5,0.6636508358953327,1.9911835760003433,4.0886433348570726e-05,3.813815736063282e-05,6.110109831262364e-05,0.6241812080938222,3,0.5,0.4896178269316477,True,WEAK,True,1.5019251191006336e-05,0.1,6.622427524329209e-06,True,-1.1673342919493733e-05,0.24,9.052589524378103e-07,False,3.5362268135941113e-06,0.29,-6.727747255297346e-06,True,-2.8523544809407516e-05,0.46,-5.213524978266885e-06,Khong_du
P003,258,Low/258,5,0.5502223777795647,1.5606935535598607,4.392056186454275e-05,2.7478879542209982e-05,6.520163760165318e-05,0.421444622450913,2,0.3333333333333333,0.3357935448321155,False,BAD,False,-2.0617398604372277e-06,0.12,-7.873221471348709e-06,True,-1.907664045859292e-05,0.14,-2.3352105467918962e-06,True,2.4854967091414433e-05,0.32,8.61842469286846e-06,False,1.2824233586764914e-06,0.52,1.3559065561727676e-05,Khong_du
P003,453,MedLow/453,5,0.6260418979226363,1.4479569367055636,4.37530710695752e-05,2.8567983982636524e-05,6.064874562788462e-05,0.47103998090772964,4,1.0,0.6874981567282994,True,GOOD,True,1.1115826055174693e-05,0.1,4.100611808276002e-06,True,-1.2535632851040645e-05,0.23,2.387386178655375e-06,True,3.0904569578638073e-05,0.23,2.1018726876238684e-05,True,-1.4016759087098762e-05,0.38,1.9244784334987004e-06,Khong_du
P003,189,Medium/189,5,0.8311742150193812,1.2364820041129643,5.0738133972045596e-05,2.7833577848397613e-05,6.152386016032757e-05,0.4524029827755434,4,0.6666666666666666,0.6198614082931142,True,GOOD,True,1.8381061479999516e-05,0.13,1.4748958954718152e-06,True,-2.6668336931834347e-05,0.15,-8.07088160045569e-06,True,2.81755978953413e-05,0.31,1.7858064959105275e-06,True,-1.3110644263747416e-05,0.4,6.930416867217694e-06,Vua_phai
P003,762,MedHigh/762,5,0.3976067690877125,1.2050115861500554,5.1135179559319186e-05,2.145054191089413e-05,6.367729521048676e-05,0.33686327033817737,3,0.5,0.4458986426993393,True,WEAK,True,1.6529758349292935e-05,0.1,4.059964744332742e-06,True,-1.7100239722367403e-05,0.14,2.0941159206699926e-06,True,1.842957855728855e-05,0.25,1.7197423865001633e-06,False,-1.8962711806125296e-06,0.53,6.32559842596748e-06,Vua_phai
P003,893,High/893,5,0.5272656173787033,1.2258736131005505,5.176620314593734e-05,2.4825244142512454e-05,6.191842627835914e-05,0.40093467542131356,4,0.3333333333333333,0.507342235438157,True,GOOD,True,1.4469741972789053e-05,0.15,3.38888188944659e-06,True,-1.0401077179267305e-05,0.24,5.049171759775495e-06,True,1.2880478686838615e-05,0.34,2.427134135110429e-06,True,-7.627605331587498e-06,0.44,2.6791052081289452e-06,Qua_nhieu
P004,605,Water/605,5,0.5514342061306473,1.6340602611951407,4.602579088965056e-05,3.960237114485186e-05,6.549888495494017e-05,0.60462664627186,3,0.3333333333333333,0.43713318231461,False,BAD,True,8.464946938602227e-06,0.09,-8.986851627312816e-08,True,-1.295534117389252e-05,0.22,-2.0234456193984383e-06,False,3.414029150405896e-06,0.3,-1.1414014667165107e-05,True,-1.551592338368361e-05,0.42,-1.1492839203381464e-06,Khong_du
P004,258,Low/258,5,0.5538509401993998,1.5968078876088543,4.393782561871515e-05,3.0448983575608008e-05,7.157801763739161e-05,0.42539573713622625,4,1.0,0.6780589253018336,True,GOOD,True,6.911787653507417e-06,0.11,1.1121836073308647e-06,True,-3.767001276173687e-05,0.14,-2.0810422497225484e-05,True,2.0237405979628417e-05,0.27,7.543247812909961e-06,True,-9.729161563617102e-06,0.51,1.9880172999364733e-06,Khong_du
P004,453,MedLow/453,5,0.6379795197987208,1.8213125133562091,4.58257009594462e-05,3.113051454950725e-05,7.67277396492182e-05,0.40572698598745244,4,0.8333333333333334,0.641927817265619,True,GOOD,True,1.1022488860135126e-05,0.13,-2.2096203704080615e-06,True,-2.4852743412751008e-05,0.19,-8.966764067608323e-06,True,2.8065958059642074e-05,0.35,1.8374155845234638e-06,True,-2.3178696164904977e-05,0.52,-8.223468718359158e-06,Khong_du
P004,189,Medium/189,5,0.43124288975063796,1.7247790645655794,4.168054999134197e-05,2.9000314310465675e-05,7.146566480991147e-05,0.40579366871633243,4,0.8333333333333334,0.6247047659662781,True,GOOD,True,1.3106134974805173e-05,0.13,-3.573324192984728e-06,True,-1.3626583051973284e-05,0.16,-6.138105901372497e-06,True,1.4983247160671453e-05,0.26,1.2486422373460583e-06,True,-2.2907714461932e-05,0.47,-2.405066452716202e-06,Khong_du
P004,762,MedHigh/762,5,0.43869920078138946,1.6403191735826117,4.717481818489353e-05,3.1788603750147304e-05,6.814823072090463e-05,0.46646264200658216,3,0.5,0.4590429648822761,True,WEAK,True,1.7689415017230203e-05,0.14,9.692868062418013e-06,True,-1.6523705369309024e-05,0.15,1.8218413993570945e-07,False,5.806683475384489e-06,0.26,-1.1499153761654121e-05,True,-2.0569462443139252e-05,0.4,-3.3460658502443208e-06,Vua_phai
P004,893,High/893,5,0.5032676550785067,1.8503732489561977,4.047514861352534e-05,3.709156719063409e-05,6.379622211212895e-05,0.5814069542463116,3,0.5,0.47304449282501554,True,WEAK,True,1.0971993481234678e-05,0.11,1.3657138187081082e-06,True,-3.0494261091007504e-05,0.2,-9.879464963366305e-06,False,-5.9395511925686164e-06,0.33,-2.2266463233550514e-05,True,-1.045370927386102e-05,0.35,-2.3946491377309646e-06,Qua_nhieu
P005,605,Water/605,5,0.38192082187059023,2.4253669671156275,3.563470002475537e-05,4.1683754690703716e-05,7.173696031915691e-05,0.5810638547445163,3,0.16666666666666666,0.37957319092838787,False,BAD,True,1.4850361480966967e-05,0.11,-9.403720479131797e-07,True,-2.007501707339543e-05,0.15,-3.833915284106643e-06,False,1.9378647266421457e-06,0.31,-1.0531215587679281e-05,True,-1.386665451642936e-05,0.36,7.29506436369226e-07,Khong_du
P005,258,Low/258,5,0.4335453048075457,2.007553745784173,4.637515521151336e-05,3.725487620215681e-05,7.917993569387448e-05,0.4705090484815703,3,0.8333333333333334,0.5422502873700799,True,GOOD,True,2.7549587105113464e-05,0.14,9.997001566018427e-06,True,-3.502470699459081e-05,0.15,-1.4431351435009985e-05,True,2.4044298652370347e-05,0.28,1.2402799395298067e-05,False,3.083977405064312e-06,0.46,1.137848707283443e-05,Khong_du
P005,453,MedLow/453,5,0.3323248584076446,2.319087860652502,3.821616754126992e-05,3.401246205704888e-05,7.992659139622865e-05,0.4255462601731038,3,0.5,0.4471097077136198,True,WEAK,True,1.5330224277931846e-05,0.1,1.1103842723006858e-06,True,-2.1095005763527297e-05,0.17,-8.156535116912974e-06,False,2.200020844611594e-07,0.24,-8.304613669014752e-06,True,-1.271862641753311e-05,0.54,-2.0152555261154428e-06,Khong_du
P005,189,Medium/189,5,0.43814141280603014,1.7235225533556218,4.342436796617009e-05,4.1109654828390624e-05,6.922489464534882e-05,0.5938565170666208,4,0.6666666666666666,0.5977176898471657,True,GOOD,True,7.885572972554656e-06,0.09,-6.634227837056171e-06,True,-1.4844571711591926e-05,0.16,-2.9575878223911644e-06,True,2.0096963316973413e-05,0.34,2.220879960973959e-06,True,-1.3836493402171377e-05,0.42,-1.2892964900315529e-06,Vua_phai
P005,762,MedHigh/762,5,0.3257977164855238,1.4456150256193823,5.5230752978542695e-05,2.3678131470183816e-05,7.971641834318357e-05,0.2970295450085095,3,0.6666666666666666,0.47859369224943177,True,WEAK,False,-1.0085259873449102e-06,0.1,-6.427661950121026e-06,True,-2.0774641234311277e-05,0.18,-4.312132848644461e-06,True,1.8940147310786414e-05,0.25,6.7093650484978825e-06,True,-1.3673347912875519e-05,0.54,-4.511571230854845e-06,Vua_phai
P005,893,High/893,5,0.34578411531852943,2.623094518687199,4.1637820030865465e-05,3.500224634921184e-05,8.583936976320797e-05,0.4077644843591841,4,0.5,0.5343976792701497,True,GOOD,True,8.136680992265611e-06,0.09,-4.0813028030178135e-08,True,-2.085605481170205e-05,0.24,-8.42697382614171e-06,True,1.1835182192498905e-05,0.3,8.32411765171715e-07,True,-1.0862719780864912e-05,0.45,4.932346201438942e-06,Vua_phai
P006,605,Water/605,5,0.9488650418720622,1.4131203449314595,3.712480972148076e-05,2.5999418184935122e-05,5.2657040331202476e-05,0.4937500858651354,4,0.6666666666666666,0.6327700099292236,True,GOOD,True,1.0752696547911e-05,0.11,7.271593989420313e-07,True,-1.359046827360544e-05,0.2,3.7993828681495946e-06,True,8.768064253672491e-06,0.28,7.897674014254972e-08,True,-1.376021944755242e-05,0.54,-7.506468983622642e-06,Khong_du
P006,258,Low/258,5,0.49862399835020893,1.3509386313641623,3.7794302147734917e-05,2.0348312164352977e-05,4.8670043151107084e-05,0.41808699657769094,3,0.6666666666666666,0.5020751912725109,True,GOOD,False,4.692742891165832e-07,0.15,-7.221775343729016e-06,True,-1.8309840046981663e-05,0.15,-3.65557080893485e-06,True,9.312813836004352e-06,0.35,4.3760118962301055e-07,True,-1.9046850583966566e-05,0.37,-1.0357730320584954e-06,Vua_phai
P006,453,MedLow/453,5,0.6168712919937098,1.7266503172116212,2.9572983276909534e-05,1.8561513359299878e-05,4.555413284571731e-05,0.40746057931042157,4,0.6666666666666666,0.598632151114424,True,GOOD,True,6.867641837970951e-06,0.15,2.032868181142281e-06,True,-2.072550045824073e-05,0.23,-1.4918947836632536e-06,True,8.279427856905385e-06,0.23,-4.210018488574992e-06,True,-1.1409980922394425e-05,0.4,-5.046377047041117e-06,Vua_phai
P006,189,Medium/189,5,0.7036419750157594,1.353828351187593,3.3781182926116035e-05,1.806477393729391e-05,4.5877603008670396e-05,0.3937601956640989,2,0.16666666666666666,0.30483551259278735,False,BAD,True,6.915518810046706e-06,0.09,2.3540166894114074e-06,False,-2.91243221397508e-06,0.22,6.768522520804833e-06,True,1.3645788078520127e-05,0.29,-2.624552000823469e-07,False,-9.915169471241824e-07,0.55,6.961307048063379e-06,Vua_phai
P006,762,MedHigh/762,5,0.4563728697188738,1.8430085925598774,2.7271687466074546e-05,2.0366623694026246e-05,5.264020808399961e-05,0.38690241614407367,4,0.6666666666666666,0.583715420354045,True,GOOD,True,4.720791292811554e-06,0.14,1.4796799886949775e-07,True,-1.1044542503668708e-05,0.24,-3.6627133388962693e-06,True,7.800599883012183e-06,0.27,-4.693188324230627e-06,True,-1.897404748660847e-05,0.39,-7.628016966334951e-06,Qua_nhieu
P006,893,High/893,5,0.534946730082291,1.434807207405298,3.501442230425061e-05,1.869051006856619e-05,4.705602226839249e-05,0.3971969828210617,3,0.6666666666666666,0.5035353345517705,True,GOOD,False,-3.811291622923818e-06,0.13,-9.040500314634008e-06,True,-1.6985902539090604e-05,0.22,5.061193779971001e-06,True,1.1353356352561406e-05,0.27,1.6963228104439364e-06,True,-9.849421087437805e-06,0.45,7.959493595861778e-07,Qua_nhieu
P007,605,Water/605,5,0.4850035569907171,1.302747031045688,5.799804854926064e-05,2.7642391806477206e-05,7.650513491278567e-05,0.3613142024778988,4,0.6666666666666666,0.5841821949350688,True,GOOD,True,1.1346253862143386e-05,0.09,-1.7767182302666885e-06,True,-1.4607270622946091e-05,0.21,9.395860781260332e-06,True,2.141254330467746e-05,0.28,8.805154730741661e-07,True,-1.9435323787320157e-05,0.52,-2.655935710921353e-06,Khong_du
P007,258,Low/258,5,0.7288753100370926,1.071870851276138,6.528937060741553e-05,3.122684366598467e-05,6.944680180147339e-05,0.4496512849540922,4,0.8333333333333334,0.652796788874648,True,GOOD,True,9.469010274187893e-06,0.15,-4.7183986414519786e-07,True,-1.153376890670188e-05,0.2,-2.5697066248785528e-06,True,4.358675358275832e-05,0.26,1.1191442971472463e-05,True,-1.399974949549687e-05,0.5,5.045499984926471e-06,Khong_du
P007,453,MedLow/453,5,0.6214753786907233,1.250514660613771,6.0969283609527524e-05,2.958397119649095e-05,7.131955610924876e-05,0.414808683766534,4,0.3333333333333333,0.516233599506717,True,GOOD,True,2.456335000715626e-05,0.09,3.451449904494958e-06,True,-2.3518408625022857e-05,0.21,-2.284861004850117e-06,True,2.4352415493922308e-05,0.26,-4.3733545968854395e-06,True,-1.0313083119702543e-05,0.51,1.2485210215159563e-06,Qua_nhieu
P007,189,Medium/189,5,1.2844899742049483,1.5604524797730623,4.868714859284345e-05,5.368510946697937e-05,6.429266921356233e-05,0.8350113648050977,3,0.5,0.557166683544128,True,GOOD,True,9.661234980740118e-06,0.15,-1.5422277381422446e-06,False,-1.5108270758901207e-06,0.24,1.595144948467464e-05,True,2.5857314676613895e-05,0.34,7.594432656459889e-06,True,-1.305412811992331e-05,0.35,5.105328875133962e-06,Qua_nhieu
P007,762,MedHigh/762,5,0.4300130686168837,1.5258045213121576,5.433974416053145e-05,3.4564993103846517e-05,7.738922538141565e-05,0.4466383134537356,4,0.5,0.5443322958937705,True,GOOD,True,1.1902142085773449e-05,0.1,1.994237801129982e-06,True,-9.213546400133053e-06,0.17,7.541226017337976e-06,True,8.527198440333449e-06,0.26,-7.272053280656857e-06,True,-2.76291322279576e-05,0.45,-1.6949153536502525e-05,Qua_nhieu
P007,893,High/893,5,0.4079107213977399,1.5413735776154105,4.214704100847112e-05,2.8147183230928927e-05,6.466816748463175e-05,0.4352556184249081,3,0.3333333333333333,0.4124700648316797,False,BAD,True,9.289760987485353e-06,0.12,-3.0041131871375423e-06,False,7.207418095589446e-06,0.17,1.7520581940741213e-05,True,2.6953329279422174e-05,0.35,7.362596992029818e-06,True,-5.7078009225127365e-06,0.47,9.917227538315905e-06,Qua_nhieu
P008,605,Water/605,5,0.30384233087591206,1.5089692668489558,4.8550619551685373e-05,2.5416674195832543e-05,7.013678789153139e-05,0.3623872002113952,2,0.6666666666666666,0.3941659009221806,False,BAD,False,1.7158425407615138e-06,0.13,-7.916613404290727e-06,False,-4.296825915162117e-06,0.17,7.429744395763422e-06,True,2.916239025125833e-05,0.25,1.945344439420182e-05,True,-1.1291202918073396e-05,0.39,6.202012213990088e-06,Khong_du
P008,258,Low/258,5,0.3639811687098656,1.8739969653141038,3.387575748844939e-05,1.982464884638415e-05,6.055579437682268e-05,0.3273782311073422,3,0.5,0.4423851313922061,True,WEAK,True,1.1172692654781714e-05,0.09,-3.911884548862027e-07,True,-1.618310320736782e-05,0.23,1.45172151592861e-06,True,1.3968065918490426e-05,0.34,6.297543969679963e-06,False,-1.4436156296445312e-06,0.44,4.676074225317182e-06,Khong_du
P008,453,MedLow/453,5,0.41266470835798835,2.2196426726158216,4.561664917994548e-05,2.8884328820983273e-05,7.615903400845705e-05,0.37926332965010856,3,0.3333333333333333,0.40866680875359046,False,BAD,True,2.1864303846541592e-05,0.09,1.1021785158910852e-05,True,-7.667479565043323e-06,0.19,5.237400707290942e-06,False,-5.611393822846366e-06,0.32,-2.0306480956942497e-05,True,-9.244585707316825e-06,0.36,1.4634257160383957e-06,Khong_du
P008,189,Medium/189,5,0.35187446577287274,2.3983730519463053,3.589626930351514e-05,2.752312232318719e-05,7.276841753006463e-05,0.378228952303599,2,0.6666666666666666,0.39935671023717595,False,BAD,False,4.825098358196555e-06,0.09,-2.892489467853921e-06,False,-1.4667976984128472e-06,0.23,6.2600893699027434e-06,True,3.429207616534313e-05,0.26,1.776959423365882e-05,True,-5.599445573049403e-06,0.54,4.7066268846283355e-06,Vua_phai
P008,762,MedHigh/762,5,0.3144660503175537,2.7194158700317432,3.3850276387542786e-05,3.42959729451928e-05,7.695509567869215e-05,0.4456621441728504,3,0.5,0.44713016500609326,True,WEAK,True,1.2398954368109113e-05,0.12,7.267193378522408e-06,True,-1.3745422336342017e-05,0.22,-2.2881897453818182e-06,False,1.1208044838895157e-06,0.32,-6.586296023632835e-06,True,-1.7131583725434517e-05,0.48,-2.852879986067009e-06,Qua_nhieu
P008,893,High/893,5,0.37837489770577293,2.2294912879401645,3.502813769236446e-05,2.6576023462357095e-05,6.591108900330761e-05,0.4032102012610265,2,0.16666666666666666,0.2784386732367247,False,BAD,False,3.6529466797219357e-06,0.13,-3.577846298493828e-06,True,-1.0393083332260744e-05,0.14,5.174134185669356e-06,False,5.122360931864023e-07,0.23,-1.1544455645880938e-05,True,-1.0241045317253375e-05,0.48,-3.3855221113175127e-06,Qua_nhieu
P009,605,Water/605,5,0.48485754181680774,1.4547952422174224,3.961565473269885e-05,2.471392337867481e-05,6.209588226433e-05,0.3979961710419458,2,0.3333333333333333,0.3285878413128799,False,BAD,True,1.2454752231860765e-05,0.09,6.290730884269836e-07,False,6.844724066468188e-06,0.23,1.3377586989029373e-05,False,-5.430482406154625e-06,0.32,-2.198375680740456e-05,True,-1.9787216175852032e-05,0.35,-1.2700233443357297e-05,Khong_du
P009,258,Low/258,5,0.5762670596790345,1.471409058388335,3.88639500548034e-05,2.1445595287184095e-05,5.950846375198396e-05,0.3603789097390221,4,0.6666666666666666,0.5917173398703461,True,GOOD,True,8.762083291458114e-06,0.1,-1.9839429147135907e-08,True,-1.2945258109198222e-05,0.22,3.156904950494457e-06,True,1.4379836943589907e-05,0.34,1.5521371452109628e-06,True,-1.4633176325181315e-05,0.46,-6.05364578668819e-06,Khong_du
P009,453,MedLow/453,5,0.7721929659284004,1.4344850539207648,4.1380379404914814e-05,3.0105114717556662e-05,5.212875206400298e-05,0.5775145869710061,4,1.0,0.7076630078501921,True,GOOD,True,1.0073806606669677e-05,0.15,1.071530304003992e-06,True,-2.11348860830185e-05,0.2,-1.3474706235234117e-05,True,1.1875305492736743e-05,0.23,2.079938563289611e-06,True,-1.3849280164398199e-05,0.46,-1.2565657304290897e-06,Khong_du
P009,189,Medium/189,5,0.5878049317665313,1.6963065866166063,3.5704671690273005e-05,2.181133169281843e-05,5.798266910246397e-05,0.3761698457564031,4,0.8333333333333334,0.6355298160789411,True,GOOD,True,1.0419747820833435e-05,0.09,-4.168071712992319e-06,True,-2.740544491643959e-05,0.21,-1.1745031805012537e-05,True,2.3423797833288516e-05,0.31,1.0059559541483956e-05,True,-1.3320805328476126e-05,0.39,-1.048489099185457e-06,Vua_phai
P009,762,MedHigh/762,5,0.605312454704301,1.1765335975790592,3.60018781865266e-05,2.037722389895365e-05,4.939879174420104e-05,0.4125045002005691,4,1.0,0.6813805420737344,True,GOOD,True,5.029404010770122e-06,0.14,1.2750473753645297e-07,True,-1.2605769958895507e-05,0.21,-1.0412958611896988e-06,True,1.573252922639767e-05,0.24,3.1387053804967134e-06,True,-9.86234718614772e-06,0.36,-2.0398703171885753e-06,Qua_nhieu
P009,893,High/893,5,0.5448748709155284,1.8041813552812613,3.545289164059242e-05,2.3751294279423614e-05,5.734724676848434e-05,0.41416625239760135,4,1.0,0.6764687081727808,True,GOOD,True,6.076701390611561e-06,0.15,2.3440558898674927e-06,True,-1.0058870844886766e-05,0.18,-2.1319605925188253e-06,True,1.3893266071818289e-05,0.34,5.801750894736284e-06,True,-1.1770147239076323e-05,0.5,7.969088759495429e-07,Qua_nhieu
P010,605,Water/605,5,0.37245400273811224,1.9340207475395519,4.60946545159402e-05,3.56852080028645e-05,7.627384337526518e-05,0.4678564291993819,4,0.3333333333333333,0.4994603990847963,True,WEAK,True,7.714593152741145e-06,0.1,6.672023656863394e-07,True,-2.0724378919112494e-05,0.24,-5.1563450832438975e-06,True,1.6394433760069657e-05,0.23,-2.826497515903051e-07,True,-1.03752798622736e-05,0.43,3.2675727587003518e-06,Khong_du
P010,258,Low/258,5,0.4534453072708088,2.6951041326264025,3.6470144789609394e-05,3.850176441588157e-05,7.442471837678033e-05,0.5173249594437657,4,0.3333333333333333,0.5099198142308499,True,GOOD,True,8.260194738340942e-06,0.09,5.555296908456489e-07,True,-2.3447294688594413e-05,0.22,-2.7697594739286374e-06,True,1.1651933755274511e-05,0.25,-8.812267137815209e-07,True,-3.971917177144255e-06,0.37,8.188663610579869e-06,Khong_du
P010,453,MedLow/453,5,0.6469162947255598,1.372974152631881,5.3071695475112925e-05,2.8361524733282753e-05,7.751598297111217e-05,0.36587970178811025,3,0.3333333333333333,0.4271840021945715,False,BAD,True,2.0468646488325246e-05,0.1,1.5175677771951862e-06,True,-6.720577596297517e-06,0.22,8.067245490456735e-06,False,5.607761647752342e-06,0.33,-5.950010889950345e-06,True,-1.576100104424919e-05,0.45,-3.468017661170532e-06,Khong_du
P010,189,Medium/189,5,0.48336167362898563,1.590403723284264,5.4689906482258794e-05,2.8387597379402124e-05,7.632792018073139e-05,0.37191629631968454,4,0.3333333333333333,0.5015071950263917,True,GOOD,True,2.1502204072021412e-05,0.13,4.200183555624903e-06,True,-2.0221778379436726e-05,0.16,-6.749262007434776e-06,True,8.178394182323245e-06,0.35,-2.393310004960697e-06,True,-6.590314311457253e-06,0.36,4.679332825991836e-06,Khong_du
P010,762,MedHigh/762,5,0.843791104287807,1.2523252667926867,4.951668796024277e-05,3.0108013798392876e-05,6.50968980000627e-05,0.4625107297488104,4,0.5,0.580004230088478,True,GOOD,True,1.3963293685037569e-05,0.15,9.12811436616526e-06,True,-2.431152869348807e-05,0.2,-9.615798560699577e-06,True,2.1344279815593836e-05,0.27,3.587998332959657e-06,True,-5.263562917671531e-06,0.55,4.7493286764169594e-06,Vua_phai
P010,893,High/893,5,0.44948094598275734,1.5803775868061558,5.3425959966741296e-05,3.7477595829090426e-05,7.949742395341086e-05,0.47143157558229837,4,0.8333333333333334,0.6311474470005688,True,GOOD,True,5.780009519185112e-06,0.11,-1.3117367923801538e-06,True,-1.6451302963105262e-05,0.22,-2.56041569715845e-06,True,3.74500793441257e-05,0.29,1.1672251049241404e-05,True,-7.0060107721777355e-06,0.39,9.402255975890022e-07,Qua_nhieu
P011,605,Water/605,5,0.5869689037700974,1.3128254197101785,4.935411844151944e-05,2.6333845165217874e-05,6.223965058323003e-05,0.42310400072061644,4,0.0,0.430646875368221,True,WEAK,True,4.864534412263311e-06,0.09,-1.2389583517347089e-06,True,-1.2342448942348486e-05,0.22,5.627624768936551e-07,True,9.277605133206633e-06,0.25,-4.21282770774339e-06,True,-6.991448227230042e-06,0.39,2.209735105623393e-06,Khong_du
P011,258,Low/258,5,0.6329211647487867,1.1807303605284851,5.388883798404183e-05,2.713305217358054e-05,6.672717313519813e-05,0.4066267293926174,4,1.0,0.6832404351001785,True,GOOD,True,1.5518481848175725e-05,0.13,3.1152467711998652e-06,True,-2.3658272937154834e-05,0.22,2.245273662734607e-06,True,2.736863016252755e-05,0.33,5.021400237180929e-06,True,-1.4500074621537351e-05,0.47,-3.625913104580546e-08,Khong_du
P011,453,MedLow/453,5,0.7093500550514642,1.2943372496629715,4.877496143443799e-05,2.784317960160184e-05,6.47580274298289e-05,0.4299571915122401,2,0.3333333333333333,0.34969262728437334,False,BAD,False,5.331897682481218e-07,0.1,-1.0889847277236898e-05,False,-4.1406095647289466e-06,0.22,1.356510737816114e-05,True,6.906050072785773e-06,0.27,-4.075821379901667e-06,True,-1.6507033221084083e-05,0.55,-3.513013138914963e-06,Khong_du
P011,189,Medium/189,5,0.7100001160397669,1.3664687345000985,5.1572708905858366e-05,3.130821558762811e-05,7.004888254644001e-05,0.44694810894194975,4,0.8333333333333334,0.6510211178406268,True,GOOD,True,8.51622177151512e-06,0.13,-5.523873229169268e-06,True,-2.666124054986341e-05,0.14,-1.5070717451060033e-05,True,2.8257208600734885e-05,0.25,9.717170999578284e-06,True,-1.5980114831866858e-05,0.48,2.5489900817914333e-06,Khong_du
P011,762,MedHigh/762,5,0.6166774825514988,1.1286500383317768,5.673087632781353e-05,3.144760796755645e-05,6.254977258615975e-05,0.5027613477609156,2,0.5,0.38909689129469355,False,BAD,False,-9.053958990534738e-06,0.11,-1.722148494016957e-05,True,-8.487517516186926e-06,0.17,1.0928634376935777e-05,False,2.2131341893327767e-06,0.3,-8.989178677899245e-06,True,-1.9480446333849007e-05,0.53,-9.524694372558654e-06,Khong_du
P011,893,High/893,5,0.6232533117028368,1.2407336326551226,4.731584388575509e-05,2.4354680019667557e-05,5.7729532596982524e-05,0.42187557951821275,3,0.8333333333333334,0.5544117777724357,True,GOOD,True,9.98139997960834e-06,0.13,2.8074335968599124e-06,False,-3.527693815019716e-06,0.24,5.265902948076667e-06,True,2.0565586510201683e-05,0.25,5.910408999964234e-06,True,-1.8966193089890263e-05,0.47,-2.339720493173292e-06,Khong_du
P013,605,Water/605,5,0.7219639174701085,1.4538120269131376,4.3038548162566896e-05,3.133223559954374e-05,5.622260929929711e-05,0.5572888912492265,3,0.5,0.48946032663286765,True,WEAK,True,1.9788337471027263e-05,0.15,1.0762567204989994e-05,True,-2.1460528125771818e-05,0.15,1.302581935873222e-06,True,1.7243463503291423e-05,0.29,5.279397779007085e-06,False,-2.8212756414328987e-06,0.48,8.026125722110808e-06,Khong_du
P013,258,Low/258,5,0.7212356059310735,1.2114145164572732,4.733781685000044e-05,2.4740130679200832e-05,5.927112277216942e-05,0.4174061418458144,4,0.5,0.5664084277993588,True,GOOD,True,1.7085847254838526e-05,0.12,1.2480253359203886e-06,True,-9.602123054719415e-06,0.2,-2.5291804564372716e-06,True,6.019428161607721e-06,0.23,-5.122576679748539e-06,True,-1.7014613149513025e-05,0.5,-3.212923293618687e-06,Khong_du
P013,453,MedLow/453,5,0.6981502109452906,1.423151231988338,4.825264578084597e-05,2.908011574120643e-05,6.349742515414078e-05,0.4579731488420844,4,0.16666666666666666,0.48419383707526387,True,WEAK,True,1.0089643706123751e-05,0.13,-4.395932658748539e-06,True,-1.3684977153616275e-05,0.24,1.57033512044274e-06,True,7.595936565962803e-06,0.34,-7.413065946269515e-06,True,-1.644651526172917e-05,0.54,-5.219128189988652e-06,Vua_phai
P013,189,Medium/189,5,0.8791907873012843,1.3269785749291816,4.046526649381512e-05,2.4093478156143658e-05,5.408572163952685e-05,0.4454683680976477,4,0.8333333333333334,0.6650093598824306,True,GOOD,True,9.545484550699257e-06,0.12,2.797025498832031e-07,True,-1.6341747715387102e-05,0.21,-3.0585581237312965e-06,True,1.363719783284978e-05,0.3,1.783921295074064e-06,True,-6.623148586489454e-06,0.42,1.627669283565066e-06,Qua_nhieu
P013,762,MedHigh/762,5,0.7110068282519081,1.3526056261773687,4.571131884793988e-05,2.505384925678552e-05,5.8735578147127536e-05,0.4265532075640389,3,0.5,0.47874205958829524,True,WEAK,True,2.2946970784687436e-05,0.12,7.334335392832665e-06,True,-6.219708893695497e-06,0.17,3.0004418935192235e-06,False,-1.021000610990086e-06,0.3,-1.800878344385436e-05,True,-1.795158660418868e-05,0.37,-5.189278201007533e-06,Qua_nhieu
P013,893,High/893,5,0.8044865119617951,1.6124979261857546,3.708761873834941e-05,2.5925791575773004e-05,5.932762673652421e-05,0.43699357284103457,4,0.6666666666666666,0.6164817272932271,True,GOOD,True,1.4949339401937323e-05,0.14,8.703880697386827e-06,True,-2.6090030974046386e-05,0.2,-1.3422892301839796e-05,True,1.0425995878904359e-05,0.25,-2.1009815235664485e-06,True,-1.8569903037738792e-05,0.49,-2.202606022352585e-06,Qua_nhieu
P014,605,Water/605,5,0.42752835563717373,1.3066982677125856,5.141949264111953e-05,2.4821325479679705e-05,6.117823323914538e-05,0.40572151507960813,4,0.3333333333333333,0.4993898099340684,True,WEAK,True,8.28859855914743e-06,0.15,2.104549884864225e-06,True,-1.2031841691850786e-05,0.15,6.812791839003942e-06,True,1.8337062385853642e-05,0.34,1.8176543175758733e-06,True,-1.0045082302667651e-05,0.54,3.408673186538771e-06,Khong_du
P014,258,Low/258,5,0.48473667530112613,1.4322817134387993,4.155810218529885e-05,2.6483688206390883e-05,5.92892283026153e-05,0.44668633687078474,3,0.3333333333333333,0.4197295315404026,False,BAD,True,3.0986223177364994e-05,0.14,1.2215414997740481e-05,False,4.427001870510594e-06,0.15,1.3253201602093545e-05,True,6.135590160738503e-06,0.34,-6.59271194403634e-06,True,-9.300730461821632e-06,0.44,-5.740392316691421e-09,Khong_du
P014,453,MedLow/453,5,0.5438967189668229,1.347437427042698,5.323524496591808e-05,3.573577900282315e-05,7.102335546730311e-05,0.5031553179612129,4,0.6666666666666666,0.5997280420943262,True,GOOD,True,9.753840924986434e-06,0.14,-3.2989383411420804e-06,True,-1.2897664987576715e-05,0.2,8.184239873220245e-06,True,2.8152163247341376e-05,0.25,1.6174671693911173e-05,True,-5.200720852371887e-06,0.48,6.480160726945926e-06,Khong_du
P014,189,Medium/189,5,0.403823398123426,1.552605584251221,4.747326225389701e-05,3.40933930274499e-05,7.017740222135056e-05,0.48581725667065845,3,0.5,0.4575882440939182,True,WEAK,True,1.755383273973621e-05,0.09,9.945339350731735e-06,False,-5.9342358829983505e-06,0.16,2.4427232399522447e-06,True,1.9880556897078348e-05,0.26,1.4554648861720715e-06,True,-1.2963994019325279e-05,0.47,6.501516821303417e-06,Vua_phai
P014,762,MedHigh/762,5,0.3866599612223062,1.3594230003289618,5.073731604902038e-05,2.5736585691874647e-05,6.691205817123591e-05,0.3846330003182934,3,0.6666666666666666,0.4902358051257308,True,WEAK,False,1.4983086543907113e-06,0.1,-1.019724857178923e-05,True,-1.1772625404660175e-05,0.23,8.021217484161466e-07,True,2.0809936313526122e-05,0.33,7.859863653873863e-06,True,-1.6861210286360045e-05,0.47,5.561661912134051e-07,Vua_phai
P014,893,High/893,5,0.6109817234408123,1.5585217838225518,3.9933554470887395e-05,2.3495300161662325e-05,5.611106694493258e-05,0.4187284512825361,4,0.5,0.5573197774662578,True,GOOD,True,1.4013153338510164e-05,0.15,5.228890255619995e-06,True,-9.97014863912682e-06,0.2,8.710099966694169e-07,True,1.0268782989442115e-05,0.27,-4.334113607029622e-06,True,-1.4066698147985334e-05,0.49,-1.2613633219397512e-07,Qua_nhieu
P015,605,Water/605,5,0.3284187722320248,2.2391849318250228,3.692747214524749e-05,3.884519445516329e-05,6.842359239689753e-05,0.5677163839898679,2,0.3333333333333333,0.32828029315190876,False,BAD,False,7.315239258786171e-09,0.14,-4.404054161304723e-06,True,-6.192640270086258e-06,0.18,4.665383097414054e-06,False,6.083059089778688e-06,0.33,-6.59167348549325e-06,True,-1.2276967944065595e-05,0.36,-7.176178061346011e-06,Khong_du
P015,258,Low/258,5,0.7580633137360429,1.1275165905239661,5.2657974919107345e-05,2.6752301310275254e-05,6.669659938324914e-05,0.40110442747691416,4,0.8333333333333334,0.6515881082054388,True,GOOD,True,1.663128037989736e-05,0.1,1.584355927265944e-06,True,-5.161116962426603e-06,0.17,5.502621220898618e-06,True,3.763744537934599e-05,0.32,1.7107122984513992e-05,True,-6.077153503743678e-06,0.53,7.2402601587339545e-06,Khong_du
P015,453,MedLow/453,5,0.4764128707644388,1.6307640757083017,4.000042626697759e-05,2.9616775257052042e-05,6.206103546491323e-05,0.47722012749523257,4,0.3333333333333333,0.508825915459179,True,GOOD,True,1.810434275739681e-05,0.1,7.89810855914246e-06,True,-1.615897688971302e-05,0.18,-6.558642099075879e-07,True,1.0692469913919924e-05,0.35,-2.368344044502744e-06,True,-5.85783940323381e-06,0.48,3.1792016142974595e-06,Khong_du
P015,189,Medium/189,5,0.750397924552914,1.5783112829124561,4.547697716555237e-05,3.3895716331735424e-05,7.182232576240067e-05,0.4719384393630983,3,0.16666666666666666,0.4020952099983085,False,BAD,True,9.102167859964539e-06,0.1,-6.713109525792655e-07,True,-2.5389408529008508e-05,0.14,-8.322163485468599e-06,False,7.449971008099972e-07,0.26,-7.414566233111284e-06,True,-7.233261135297653e-06,0.5,3.371741474252881e-06,Vua_phai
P015,762,MedHigh/762,5,0.3624017225530592,1.8446429979231287,4.370719316250085e-05,2.5925182801968793e-05,6.51585271433273e-05,0.3978785883993653,2,0.6666666666666666,0.4017077043427073,False,BAD,True,7.713515378782178e-06,0.09,-3.7089223277624634e-06,False,-3.5822889515202407e-06,0.23,9.936806882587297e-06,True,2.498306538143425e-05,0.28,1.4958587429129231e-05,False,-1.2137149004350558e-06,0.52,4.809514368556366e-06,Qua_nhieu
P015,893,High/893,5,0.3358807944538682,2.0596257119774264,3.763987754489575e-05,2.3314494883774982e-05,7.618204367744882e-05,0.3060366164825855,3,0.8333333333333334,0.5217761457740162,True,GOOD,True,1.748362886928589e-05,0.11,7.459936734680436e-06,True,-2.3942967322909682e-05,0.2,-1.2718526607035198e-05,True,2.090806342494034e-05,0.3,9.421922482908066e-06,False,4.05371532110621e-06,0.44,9.11255392923265e-06,Qua_nhieu
P016,605,Water/605,5,0.5408816564166998,1.5903771796474928,4.222936196212346e-05,3.6796004417784814e-05,6.3843400612128e-05,0.5763478145741953,1,0.5,0.30079955746112297,False,BAD,False,2.6940733164337867e-06,0.1,-2.473366680533218e-06,False,-4.616705899707085e-06,0.14,7.081836869427994e-06,True,3.5521670668003935e-05,0.32,2.0602125397426967e-05,False,3.1255376361135246e-06,0.44,1.3020283370743016e-05,Khong_du
P016,258,Low/258,5,0.8661580784470422,1.9992331007191986,3.5174372127985875e-05,2.7989870768367414e-05,5.777262374583538e-05,0.48448328903159954,3,0.16666666666666666,0.41268275321462344,False,BAD,True,8.162042394133094e-06,0.1,-3.7067455009167005e-06,True,-9.540602096791416e-06,0.14,-1.2093780406856198e-06,False,-2.022561528747246e-06,0.23,-1.1716671076514947e-05,True,-1.7266998937278304e-05,0.42,-1.0669785268466137e-05,Khong_du
P016,453,MedLow/453,5,0.4946964656034253,1.6867294775544934,3.883360948226419e-05,2.7228784416025557e-05,7.050997876474511e-05,0.3861692329659289,3,0.16666666666666666,0.3743540646060634,False,BAD,True,4.97420284659711e-06,0.11,-4.389568677051362e-06,True,-1.840464921087914e-05,0.22,-2.7938006625240833e-06,False,3.300249204585273e-07,0.31,-1.752295264836334e-05,True,-1.8710346216721516e-05,0.41,-9.880600576537737e-06,Khong_du
P016,189,Medium/189,5,0.5780106302577492,1.6286556121462366,4.5963989828092354e-05,3.149656993842129e-05,7.411133792663475e-05,0.424989897896605,4,0.5,0.5550417948637244,True,GOOD,True,2.7303482289653404e-05,0.09,1.4251153077030467e-05,True,-3.2132574972365546e-05,0.15,-1.5139595181520609e-05,True,2.87654852598962e-05,0.35,5.962530772872191e-06,True,-1.0359810496159599e-05,0.41,6.474001628994698e-06,Khong_du
P016,762,MedHigh/762,5,0.6945067494002028,1.2650462983142046,6.074836836629008e-05,3.3306500802798824e-05,7.30182521356306e-05,0.45613938746345734,3,0.6666666666666666,0.5212526831764428,True,GOOD,True,2.6448714585924905e-05,0.13,1.5354446040153186e-05,True,-4.5311172630846386e-05,0.18,-1.5458904569953803e-05,True,2.5442017823706918e-05,0.28,9.897703285424506e-06,False,-4.944225793224177e-06,0.43,9.595270862057812e-06,Vua_phai
P016,893,High/893,5,0.4626959963188152,1.4867646917524087,4.968655727411478e-05,2.7910667633100665e-05,7.032009131024085e-05,0.39690886506337597,2,0.5,0.3683261645729878,False,BAD,False,1.5188968006896172e-06,0.15,-8.653989275282063e-07,True,-1.6537279515205226e-05,0.24,-3.3114733386317075e-06,True,1.8507843446968766e-05,0.25,8.545663420442487e-06,False,-7.690705058867784e-07,0.44,1.1085490879634922e-05,Vua_phai
P017,605,Water/605,5,0.3197929649559096,1.8926580241830024,4.0355311244832413e-05,2.4364751301055e-05,7.47202836978751e-05,0.326079480634358,4,0.5,0.5261053747939026,True,GOOD,True,2.411727399760366e-05,0.14,4.249949830332461e-06,True,-2.4782548621260503e-05,0.14,-3.051359508144846e-06,True,1.5216126587347387e-05,0.26,1.944351879337511e-06,True,-6.305920624072314e-06,0.55,5.730732518289852e-06,Khong_du
P017,258,Low/258,5,0.5324726511995959,1.8727097144242766,3.577140322091046e-05,2.2910863743497915e-05,6.752523381848657e-05,0.33929336409384697,2,0.5,0.3698197232403381,False,BAD,False,-3.381106068900408e-06,0.1,-1.2133957955435495e-05,False,-4.4685489740459165e-06,0.16,7.071551626645281e-06,True,5.833053711512548e-06,0.3,-2.4057937098886073e-06,True,-1.4660720080428289e-05,0.36,-4.770186036536765e-06,Khong_du
P017,453,MedLow/453,5,1.1366513267400837,1.8369887345955018,4.600277193328113e-05,5.654771189241462e-05,6.369186101763017e-05,0.8878326208235928,3,0.3333333333333333,0.5071417237901097,False,BAD,True,1.949221595296535e-05,0.15,8.536498951729397e-06,True,-2.302918433088052e-05,0.24,3.77321127948769e-06,False,5.04451325014088e-06,0.24,-7.266506521229024e-06,True,-1.0439458386220695e-05,0.38,7.697768227068363e-06,Khong_du
P017,189,Medium/189,5,0.5671769591534173,1.5282845773599676,3.867661927783451e-05,3.38963406565805e-05,6.840564159597442e-05,0.4955196657138767,4,0.3333333333333333,0.5177620548579922,True,GOOD,True,2.3794906317675666e-05,0.12,9.335746616199815e-06,True,-2.090847985414257e-05,0.24,-4.8043031728894904e-06,True,5.826370647810108e-06,0.34,-1.0048243108336136e-05,True,-8.512905368244599e-06,0.48,2.092691053205059e-06,Khong_du
P017,762,MedHigh/762,5,0.3749788697813036,2.513764674905743,3.5625706378604046e-05,2.8652071737654353e-05,7.381836108421687e-05,0.3881428863608361,4,0.6666666666666666,0.5770256222921714,True,GOOD,True,1.5858611664043565e-05,0.09,6.956432685635761e-07,True,-1.2310799809256424e-05,0.16,4.407569254703183e-06,True,2.5791656548790345e-05,0.35,5.928105965962843e-06,True,-7.557493806113295e-06,0.41,3.460521739159034e-06,Khong_du
P017,893,High/893,5,0.30673905562245823,1.8046752549454848,4.4870726073108276e-05,2.6175464164542376e-05,8.30635655169028e-05,0.3151256992359167,3,0.5,0.4366960154112319,True,WEAK,True,1.6485390210618787e-05,0.12,7.843440394696341e-06,True,-1.59653311754937e-05,0.21,-4.3748760656502445e-06,False,1.746048383211018e-06,0.31,-1.2788810818602333e-05,True,-1.8446519091715646e-05,0.55,-8.825877905014602e-06,Vua_phai
P018,605,Water/605,5,0.5657943195637494,1.6949183673695845,4.7864929495631736e-05,4.0031764156921785e-05,7.360048289472095e-05,0.5439062704817266,4,0.6666666666666666,0.6046091635831086,True,GOOD,True,3.756536636956298e-05,0.11,2.419601533379786e-05,True,-1.580263838150131e-05,0.15,3.540053442789446e-07,True,2.833853272079523e-05,0.29,1.329615193434655e-05,True,-1.5109785990337818e-05,0.55,9.511654461126529e-06,Khong_du
P018,258,Low/258,5,0.5161677855250092,1.7946010227280529,4.2335609222860534e-05,3.605757698422561e-05,7.300418488709943e-05,0.49391109619247797,4,0.8333333333333334,0.6383906476748533,True,GOOD,True,6.297985396486184e-06,0.15,-4.021632114310185e-06,True,-1.6738848530906124e-05,0.16,-5.557982304987325e-06,True,2.2047520369739002e-05,0.31,1.6146489990430924e-05,True,-6.9033011944460055e-06,0.39,5.196312944659686e-07,Khong_du
P018,453,MedLow/453,5,0.4363451630180587,1.4080676428119794,5.2526336873024096e-05,3.811290908410374e-05,7.147805964632032e-05,0.5332112997007717,4,0.8333333333333334,0.6346862777290627,True,GOOD,True,6.2070394506008595e-06,0.12,-1.6750149146562067e-06,True,-3.03608801914379e-05,0.21,-1.4526752389863099e-05,True,2.1852536377764412e-05,0.31,1.0264611437586033e-05,True,-1.6282310760592133e-05,0.38,-4.9412449719567584e-06,Vua_phai
P018,189,Medium/189,5,0.44643627261687213,1.6889631763371888,4.762896226815761e-05,3.645280203383354e-05,7.438250539648529e-05,0.49007225340860866,3,0.16666666666666666,0.378125108390385,False,BAD,True,9.304116463226818e-06,0.1,-2.747253895612242e-07,True,-1.4857291057523979e-05,0.14,4.2635568846740405e-07,False,6.959223014746386e-07,0.34,-1.5375226257565202e-05,True,-1.875160529986412e-05,0.48,-7.129144696776507e-06,Vua_phai
P018,762,MedHigh/762,5,0.4874978059136239,1.7208457273503026,4.544620647940172e-05,3.661822836481459e-05,7.436687290886088e-05,0.4923997330060048,4,0.6666666666666666,0.5942214638015856,True,GOOD,True,6.2495886822944165e-06,0.09,-2.957653004947197e-06,True,-1.1840540207685993e-05,0.21,2.746374879142814e-06,True,2.0843209995291545e-05,0.28,5.2867687394644664e-06,True,-2.9182878173135877e-05,0.51,-8.533066578647344e-06,Qua_nhieu
P018,893,High/893,5,0.5827398788625229,1.8855370020458806,4.0176267276851275e-05,3.566440438616085e-05,7.507974541455809e-05,0.47502031592192195,4,0.5,0.5591881802660209,True,GOOD,True,3.8745513677440606e-05,0.1,2.0984619663368318e-05,True,-2.2591449771880436e-05,0.24,-1.9524222156261127e-06,True,1.9472558835786914e-05,0.26,6.1193627091645696e-06,True,-8.712811825262179e-06,0.36,6.459569455029444e-06,Qua_nhieu
P019,605,Water/605,5,0.5786700157352505,1.647791438275125,3.2471031950162325e-05,2.2629601369548115e-05,4.9147128935664156e-05,0.4604460496394672,4,0.16666666666666666,0.47442262170089755,True,WEAK,True,5.692453288475008e-06,0.15,-4.558924197490504e-06,True,-1.4271615693672857e-05,0.2,1.5709813661017458e-06,True,7.118157509466983e-06,0.31,-1.3213524852663848e-05,True,-1.3872980666936502e-05,0.52,-9.176242252174736e-07,Khong_du
P019,258,Low/258,5,0.5579524347618208,1.9354891983678368,3.3244054941297804e-05,2.0784796617924257e-05,5.315297904108782e-05,0.39103728507591995,4,0.3333333333333333,0.509157165944179,True,GOOD,True,6.355558386417216e-06,0.13,-2.2007681545842063e-06,True,-1.940156159179196e-05,0.14,-6.951217180237926e-06,True,9.359907839723293e-06,0.23,-1.9256758668881534e-06,True,-8.317970564538274e-06,0.45,1.1306709193070398e-06,Khong_du
P019,453,MedLow/453,5,0.5300240984713926,2.532608283817319,2.725552509919062e-05,2.7916616252576978e-05,5.7339895106066356e-05,0.4868620042108082,4,0.8333333333333334,0.6390166585217599,True,GOOD,True,1.1952873080645075e-05,0.12,5.451643020748518e-06,True,-8.831728508340574e-06,0.19,4.4698946370855005e-06,True,1.0663402201771533e-05,0.25,1.2596367868356908e-06,True,-1.0409817482089542e-05,0.54,-2.0077446135152813e-06,Vua_phai
P019,189,Medium/189,5,0.6315308303063322,1.6152836275722797,3.558407569568052e-05,2.6961410965806563e-05,5.103631256035129e-05,0.528278976540953,3,0.6666666666666666,0.5214151590994324,True,GOOD,False,1.1058872587454968e-06,0.11,-1.0595083677879456e-05,True,-2.0858196042183866e-05,0.18,-8.530049555717638e-06,True,1.8789667918639453e-05,0.27,6.790312851078483e-07,True,-1.557387638300156e-05,0.5,-8.48543423969663e-06,Qua_nhieu
P019,762,MedHigh/762,5,0.7223101019751998,1.240896336587412,3.983987676345285e-05,2.0534793140177068e-05,5.53721280926934e-05,0.37085071221755567,3,0.6666666666666666,0.5171729785809166,True,GOOD,True,5.093969673453103e-06,0.15,-4.176531387350175e-06,True,-2.955127691279813e-05,0.22,-1.2514859541955626e-05,True,2.760417671652249e-05,0.24,9.645153748776965e-06,False,-2.129854116598532e-06,0.43,5.095764187670045e-06,Vua_phai
P019,893,High/893,5,0.7146278813925072,1.4620358387890988,3.85263372775342e-05,2.3977113285327412e-05,5.412883144331073e-05,0.4429638077525968,4,1.0,0.6927746090308204,True,GOOD,True,1.4967376176855395e-05,0.13,5.034758472076207e-06,True,-1.4150687545111395e-05,0.23,-7.179478490204616e-06,True,1.6934652886746447e-05,0.3,1.0695928607244827e-05,True,-4.494871135799864e-06,0.43,2.983897396569365e-06,Qua_nhieu
P020,605,Water/605,5,0.4661248596086414,2.457098127975412,3.7801070612184014e-05,3.553271589593866e-05,7.008591205655905e-05,0.5069879930686199,3,1.0,0.5893678377808665,True,GOOD,True,2.202993136961595e-05,0.09,8.830490192427275e-06,True,-6.569150673385594e-06,0.15,6.567391628209407e-06,True,3.609332579799229e-05,0.26,1.894296368859089e-05,False,-7.910775972656376e-07,0.54,8.695136119467207e-06,Khong_du
P020,258,Low/258,5,0.2851980610526664,2.684740288952322,4.2734241116223465e-05,3.423849222000251e-05,7.234749606033557e-05,0.4732505488710856,3,0.3333333333333333,0.4050936295863869,False,BAD,True,1.2240516048223073e-05,0.11,-2.8415893540665943e-06,True,-3.164336512782029e-05,0.14,-1.6461825851427582e-05,False,6.927969025127823e-07,0.27,-7.095146896154767e-06,True,-1.4490322852604243e-05,0.42,-1.1629796010729757e-07,Khong_du
P020,453,MedLow/453,5,0.6946906461564516,1.762264303101117,4.452461458493498e-05,3.72827922656651e-05,7.02237928379912e-05,0.5309139646113652,4,0.8333333333333334,0.65604276785889,True,GOOD,True,1.1842507433357241e-05,0.13,4.066027125710596e-06,True,-2.035807536913126e-05,0.16,-7.240629872804695e-06,True,1.868187820264211e-05,0.26,2.7622875690597606e-06,True,-1.5984171290028827e-05,0.4,-2.722808560526974e-06,Vua_phai
P020,189,Medium/189,5,0.6481565832827069,1.361852922464355,5.3984201930634625e-05,3.066783905423913e-05,7.129577608129844e-05,0.4301494526024746,3,0.16666666666666666,0.3904409242187445,False,BAD,True,5.215535369984537e-06,0.14,-3.5283039315357552e-06,False,-3.843822402416209e-06,0.2,8.944806050692477e-06,True,1.994834672132129e-05,0.23,-2.2658888286085897e-06,True,-8.990863382981237e-06,0.55,1.6998766369511934e-06,Qua_nhieu
P020,762,MedHigh/762,5,0.6191335162820606,1.5784930561189114,4.665209480892086e-05,4.0262933273252714e-05,6.126916806676572e-05,0.6571483593408308,3,0.6666666666666666,0.5300472533074007,True,GOOD,False,2.4932948008427047e-06,0.15,-2.7126925952001914e-06,True,-1.5476722541052365e-05,0.21,3.8427576020632674e-06,True,3.530742051225388e-05,0.26,9.350032900757609e-06,True,-9.255825261789143e-06,0.47,3.89899115284487e-06,Qua_nhieu
P020,893,High/893,5,0.47172946225964063,2.1494175230602743,3.4833753612054186e-05,1.9617172459650932e-05,7.012864975306993e-05,0.27973121582584265,4,0.6666666666666666,0.5769572963752415,True,GOOD,True,1.6372686594934294e-05,0.1,1.0372959690028795e-05,True,-1.4854965468202864e-05,0.14,-6.191987830432442e-07,True,7.155776586387219e-06,0.28,2.1073187959621877e-06,True,-6.946743116505635e-06,0.53,1.6487182893936987e-06,Qua_nhieu
P021,605,Water/605,5,0.8037428292208628,1.1909143792269554,5.0109202246046934e-05,2.781338541870701e-05,5.9388305070201924e-05,0.46833101880629985,4,0.5,0.5771033955122109,True,GOOD,True,1.5174808944351525e-05,0.15,8.643585379226287e-06,True,-1.4620109618590503e-05,0.19,4.8030855582097e-07,True,8.330742946327519e-06,0.24,-4.78317249788828e-06,True,-2.1559767100143292e-05,0.49,-3.2781355255139487e-06,Khong_du
P021,258,Low/258,5,0.8519601879502922,1.5521818266880818,3.964650682603629e-05,2.8022052176072267e-05,5.849609052549634e-05,0.4790414525883309,1,0.3333333333333333,0.27775812460664917,False,BAD,False,3.0186080799410343e-07,0.13,-6.012910309698733e-06,False,-1.2181980764580647e-06,0.21,4.324540432130354e-06,False,3.3034083344318788e-06,0.27,-6.339373751219368e-06,True,-1.847671082562859e-05,0.55,-7.934621410534587e-06,Khong_du
P021,453,MedLow/453,5,0.911151374264803,1.4762083654372726,4.3899509748493234e-05,2.833497064423918e-05,5.838049248857076e-05,0.4853499762748038,4,0.6666666666666666,0.6289971960760106,True,GOOD,True,2.0812676685366686e-05,0.15,3.816843203198671e-06,True,-2.6134565472091255e-05,0.15,-7.823578058463455e-06,True,8.485361672683213e-06,0.25,-6.480184976982609e-06,True,-1.9326817744058646e-05,0.54,-7.967609062492762e-06,Khong_du
P021,189,Medium/189,5,0.8408703261640778,1.3067602644846754,4.9453804387314016e-05,2.923884325594606e-05,5.8894687256154305e-05,0.4964597762235455,4,0.3333333333333333,0.540640343730439,True,GOOD,True,1.0419335103506455e-05,0.13,4.450187017925243e-06,True,-2.567016870216321e-05,0.15,-9.205909868209068e-06,True,1.4869800975247928e-05,0.27,-5.7256691429385084e-06,True,-1.666630287218141e-05,0.4,1.3339111689951158e-06,Qua_nhieu
P021,762,MedHigh/762,5,0.6521156889366704,1.3206406183780668,4.53197936865584e-05,2.5319163603490126e-05,6.26895703630634e-05,0.4038815939693876,3,0.6666666666666666,0.5138007602924265,True,GOOD,True,5.421634551083798e-06,0.1,-2.4274484645608094e-06,False,-3.5221425093823207e-06,0.2,4.173861024344997e-06,True,2.0296677308806466e-05,0.25,6.887710458350135e-06,True,-1.4332560658658625e-05,0.44,-1.3398930491461222e-06,Qua_nhieu
P021,893,High/893,5,0.5611968607624334,1.2657387153861948,5.2197629916658814e-05,2.5609644100725844e-05,6.500981194285568e-05,0.3939350589605919,4,1.0,0.6763115344855805,True,GOOD,True,1.7565691393883753e-05,0.13,9.247478981474647e-06,True,-2.551695485522032e-05,0.16,-1.064779186156722e-05,True,2.4488847338943744e-05,0.29,1.1512915894912752e-05,True,-1.3766782467428128e-05,0.47,3.0661917913037197e-06,Qua_nhieu
P023,605,Water/605,5,0.6722929706412267,1.9825816349572059,3.9743654221332655e-05,3.7431742788972557e-05,6.71974290453306e-05,0.5570412934060549,4,0.6666666666666666,0.614469177892223,True,GOOD,True,1.759847946232185e-05,0.13,3.955092292987469e-06,True,-1.8949210880236932e-05,0.19,-6.279425417429511e-06,True,9.436957952857483e-06,0.23,-9.080330390914401e-07,True,-1.4313770107795183e-05,0.44,-5.9894768503071076e-06,Khong_du
P023,258,Low/258,5,0.3336827203533024,1.910481458039883,4.2332287860480956e-05,2.3815126667669516e-05,7.239928884295317e-05,0.32894144470574466,3,0.8333333333333334,0.5233108350490394,True,GOOD,True,1.1035024726879783e-05,0.1,8.808195879339562e-07,False,-4.273847844160628e-06,0.17,7.4673218155009045e-06,True,2.1017436402814837e-05,0.29,4.5414480978295685e-06,True,-8.321511609210575e-06,0.51,8.161846080697043e-07,Khong_du
P023,453,MedLow/453,5,0.8578846644711521,1.7246180751630409,4.740961532102396e-05,4.97949055131279e-05,6.564184494258606e-05,0.758584795364622,3,0.5,0.515884248358276,True,GOOD,True,1.3586130432940991e-05,0.11,3.4747316279646973e-06,False,-4.502747856349746e-06,0.19,5.824978111428954e-06,True,2.3896904508546868e-05,0.28,6.86672219387674e-06,True,-1.0443236283208536e-05,0.36,6.8746821111311694e-06,Khong_du
P023,189,Medium/189,5,0.28132058010922506,1.8794187385771715,4.265921067653279e-05,2.273795623099308e-05,7.303409113194291e-05,0.3113334591911993,4,1.0,0.6467933911151087,True,GOOD,True,1.26622635775675e-05,0.12,8.034333994747352e-06,True,-1.7651986684086297e-05,0.14,5.3626293909561895e-06,True,1.9919685053082502e-05,0.28,1.074157021037081e-05,True,-5.928519216998515e-06,0.46,2.7207533560970527e-06,Vua_phai
P023,762,MedHigh/762,5,0.45724639706068393,1.5920871222230324,4.2345754228091205e-05,2.9378417258114097e-05,6.706353024330062e-05,0.43806845764802077,3,0.5,0.45845900074532514,True,WEAK,False,9.448244412624268e-07,0.1,-4.187465724316195e-06,True,-1.1858430299227508e-05,0.14,5.889818280606232e-07,True,2.2201555501055734e-05,0.29,9.097233577703125e-06,True,-7.854759504274019e-06,0.43,6.731082057767492e-06,Vua_phai
P023,893,High/893,5,0.40194064116912986,2.001726574573884,4.031012185661491e-05,2.67654145346e-05,7.403707948471267e-05,0.3615136458769498,4,0.5,0.5356085768715321,True,GOOD,True,9.08592506050354e-06,0.09,8.38787796096442e-07,True,-1.2061134566465625e-05,0.16,-5.912126981270784e-07,True,8.618682704764069e-06,0.33,-1.1262057436694633e-05,True,-2.0518162305431057e-05,0.4,-4.058053554915083e-06,Qua_nhieu
P024,605,Water/605,5,0.4540427663670712,1.3296876632339076,4.899546196031604e-05,2.5104906921148937e-05,6.253491634346464e-05,0.4014542337158269,4,0.16666666666666666,0.4596126313926096,True,WEAK,True,6.8609207175995845e-06,0.09,-5.629206132847944e-06,True,-2.0935958355039477e-05,0.2,1.3576579381048182e-06,True,1.2493158851611953e-05,0.25,-5.567554213624904e-07,True,-7.855284934521476e-06,0.36,4.50279655382331e-06,Khong_du
P024,258,Low/258,5,0.8180902001865746,1.839223481644503,4.180730189449727e-05,4.486833165992646e-05,5.8925002452445306e-05,0.7614481084856448,3,0.3333333333333333,0.47111612481863785,False,BAD,True,1.528117877569457e-05,0.13,-1.5837356142713347e-07,True,-2.4038369896572935e-05,0.23,-1.3652262808314864e-05,False,2.726362356497703e-06,0.23,-1.140675325447004e-05,True,-9.643971566219987e-06,0.48,-6.055386436509298e-07,Khong_du
P024,453,MedLow/453,5,0.47119303904727744,1.5835905099055854,4.697468679654963e-05,3.2280292107879656e-05,6.719199200033992e-05,0.4804187395979621,2,0.16666666666666666,0.29196415872378695,False,BAD,False,-2.2580820541406866e-06,0.14,-6.647603830296182e-06,True,-1.5853281308864097e-05,0.19,2.0930154156737696e-06,False,-3.962064738516245e-08,0.27,-1.619860671080613e-05,True,-3.237251806164447e-05,0.51,-1.3040876240301448e-05,Vua_phai
P024,189,Medium/189,5,0.6755053705224546,1.4313255001240925,4.360847754168929e-05,2.8820790700712962e-05,5.583689244826898e-05,0.5161603634624629,3,0.3333333333333333,0.4408374748032225,False,BAD,False,3.5652580336886786e-06,0.1,-9.369831400566197e-06,True,-1.9615584301391208e-05,0.19,-5.763738460026505e-06,True,1.490750760240189e-05,0.33,-1.6145517417516421e-06,True,-1.5047417900859729e-05,0.52,-9.649633764549245e-07,Vua_phai
P024,762,MedHigh/762,5,0.5202274058313862,1.347858956198656,4.246708003573246e-05,2.6788836148211052e-05,5.6650939220470984e-05,0.4728754106609909,4,0.8333333333333334,0.6371512729521898,True,GOOD,True,1.7748588100374717e-05,0.1,6.058770434996015e-06,True,-1.4770665438845754e-05,0.23,7.2501509396002716e-06,True,3.043776794839914e-05,0.23,1.1195317091177844e-05,True,-3.513852012678361e-06,0.5,5.585713025753974e-06,Vua_phai
P024,893,High/893,5,0.5620980693060554,1.321397139425807,4.68175491606609e-05,2.6758283384894534e-05,5.7462545019825223e-05,0.4656647799999569,3,0.6666666666666666,0.510933030942168,True,GOOD,False,-3.044066386337363e-06,0.11,-1.061985529174438e-05,True,-3.284983203002412e-05,0.18,-9.25671113430388e-06,True,1.2529996149623912e-05,0.23,7.527382740167246e-07,True,-1.1963034017981044e-05,0.51,-1.8512542179033221e-06,Qua_nhieu
P025,605,Water/605,5,0.32948439436234633,2.0161281154018935,2.8979313630283502e-05,2.2212736017998698e-05,6.165694033501911e-05,0.3602633523055732,3,0.5,0.4419767842864468,True,WEAK,False,-3.177056004233237e-06,0.13,-7.467155831112189e-06,True,-1.5163704003384738e-05,0.15,-1.2075136149162933e-06,True,1.221877581656372e-05,0.23,4.3171636472895725e-06,True,-4.36275233444879e-06,0.37,3.891278415286551e-06,Khong_du
P025,258,Low/258,5,0.5068448829786483,1.7397900273076163,3.983858182099662e-05,2.8106621535361266e-05,6.92212607762769e-05,0.4060403006267375,4,0.8333333333333334,0.6310234294618927,True,GOOD,True,6.152588696295425e-06,0.15,-5.088859843941203e-06,True,-2.62692942214926e-05,0.17,-5.195500961525051e-06,True,2.7175439667104227e-05,0.27,8.146013907314946e-06,True,-1.0570623334160703e-05,0.53,3.634948974881547e-06,Khong_du
P025,453,MedLow/453,5,0.520857451352706,1.4462812065216137,4.347219363455726e-05,2.7060378439312516e-05,6.87463615943568e-05,0.39362633616865955,4,0.6666666666666666,0.5895934294920415,True,GOOD,True,1.580097636804112e-05,0.15,7.615660548663882e-07,True,-3.0036061980354136e-05,0.24,-1.0034615250214591e-05,True,1.3969877909403295e-05,0.33,5.087528843170311e-06,True,-4.9487611020045576e-06,0.51,7.313689723531524e-06,Khong_du
P025,189,Medium/189,5,0.3549815993613772,2.556313322659056,3.7317530011880184e-05,3.8135608253872095e-05,6.648654716529346e-05,0.5735838283053328,2,0.5,0.37260058706968135,False,BAD,False,-5.435655157270958e-06,0.1,-1.0437812017422793e-05,False,-2.1656905119016287e-06,0.15,1.16132091338014e-05,True,9.699965113441066e-06,0.26,-4.01027657386084e-06,True,-1.8969300393697117e-05,0.4,-8.453028606737237e-06,Vua_phai
P025,762,MedHigh/762,5,0.5094216919979635,1.5908307317331556,4.111952683497754e-05,2.8519686380438207e-05,6.85541598735341e-05,0.41601686072807476,2,0.16666666666666666,0.2903197388877692,False,BAD,False,-6.393778534174994e-07,0.1,-9.045349193570473e-06,True,-1.568895957655414e-05,0.2,1.8319361827016812e-06,False,-4.783275242914442e-06,0.32,-1.4680434856318724e-05,True,-1.4051847407851406e-05,0.5,-5.691522664291296e-06,Vua_phai
P025,893,High/893,5,0.40260669514841385,1.7475339788119961,4.666322138424473e-05,2.938891404564932e-05,7.470847104437583e-05,0.39338128106239384,3,0.5,0.450554154008714,True,WEAK,True,2.233615045810211e-05,0.1,1.606301221386275e-05,True,-2.6388169088420456e-05,0.17,-9.218019039797746e-07,True,1.7600382307136897e-05,0.35,3.868045528321318e-06,False,2.016653079787526e-06,0.39,1.2436530631378317e-05,Qua_nhieu
P026,605,Water/605,5,0.5039470080282237,1.78885020698212,3.911166680653464e-05,2.680546287758876e-05,6.759546967544065e-05,0.3965570918627398,3,0.5,0.45923736589205744,True,WEAK,True,2.1881046450289432e-05,0.11,1.0822776988358589e-05,True,-1.4696521242285597e-05,0.2,-2.391065041703913e-06,True,2.230351317393797e-05,0.28,7.9709956321057e-06,False,1.0044332915034222e-06,0.5,1.1641788284863641e-05,Khong_du
P026,258,Low/258,5,0.5304348141960754,1.6944398894963204,2.9760387593753974e-05,2.081669791795388e-05,5.1233803873664794e-05,0.40630787378748745,4,0.3333333333333333,0.5080093250504012,True,GOOD,True,6.724617367126483e-06,0.15,-5.380222514799511e-06,True,-1.0971517727398349e-05,0.23,-3.222140133277404e-06,True,6.6041533898442145e-06,0.24,-5.488931628532939e-06,True,-2.530279985724822e-05,0.44,-1.1272055171887609e-05,Khong_du
P026,453,MedLow/453,5,0.5658819781832188,1.4028635448777087,4.624803100795392e-05,2.9850193591471254e-05,6.548171812804251e-05,0.4558553813921374,4,0.8333333333333334,0.6396793184530118,True,GOOD,True,7.003669520599943e-06,0.12,-2.0878867173580933e-06,True,-1.3080558026246081e-05,0.24,-2.4066842127271313e-06,True,1.0834767090273092e-05,0.3,2.6523508577287636e-06,True,-1.1926079241675324e-05,0.53,-1.8124817399399801e-06,Khong_du
P026,189,Medium/189,5,0.38804456635785134,1.750461974178063,3.710511239832173e-05,2.2973368093790496e-05,6.133479293477243e-05,0.37455687048983655,3,0.6666666666666666,0.489595479149892,True,WEAK,False,-8.803451714811672e-06,0.15,-1.6104138611997396e-05,True,-1.1015480288278924e-05,0.2,-8.917222005002466e-07,True,1.4208789480107953e-05,0.32,4.022485442498272e-06,True,-8.214226746379912e-06,0.42,4.684580381485322e-07,Vua_phai
P026,762,MedHigh/762,5,0.6425156231152238,1.5262264871104418,3.4534944912351263e-05,2.447771526450854e-05,5.2638510355326576e-05,0.4650153490149366,3,0.3333333333333333,0.43425245310238886,False,BAD,True,1.4393015379710051e-05,0.15,-3.167457448073802e-08,True,-1.704553471881809e-05,0.23,-9.880304921110068e-06,False,3.5876101719622963e-06,0.31,-4.502756187568363e-06,True,-9.503710968298644e-06,0.49,-3.880760239422582e-06,Qua_nhieu
P026,893,High/893,5,0.38705002396000554,1.4434455846231649,4.652589249746955e-05,2.4094026064802362e-05,6.991752677558438e-05,0.34460638377752434,4,0.0,0.4080996474466481,True,WEAK,True,7.345905237343687e-06,0.15,-2.0769595644359073e-06,True,-1.4154434506963298e-05,0.2,3.6997619068915558e-06,True,1.6093485351120764e-05,0.34,-4.772654873291388e-06,True,-9.212496985355756e-06,0.35,2.853587160565158e-06,Qua_nhieu
P027,605,Water/605,5,0.7548214186877493,1.1963110340754097,3.7629051520796156e-05,1.9733674024895246e-05,5.010974384564891e-05,0.39380911795678125,4,0.3333333333333333,0.5257708020707377,True,GOOD,True,1.2663100653753646e-05,0.11,1.987854319348717e-06,True,-1.290414155050712e-05,0.17,1.726657567196023e-06,True,8.931276434864799e-06,0.35,-7.576253897886211e-07,True,-4.317031365038322e-06,0.54,2.3925006559857192e-06,Khong_du
P027,258,Low/258,5,0.5499063576516727,1.6190844809631166,3.134586649321995e-05,1.9687504786155028e-05,5.0354791157326744e-05,0.3909758005875564,3,0.16666666666666666,0.3793153815150394,False,BAD,True,4.9152552804798685e-06,0.09,-7.455919285145487e-07,True,-1.2534212177683913e-05,0.18,-1.6720200519318693e-06,True,4.31665932865144e-06,0.32,-3.924758243173825e-06,False,-2.212299462674613e-06,0.35,1.5639589848761817e-06,Khong_du
P027,453,MedLow/453,5,0.5445759194813309,1.771946944346991,3.379906405643422e-05,2.978594406931497e-05,5.1107606547010735e-05,0.582808432672673,2,0.3333333333333333,0.347425292407228,False,BAD,True,1.3133370816831301e-05,0.13,4.992610406530572e-06,False,3.429859009429493e-06,0.15,1.4095716229757148e-05,False,8.345381189656116e-07,0.25,-1.1436582899084264e-05,True,-1.7805258877009086e-05,0.45,-7.862180717756205e-06,Khong_du
P027,189,Medium/189,5,0.505035939083728,1.330987513194661,4.819405723152715e-05,2.371998146791754e-05,6.046313451477612e-05,0.39230485912239293,2,0.6666666666666666,0.41317585935782347,False,BAD,False,-2.2870011378017807e-06,0.15,-9.182238700589096e-06,False,-4.123097460251302e-06,0.18,5.785317847798151e-06,True,1.7858045384855356e-05,0.35,3.616274937292893e-06,True,-1.7102825601493048e-05,0.37,-5.193395577227045e-06,Vua_phai
P027,762,MedHigh/762,5,1.0058596137802303,1.720455718687446,3.4454068673292814e-05,2.5307062303399415e-05,5.936808324124403e-05,0.42627386504232234,3,0.6666666666666666,0.5449588410265267,True,GOOD,True,1.323555230214879e-05,0.11,3.1498717070072803e-06,False,1.6753806221458947e-06,0.24,1.2153363421128142e-05,True,1.4714443858565574e-05,0.3,1.0883670949915282e-06,True,-1.7635224344303422e-05,0.4,-4.011330979516341e-06,Vua_phai
P027,893,High/893,5,0.5385826977132193,1.542489345329153,3.2928364946124814e-05,1.8763942323279086e-05,5.4277399941495505e-05,0.3457045168616101,4,0.8333333333333334,0.6291430635740557,True,GOOD,True,7.987892869820712e-06,0.11,1.5343632207580935e-06,True,-7.702266083242649e-06,0.22,5.325750279054505e-06,True,1.3433132136242422e-05,0.24,1.587418449844336e-06,True,-1.1576688743275553e-05,0.5,-2.392808595299274e-06,Vua_phai
P028,605,Water/605,5,0.6134625937375129,1.5689468162426696,4.813001448332589e-05,3.777714839587852e-05,7.469856176292786e-05,0.5057279217205348,3,0.16666666666666666,0.39321814360716617,False,BAD,False,1.255450195003505e-06,0.09,-1.3689981913346725e-05,True,-1.603738489563966e-05,0.18,8.305820440958975e-07,True,1.2084371974196984e-05,0.27,-1.6454702526621424e-06,True,-8.177298165416383e-06,0.37,6.835594511502204e-07,Khong_du
P028,258,Low/258,5,0.4755600571304592,1.7651515321238762,4.352675227396612e-05,3.240882281378256e-05,8.998378946607798e-05,0.3601629027414989,4,0.8333333333333334,0.6249755557998173,True,GOOD,True,2.3504114381012187e-05,0.14,1.1664071593066515e-05,True,-2.4804094397268273e-05,0.21,-5.797731042084758e-06,True,1.7035050564118138e-05,0.33,2.239995078804433e-06,True,-1.5058512362505401e-05,0.54,-4.903573736256934e-06,Khong_du
P028,453,MedLow/453,5,0.7656223803757769,1.5214279051164956,3.984569710839028e-05,3.092690497483988e-05,7.077661359935801e-05,0.4369650284471989,4,0.5,0.5715742421648546,True,GOOD,True,1.782728471653172e-05,0.13,4.0106458393600925e-06,True,-7.821362009963195e-06,0.16,-1.8932591891805053e-06,True,2.0963744839264108e-05,0.26,4.596087570427278e-07,True,-9.43481911311513e-06,0.45,9.53527814494414e-07,Vua_phai
P028,189,Medium/189,5,0.30524581505975895,1.915522072960944,4.5461195047423326e-05,2.8395309818718896e-05,8.794125284765643e-05,0.32288953021750827,1,0.16666666666666666,0.1788205326879597,False,BAD,False,2.7336209392103668e-06,0.09,-8.856800160548874e-06,False,4.172654098510976e-06,0.2,1.2772121021178214e-05,False,-4.518043067491816e-06,0.26,-1.6878475031380554e-05,True,-1.83811733222683e-05,0.54,-6.006445723795109e-06,Khong_du
P028,762,MedHigh/762,5,0.6193773522838635,1.4545125083865005,5.032734857060156e-05,3.081139637961932e-05,7.196786980375253e-05,0.4281271137194721,3,0.3333333333333333,0.4295576462192823,False,BAD,True,1.1064079129141646e-05,0.14,-4.398239653369274e-06,False,9.556738081073491e-06,0.17,1.8515220955782718e-05,True,3.051975299968035e-05,0.35,8.336750906432995e-07,True,-7.369316002344323e-06,0.53,5.836849392051385e-06,Vua_phai
P028,893,High/893,5,0.7949449064334433,1.2290531530844668,5.4699662047173627e-05,3.790829677152494e-05,6.26880255619763e-05,0.6047135227452176,2,0.3333333333333333,0.3699322564086783,False,BAD,False,2.8127926441356976e-06,0.09,-1.371551777741128e-05,True,-1.8203586898835058e-05,0.21,-4.782008668424709e-06,False,4.28379059371764e-06,0.32,-4.094271207468235e-06,True,-1.0417556601775382e-05,0.5,-2.6056544036920465e-07,Vua_phai
P029,605,Water/605,5,0.35080217195816726,1.8220646956013424,4.9091053195862145e-05,3.112020146223672e-05,8.794080899495256e-05,0.3538766793016754,4,0.3333333333333333,0.4891075986108062,True,WEAK,True,2.030699383794854e-05,0.15,1.43657334539122e-05,True,-2.049799995802459e-05,0.17,-2.8695430240139274e-06,True,1.1628899937932146e-05,0.27,-2.8545774435442608e-06,True,-4.7765869264064025e-06,0.39,3.944139832439096e-06,Khong_du
P029,258,Low/258,5,0.5827572904151714,1.605120648456888,4.497123816624297e-05,3.518082588097945e-05,6.949914342471102e-05,0.5062051724290835,2,0.5,0.38652849546677887,False,BAD,False,1.7372724641973031e-06,0.09,-1.3464567092772281e-05,False,-1.5918600411168884e-06,0.24,4.624531054663418e-06,True,9.77889966549128e-06,0.31,-1.0049680040516217e-05,True,-3.564155890577089e-05,0.44,-2.1117730009366136e-05,Khong_du
P029,453,MedLow/453,5,0.4029938881519537,2.0849835828035355,3.2144255750345404e-05,3.1810726051299786e-05,6.947861895692115e-05,0.45784914163339085,2,0.5,0.3679215096351671,False,BAD,False,-4.292783359005625e-06,0.09,-1.394119988792194e-05,True,-1.3223020425812138e-05,0.21,1.2184402219294166e-06,False,2.869083442291753e-06,0.26,-9.541777751482963e-06,True,-2.1331040657438885e-05,0.39,-1.1954119020580427e-05,Vua_phai
P029,189,Medium/189,5,0.5212631766243567,1.79372021379394,4.486070312762308e-05,3.1428049407988576e-05,8.123299615274585e-05,0.3868877290810877,3,0.5,0.45995517773311123,True,WEAK,True,7.190160044956428e-06,0.14,-1.0503648738741893e-05,False,-3.5936116177026633e-06,0.23,1.0561263930669077e-05,True,1.1417134628288748e-05,0.26,-5.329833008907223e-06,True,-3.072543339991777e-05,0.4,-1.8149861933832002e-05,Qua_nhieu
P029,762,MedHigh/762,5,0.36495944769846755,1.8567730670051747,4.33289282282152e-05,2.930408422883618e-05,7.652240548063636e-05,0.38294776601411784,2,0.5,0.3591343697592645,False,BAD,False,1.3294625887283466e-06,0.14,-1.101110490091222e-05,False,-4.17262274083896e-06,0.22,4.8300594860444865e-06,True,8.633396282675677e-06,0.28,-6.922185176650741e-06,True,-2.3646649729395598e-05,0.54,-9.772402067208231e-06,Qua_nhieu
P029,893,High/893,5,0.5252570631651579,1.4253531480469699,5.307976119819875e-05,3.748980028730852e-05,7.236025652311833e-05,0.5180993281212447,3,0.6666666666666666,0.5117955382061897,True,GOOD,True,1.2309635022234033e-05,0.15,-1.0542931201079224e-08,True,-3.212223864466068e-05,0.23,-7.039995330418688e-06,True,4.6902923651259704e-05,0.25,1.8206858917306607e-05,False,-1.3405484385960637e-06,0.43,1.1917591466372969e-05,Vua_phai
P030,605,Water/605,5,0.5173753973835098,1.55572080507042,3.9147369088493956e-05,2.4425188038823083e-05,6.0029419448531935e-05,0.40688696081368514,3,0.6666666666666666,0.5027978051763188,True,GOOD,False,-6.002024872486799e-06,0.09,-1.2704651410595194e-05,True,-1.6047947588049284e-05,0.16,-3.801879041437867e-06,True,2.2161980666624007e-05,0.26,7.603786459552661e-07,True,-1.3756252250611092e-05,0.38,-4.616370444559826e-06,Khong_du
P030,258,Low/258,5,0.6768263987141709,1.4759761882513527,4.432394613903993e-05,2.735871933070944e-05,6.796228882056012e-05,0.40255735652082414,3,0.6666666666666666,0.5157606682985759,True,GOOD,True,1.4388592467184937e-05,0.11,4.759615461783337e-06,True,-9.829536969618859e-06,0.18,8.075220008084794e-06,True,2.258609617911134e-05,0.24,1.051591055680927e-05,False,1.2426076447506306e-06,0.43,7.655646612291285e-06,Vua_phai
P030,453,MedLow/453,5,0.5356176404300568,1.1683063341240605,5.001832480853342e-05,2.4911274909795153e-05,6.699368926266838e-05,0.37184509741093974,3,0.8333333333333334,0.5433565190083252,True,GOOD,True,1.4088022203395667e-05,0.11,5.860742441906755e-06,True,-1.694839696710915e-05,0.22,2.875971689064727e-06,True,2.0663951687538425e-05,0.33,1.2815672539654943e-05,False,-1.1263121943253887e-06,0.44,7.83272632083543e-06,Khong_du
P030,189,Medium/189,5,0.5645350681934067,1.4911071237816316,4.259222112857453e-05,3.350832880371112e-05,6.149983259620799e-05,0.5448523579522264,4,0.8333333333333334,0.6462418491958675,True,GOOD,True,1.9520754420909725e-05,0.14,1.0114647051295834e-05,True,-1.3755588184949376e-05,0.24,-1.5085398292636788e-06,True,1.9317175662081355e-05,0.26,6.7146836904350075e-06,True,-1.2911234663685414e-05,0.49,2.4167525629262318e-06,Khong_du
P030,762,MedHigh/762,5,0.628463787146197,1.2704833113549259,4.123180802125145e-05,2.5590670980435795e-05,6.310519507788726e-05,0.40552399764949054,3,0.5,0.47028628208589485,True,WEAK,True,2.002385266166584e-05,0.13,9.173991707151732e-06,True,-1.4428893864248949e-05,0.18,1.1871551204866262e-06,True,1.627783080948575e-05,0.24,7.651694356962498e-06,False,3.7627744025788465e-06,0.52,1.3702840588391403e-05,Qua_nhieu
P030,893,High/893,5,0.4099143866791226,1.7104590984082175,3.9375182058180734e-05,3.008759302262512e-05,7.192703332806404e-05,0.4183071597766807,3,0.0,0.32803256920651125,False,BAD,False,4.445643534722876e-06,0.13,-2.0237214079494537e-06,True,-5.874794690896578e-06,0.2,2.559522600878691e-06,True,2.0424805990160165e-05,0.32,-3.4892134738566515e-06,True,-1.2916106801223277e-05,0.52,7.155354668648379e-07,Qua_nhieu
