filter,n_samples,n_subjects,majority_baseline,strategy,K,model,accuracy,balanced_acc,f1
weak,119,28,0.7563025210084033,standard,3,LogReg_C0.1,0.4789915966386555,0.49195402298850577,0.4507147111375819
weak,119,28,0.7563025210084033,standard,3,LogReg_C1,0.46218487394957986,0.46915708812260537,0.43299583085169746
weak,119,28,0.7563025210084033,standard,3,LogReg_C10,0.46218487394957986,0.46915708812260537,0.43299583085169746
weak,119,28,0.7563025210084033,standard,3,SVM_RBF,0.48739495798319327,0.46245210727969344,0.4418300653594771
weak,119,28,0.7563025210084033,standard,3,RForest,0.6470588235294118,0.439463601532567,0.41447985004686033
weak,119,28,0.7563025210084033,standard,3,GradBoost,0.5882352941176471,0.4239463601532567,0.42066567312468955
weak,119,28,0.7563025210084033,standard,5,LogReg_C0.1,0.46218487394957986,0.48084291187739464,0.4373522458628842
weak,119,28,0.7563025210084033,standard,5,LogReg_C1,0.47058823529411764,0.48639846743295023,0.4440489432703003
weak,119,28,0.7563025210084033,standard,5,LogReg_C10,0.47058823529411764,0.48639846743295023,0.4440489432703003
weak,119,28,0.7563025210084033,standard,5,SVM_RBF,0.5630252100840336,0.535823754789272,0.5104430379746836
weak,119,28,0.7563025210084033,standard,5,RForest,0.6722689075630253,0.4561302681992337,0.42540547232883497
weak,119,28,0.7563025210084033,standard,5,GradBoost,0.6386554621848739,0.4806513409961686,0.4781234064252933
weak,119,28,0.7563025210084033,standard,8,LogReg_C0.1,0.4957983193277311,0.4796934865900383,0.4537943696450428
weak,119,28,0.7563025210084033,standard,8,LogReg_C1,0.48739495798319327,0.46245210727969344,0.4418300653594771
weak,119,28,0.7563025210084033,standard,8,LogReg_C10,0.4789915966386555,0.4568965517241379,0.4355875152998776
weak,119,28,0.7563025210084033,standard,8,SVM_RBF,0.5462184873949579,0.46628352490421454,0.4623493975903614
weak,119,28,0.7563025210084033,standard,8,RForest,0.6974789915966386,0.47279693486590035,0.4363157894736842
weak,119,28,0.7563025210084033,standard,8,GradBoost,0.6554621848739496,0.46839080459770116,0.4564999443021054
weak,119,28,0.7563025210084033,standard,10,LogReg_C0.1,0.4957983193277311,0.4796934865900383,0.4537943696450428
weak,119,28,0.7563025210084033,standard,10,LogReg_C1,0.4789915966386555,0.4568965517241379,0.4355875152998776
weak,119,28,0.7563025210084033,standard,10,LogReg_C10,0.4789915966386555,0.4568965517241379,0.4355875152998776
weak,119,28,0.7563025210084033,standard,10,SVM_RBF,0.5294117647058824,0.46685823754789274,0.4587394411955815
weak,119,28,0.7563025210084033,standard,10,RForest,0.7142857142857143,0.4722222222222222,0.4166666666666667
weak,119,28,0.7563025210084033,standard,10,GradBoost,0.6722689075630253,0.47950191570881223,0.4656303972366148
weak,119,28,0.7563025210084033,standard,15,LogReg_C0.1,0.5126050420168067,0.47911877394636015,0.46044402751719826
weak,119,28,0.7563025210084033,standard,15,LogReg_C1,0.5042016806722689,0.4735632183908046,0.4542557326078508
weak,119,28,0.7563025210084033,standard,15,LogReg_C10,0.5042016806722689,0.4735632183908046,0.4542557326078508
weak,119,28,0.7563025210084033,standard,15,SVM_RBF,0.5882352941176471,0.4706896551724138,0.4711111111111111
weak,119,28,0.7563025210084033,standard,15,RForest,0.7394957983193278,0.4888888888888889,0.4251207729468599
weak,119,28,0.7563025210084033,standard,15,GradBoost,0.680672268907563,0.4616858237547892,0.42904040404040406
weak,119,28,0.7563025210084033,standard,20,LogReg_C0.1,0.5126050420168067,0.4674329501915709,0.4539556962025317
weak,119,28,0.7563025210084033,standard,20,LogReg_C1,0.4957983193277311,0.45632183908045976,0.44183864915572235
weak,119,28,0.7563025210084033,standard,20,LogReg_C10,0.47058823529411764,0.4396551724137931,0.42352941176470593
weak,119,28,0.7563025210084033,standard,20,SVM_RBF,0.5882352941176471,0.48237547892720306,0.4814584259670965
weak,119,28,0.7563025210084033,standard,20,RForest,0.7563025210084033,0.5233716475095785,0.48987435328898743
weak,119,28,0.7563025210084033,standard,20,GradBoost,0.7563025210084033,0.5584291187739463,0.555340806597088
weak,119,28,0.7563025210084033,standard,30,LogReg_C0.1,0.5546218487394958,0.4952107279693487,0.48408997955010225
weak,119,28,0.7563025210084033,standard,30,LogReg_C1,0.5546218487394958,0.4835249042145594,0.4763802407638024
weak,119,28,0.7563025210084033,standard,30,LogReg_C10,0.5462184873949579,0.47796934865900387,0.47050098879367175
weak,119,28,0.7563025210084033,standard,30,SVM_RBF,0.5882352941176471,0.48237547892720306,0.4814584259670965
weak,119,28,0.7563025210084033,standard,30,RForest,0.7478991596638656,0.5061302681992337,0.45843446601941745
weak,119,28,0.7563025210084033,standard,30,GradBoost,0.7394957983193278,0.5473180076628352,0.5432710164665098
weak,119,28,0.7563025210084033,std+wins,3,LogReg_C0.1,0.4789915966386555,0.49195402298850577,0.4507147111375819
weak,119,28,0.7563025210084033,std+wins,3,LogReg_C1,0.4789915966386555,0.4802681992337165,0.4460960960960961
weak,119,28,0.7563025210084033,std+wins,3,LogReg_C10,0.47058823529411764,0.4747126436781609,0.43956043956043955
weak,119,28,0.7563025210084033,std+wins,3,SVM_RBF,0.4789915966386555,0.44521072796934863,0.4296536796536796
weak,119,28,0.7563025210084033,std+wins,3,RForest,0.6638655462184874,0.45057471264367815,0.4217687074829932
weak,119,28,0.7563025210084033,std+wins,3,GradBoost,0.5966386554621849,0.44118773946360157,0.43956043956043955
weak,119,28,0.7563025210084033,std+wins,5,LogReg_C0.1,0.4789915966386555,0.4802681992337165,0.4460960960960961
weak,119,28,0.7563025210084033,std+wins,5,LogReg_C1,0.48739495798319327,0.48582375478927203,0.45260538420933566
weak,119,28,0.7563025210084033,std+wins,5,LogReg_C10,0.48739495798319327,0.48582375478927203,0.45260538420933566
weak,119,28,0.7563025210084033,std+wins,5,SVM_RBF,0.5630252100840336,0.535823754789272,0.5104430379746836
weak,119,28,0.7563025210084033,std+wins,5,RForest,0.680672268907563,0.4616858237547892,0.42904040404040406
weak,119,28,0.7563025210084033,std+wins,5,GradBoost,0.6302521008403361,0.4634099616858237,0.4586435070306038
weak,119,28,0.7563025210084033,std+wins,8,LogReg_C0.1,0.4789915966386555,0.4568965517241379,0.4355875152998776
weak,119,28,0.7563025210084033,std+wins,8,LogReg_C1,0.4789915966386555,0.4685823754789272,0.44106060606060604
weak,119,28,0.7563025210084033,std+wins,8,LogReg_C10,0.47058823529411764,0.4630268199233717,0.43465801975718277
weak,119,28,0.7563025210084033,std+wins,8,SVM_RBF,0.5462184873949579,0.46628352490421454,0.4623493975903614
weak,119,28,0.7563025210084033,std+wins,8,RForest,0.6890756302521008,0.45555555555555555,0.4079601990049751
weak,119,28,0.7563025210084033,std+wins,8,GradBoost,0.6638655462184874,0.48563218390804597,0.4780701754385965
weak,119,28,0.7563025210084033,std+wins,10,LogReg_C0.1,0.5210084033613446,0.4846743295019157,0.46661948572776596
weak,119,28,0.7563025210084033,std+wins,10,LogReg_C1,0.5042016806722689,0.4735632183908046,0.4542557326078508
weak,119,28,0.7563025210084033,std+wins,10,LogReg_C10,0.5042016806722689,0.4735632183908046,0.4542557326078508
weak,119,28,0.7563025210084033,std+wins,10,SVM_RBF,0.5378151260504201,0.460727969348659,0.45662100456621
weak,119,28,0.7563025210084033,std+wins,10,RForest,0.7142857142857143,0.4839080459770115,0.4436193619361936
weak,119,28,0.7563025210084033,std+wins,10,GradBoost,0.680672268907563,0.47337164750957855,0.45068027210884354
weak,119,28,0.7563025210084033,std+wins,15,LogReg_C0.1,0.5378151260504201,0.49578544061302676,0.47894275933444785
weak,119,28,0.7563025210084033,std+wins,15,LogReg_C1,0.48739495798319327,0.4507662835249042,0.4357559269335406
weak,119,28,0.7563025210084033,std+wins,15,LogReg_C10,0.4957983193277311,0.45632183908045976,0.44183864915572235
weak,119,28,0.7563025210084033,std+wins,15,SVM_RBF,0.6050420168067226,0.4818007662835249,0.48198573677873485
weak,119,28,0.7563025210084033,std+wins,15,RForest,0.7394957983193278,0.4888888888888889,0.4251207729468599
weak,119,28,0.7563025210084033,std+wins,15,GradBoost,0.6890756302521008,0.4672413793103448,0.43267620152042263
weak,119,28,0.7563025210084033,std+wins,20,LogReg_C0.1,0.48739495798319327,0.4507662835249042,0.4357559269335406
weak,119,28,0.7563025210084033,std+wins,20,LogReg_C1,0.47058823529411764,0.4396551724137931,0.42352941176470593
weak,119,28,0.7563025210084033,std+wins,20,LogReg_C10,0.47058823529411764,0.4396551724137931,0.42352941176470593
weak,119,28,0.7563025210084033,std+wins,20,SVM_RBF,0.5630252100840336,0.4657088122605364,0.4647058823529412
weak,119,28,0.7563025210084033,std+wins,20,RForest,0.7647058823529411,0.5406130268199234,0.5196078431372549
weak,119,28,0.7563025210084033,std+wins,20,GradBoost,0.7310924369747899,0.5300766283524905,0.5191919191919192
weak,119,28,0.7563025210084033,std+wins,30,LogReg_C0.1,0.5378151260504201,0.48409961685823755,0.4720496894409938
weak,119,28,0.7563025210084033,std+wins,30,LogReg_C1,0.5378151260504201,0.48409961685823755,0.4720496894409938
weak,119,28,0.7563025210084033,std+wins,30,LogReg_C10,0.5210084033613446,0.46130268199233715,0.4528514963297572
weak,119,28,0.7563025210084033,std+wins,30,SVM_RBF,0.6302521008403361,0.4984674329501916,0.4984674329501916
weak,119,28,0.7563025210084033,std+wins,30,RForest,0.7478991596638656,0.49444444444444446,0.42788461538461536
weak,119,28,0.7563025210084033,std+wins,30,GradBoost,0.7142857142857143,0.5306513409961686,0.5260074976569822
weak,119,28,0.7563025210084033,std+iforest,3,LogReg_C0.1,0.5714285714285714,0.5881226053639848,0.5380223795387075
weak,119,28,0.7563025210084033,std+iforest,3,LogReg_C1,0.5546218487394958,0.5770114942528736,0.5243948420179474
weak,119,28,0.7563025210084033,std+iforest,3,LogReg_C10,0.5546218487394958,0.5770114942528736,0.5243948420179474
weak,119,28,0.7563025210084033,std+iforest,3,SVM_RBF,0.5966386554621849,0.5697318007662835,0.5423076923076923
weak,119,28,0.7563025210084033,std+iforest,3,RForest,0.7058823529411765,0.5250957854406131,0.5204375359815774
weak,119,28,0.7563025210084033,std+iforest,3,GradBoost,0.6386554621848739,0.49233716475095785,0.49160457029309484
weak,119,28,0.7563025210084033,std+iforest,5,LogReg_C0.1,0.5630252100840336,0.5591954022988506,0.5216450216450217
weak,119,28,0.7563025210084033,std+iforest,5,LogReg_C1,0.5546218487394958,0.5653256704980842,0.5199056101088528
weak,119,28,0.7563025210084033,std+iforest,5,LogReg_C10,0.5462184873949579,0.5597701149425287,0.5131818181818182
weak,119,28,0.7563025210084033,std+iforest,5,SVM_RBF,0.6218487394957983,0.5513409961685823,0.5407769488037046
weak,119,28,0.7563025210084033,std+iforest,5,RForest,0.7394957983193278,0.5706896551724138,0.5752446747265401
weak,119,28,0.7563025210084033,std+iforest,5,GradBoost,0.7226890756302521,0.571264367816092,0.5759637188208616
weak,119,28,0.7563025210084033,std+iforest,8,LogReg_C0.1,0.5126050420168067,0.4908045977011494,0.46645021645021645
weak,119,28,0.7563025210084033,std+iforest,8,LogReg_C1,0.48739495798319327,0.48582375478927203,0.45260538420933566
weak,119,28,0.7563025210084033,std+iforest,8,LogReg_C10,0.48739495798319327,0.48582375478927203,0.45260538420933566
weak,119,28,0.7563025210084033,std+iforest,8,SVM_RBF,0.5798319327731093,0.5235632183908046,0.5097231377719182
weak,119,28,0.7563025210084033,std+iforest,8,RForest,0.7647058823529411,0.5522988505747126,0.5418041804180418
weak,119,28,0.7563025210084033,std+iforest,8,GradBoost,0.7142857142857143,0.5306513409961686,0.5260074976569822
weak,119,28,0.7563025210084033,std+iforest,10,LogReg_C0.1,0.5126050420168067,0.47911877394636015,0.46044402751719826
weak,119,28,0.7563025210084033,std+iforest,10,LogReg_C1,0.5294117647058824,0.4902298850574712,0.47278481012658224
weak,119,28,0.7563025210084033,std+iforest,10,LogReg_C10,0.5294117647058824,0.4902298850574712,0.47278481012658224
weak,119,28,0.7563025210084033,std+iforest,10,SVM_RBF,0.6134453781512605,0.5457854406130268,0.5345238095238095
weak,119,28,0.7563025210084033,std+iforest,10,RForest,0.7478991596638656,0.5295019157088123,0.509075907590759
weak,119,28,0.7563025210084033,std+iforest,10,GradBoost,0.7058823529411765,0.5367816091954023,0.5360365378188704
weak,119,28,0.7563025210084033,std+iforest,15,LogReg_C0.1,0.5294117647058824,0.5252873563218391,0.4902080783353733
weak,119,28,0.7563025210084033,std+iforest,15,LogReg_C1,0.5294117647058824,0.5136015325670498,0.48484848484848486
weak,119,28,0.7563025210084033,std+iforest,15,LogReg_C10,0.5294117647058824,0.4902298850574712,0.47278481012658224
weak,119,28,0.7563025210084033,std+iforest,15,SVM_RBF,0.6218487394957983,0.5279693486590038,0.5237883503779457
weak,119,28,0.7563025210084033,std+iforest,15,RForest,0.773109243697479,0.5578544061302682,0.5477832512315272
weak,119,28,0.7563025210084033,std+iforest,15,GradBoost,0.680672268907563,0.5434865900383141,0.5448872785829307
weak,119,28,0.7563025210084033,std+iforest,20,LogReg_C0.1,0.5798319327731093,0.5469348659003832,0.5232371794871795
weak,119,28,0.7563025210084033,std+iforest,20,LogReg_C1,0.5630252100840336,0.5241379310344827,0.5041666666666667
weak,119,28,0.7563025210084033,std+iforest,20,LogReg_C10,0.5630252100840336,0.5241379310344827,0.5041666666666667
weak,119,28,0.7563025210084033,std+iforest,20,SVM_RBF,0.6302521008403361,0.5218390804597701,0.5201612903225806
weak,119,28,0.7563025210084033,std+iforest,20,RForest,0.7563025210084033,0.5350574712643679,0.5142857142857142
weak,119,28,0.7563025210084033,std+iforest,20,GradBoost,0.6890756302521008,0.5256704980842912,0.5245653817082389
weak,119,28,0.7563025210084033,std+iforest,30,LogReg_C0.1,0.5294117647058824,0.5019157088122606,0.4790494058786742
weak,119,28,0.7563025210084033,std+iforest,30,LogReg_C1,0.5882352941176471,0.5291187739463602,0.5158987131589872
weak,119,28,0.7563025210084033,std+iforest,30,LogReg_C10,0.6218487394957983,0.5747126436781609,0.5554171855541719
weak,119,28,0.7563025210084033,std+iforest,30,SVM_RBF,0.6386554621848739,0.5157088122605364,0.5154814884954076
weak,119,28,0.7563025210084033,std+iforest,30,RForest,0.7647058823529411,0.5289272030651341,0.4945388349514563
weak,119,28,0.7563025210084033,std+iforest,30,GradBoost,0.7058823529411765,0.5601532567049808,0.5632798573975044
weak,119,28,0.7563025210084033,robust,3,LogReg_C0.1,0.47058823529411764,0.48639846743295023,0.4440489432703003
weak,119,28,0.7563025210084033,robust,3,LogReg_C1,0.46218487394957986,0.46915708812260537,0.43299583085169746
weak,119,28,0.7563025210084033,robust,3,LogReg_C10,0.46218487394957986,0.46915708812260537,0.43299583085169746
weak,119,28,0.7563025210084033,robust,3,SVM_RBF,0.4789915966386555,0.4685823754789272,0.44106060606060604
weak,119,28,0.7563025210084033,robust,3,RForest,0.6470588235294118,0.439463601532567,0.41447985004686033
weak,119,28,0.7563025210084033,robust,3,GradBoost,0.5882352941176471,0.4239463601532567,0.42066567312468955
weak,119,28,0.7563025210084033,robust,5,LogReg_C0.1,0.4789915966386555,0.49195402298850577,0.4507147111375819
weak,119,28,0.7563025210084033,robust,5,LogReg_C1,0.47058823529411764,0.48639846743295023,0.4440489432703003
weak,119,28,0.7563025210084033,robust,5,LogReg_C10,0.47058823529411764,0.48639846743295023,0.4440489432703003
weak,119,28,0.7563025210084033,robust,5,SVM_RBF,0.5378151260504201,0.5191570881226054,0.491255343956471
weak,119,28,0.7563025210084033,robust,5,RForest,0.680672268907563,0.4616858237547892,0.42904040404040406
weak,119,28,0.7563025210084033,robust,5,GradBoost,0.6386554621848739,0.4806513409961686,0.4781234064252933
weak,119,28,0.7563025210084033,robust,8,LogReg_C0.1,0.48739495798319327,0.4507662835249042,0.4357559269335406
weak,119,28,0.7563025210084033,robust,8,LogReg_C1,0.4789915966386555,0.4568965517241379,0.4355875152998776
weak,119,28,0.7563025210084033,robust,8,LogReg_C10,0.4789915966386555,0.4568965517241379,0.4355875152998776
weak,119,28,0.7563025210084033,robust,8,SVM_RBF,0.4957983193277311,0.42126436781609194,0.42007797270955166
weak,119,28,0.7563025210084033,robust,8,RForest,0.6974789915966386,0.47279693486590035,0.4363157894736842
weak,119,28,0.7563025210084033,robust,8,GradBoost,0.6638655462184874,0.4739463601532567,0.46105072463768115
weak,119,28,0.7563025210084033,robust,10,LogReg_C0.1,0.4789915966386555,0.4568965517241379,0.4355875152998776
weak,119,28,0.7563025210084033,robust,10,LogReg_C1,0.48739495798319327,0.46245210727969344,0.4418300653594771
weak,119,28,0.7563025210084033,robust,10,LogReg_C10,0.4789915966386555,0.4568965517241379,0.4355875152998776
weak,119,28,0.7563025210084033,robust,10,SVM_RBF,0.5042016806722689,0.4268199233716475,0.42568507157464214
weak,119,28,0.7563025210084033,robust,10,RForest,0.7142857142857143,0.4722222222222222,0.4166666666666667
weak,119,28,0.7563025210084033,robust,10,GradBoost,0.6722689075630253,0.47950191570881223,0.4656303972366148
weak,119,28,0.7563025210084033,robust,15,LogReg_C0.1,0.5294117647058824,0.5136015325670498,0.48484848484848486
weak,119,28,0.7563025210084033,robust,15,LogReg_C1,0.5042016806722689,0.4735632183908046,0.4542557326078508
weak,119,28,0.7563025210084033,robust,15,LogReg_C10,0.5042016806722689,0.4735632183908046,0.4542557326078508
weak,119,28,0.7563025210084033,robust,15,SVM_RBF,0.5714285714285714,0.47126436781609193,0.470280178057083
weak,119,28,0.7563025210084033,robust,15,RForest,0.7394957983193278,0.4888888888888889,0.4251207729468599
weak,119,28,0.7563025210084033,robust,15,GradBoost,0.680672268907563,0.4616858237547892,0.42904040404040406
weak,119,28,0.7563025210084033,robust,20,LogReg_C0.1,0.4957983193277311,0.4796934865900383,0.4537943696450428
weak,119,28,0.7563025210084033,robust,20,LogReg_C1,0.48739495798319327,0.4507662835249042,0.4357559269335406
weak,119,28,0.7563025210084033,robust,20,LogReg_C10,0.4789915966386555,0.44521072796934863,0.4296536796536796
weak,119,28,0.7563025210084033,robust,20,SVM_RBF,0.5630252100840336,0.4657088122605364,0.4647058823529412
weak,119,28,0.7563025210084033,robust,20,RForest,0.7647058823529411,0.5406130268199234,0.5196078431372549
weak,119,28,0.7563025210084033,robust,20,GradBoost,0.7563025210084033,0.5584291187739463,0.555340806597088
weak,119,28,0.7563025210084033,robust,30,LogReg_C0.1,0.5378151260504201,0.49578544061302676,0.47894275933444785
weak,119,28,0.7563025210084033,robust,30,LogReg_C1,0.5546218487394958,0.4952107279693487,0.48408997955010225
weak,119,28,0.7563025210084033,robust,30,LogReg_C10,0.5462184873949579,0.47796934865900387,0.47050098879367175
weak,119,28,0.7563025210084033,robust,30,SVM_RBF,0.5630252100840336,0.4657088122605364,0.4647058823529412
weak,119,28,0.7563025210084033,robust,30,RForest,0.7478991596638656,0.5061302681992337,0.45843446601941745
weak,119,28,0.7563025210084033,robust,30,GradBoost,0.7394957983193278,0.5473180076628352,0.5432710164665098
strict,90,27,0.7888888888888889,standard,3,LogReg_C0.1,0.5444444444444444,0.5570793180133432,0.4993894993894994
strict,90,27,0.7888888888888889,standard,3,LogReg_C1,0.5333333333333333,0.530763528539659,0.4833242208857299
strict,90,27,0.7888888888888889,standard,3,LogReg_C10,0.5333333333333333,0.530763528539659,0.4833242208857299
strict,90,27,0.7888888888888889,standard,3,SVM_RBF,0.5555555555555556,0.4677538917716827,0.4591346153846154
strict,90,27,0.7888888888888889,standard,3,RForest,0.7,0.44366197183098594,0.4117647058823529
strict,90,27,0.7888888888888889,standard,3,GradBoost,0.7,0.4822090437361008,0.4739121021866205
strict,90,27,0.7888888888888889,standard,5,LogReg_C0.1,0.5222222222222223,0.5237212750185323,0.47496947496947495
strict,90,27,0.7888888888888889,standard,5,LogReg_C1,0.5666666666666667,0.5518902891030393,0.5083345006303404
strict,90,27,0.7888888888888889,standard,5,LogReg_C10,0.5777777777777777,0.5782060785767236,0.525
strict,90,27,0.7888888888888889,standard,5,SVM_RBF,0.6444444444444445,0.6011860637509265,0.5673076923076923
strict,90,27,0.7888888888888889,standard,5,RForest,0.7777777777777778,0.5122312824314307,0.48216340621403914
strict,90,27,0.7888888888888889,standard,5,GradBoost,0.7333333333333333,0.5033358042994811,0.49248120300751874
strict,90,27,0.7888888888888889,standard,8,LogReg_C0.1,0.5777777777777777,0.5974796145292809,0.5325314379442319
strict,90,27,0.7888888888888889,standard,8,LogReg_C1,0.5777777777777777,0.5782060785767236,0.525
strict,90,27,0.7888888888888889,standard,8,LogReg_C10,0.5777777777777777,0.5782060785767236,0.525
strict,90,27,0.7888888888888889,standard,8,SVM_RBF,0.5777777777777777,0.48183839881393625,0.47384615384615386
strict,90,27,0.7888888888888889,standard,8,RForest,0.7666666666666667,0.4859154929577465,0.4339622641509434
strict,90,27,0.7888888888888889,standard,8,GradBoost,0.7333333333333333,0.5033358042994811,0.49248120300751874
strict,90,27,0.7888888888888889,standard,10,LogReg_C0.1,0.5888888888888889,0.6045218680504076,0.5412591266014602
strict,90,27,0.7888888888888889,standard,10,LogReg_C1,0.5555555555555556,0.5641215715344701,0.5079278294149809
strict,90,27,0.7888888888888889,standard,10,LogReg_C10,0.5777777777777777,0.5782060785767236,0.525
strict,90,27,0.7888888888888889,standard,10,SVM_RBF,0.5888888888888889,0.488880652335063,0.48122760554603516
strict,90,27,0.7888888888888889,standard,10,RForest,0.7666666666666667,0.4859154929577465,0.4339622641509434
strict,90,27,0.7888888888888889,standard,10,GradBoost,0.7333333333333333,0.5033358042994811,0.49248120300751874
strict,90,27,0.7888888888888889,standard,15,LogReg_C0.1,0.5888888888888889,0.5659747961452928,0.5250320924261874
strict,90,27,0.7888888888888889,standard,15,LogReg_C1,0.6222222222222222,0.6063750926612306,0.559331797235023
strict,90,27,0.7888888888888889,standard,15,LogReg_C10,0.6111111111111112,0.5993328391401038,0.5507060333761232
strict,90,27,0.7888888888888889,standard,15,SVM_RBF,0.6111111111111112,0.44514455151964416,0.4472714511317775
strict,90,27,0.7888888888888889,standard,15,RForest,0.7888888888888889,0.5,0.4409937888198758
strict,90,27,0.7888888888888889,standard,15,GradBoost,0.6666666666666666,0.4225352112676056,0.4
strict,90,27,0.7888888888888889,standard,20,LogReg_C0.1,0.5333333333333333,0.4922164566345441,0.465799886941775
strict,90,27,0.7888888888888889,standard,20,LogReg_C1,0.6,0.5151964418087472,0.5015384615384615
strict,90,27,0.7888888888888889,standard,20,LogReg_C10,0.6222222222222222,0.5292809488510007,0.5170454545454546
strict,90,27,0.7888888888888889,standard,20,SVM_RBF,0.6222222222222222,0.4521868050407709,0.45357142857142857
strict,90,27,0.7888888888888889,standard,20,RForest,0.7888888888888889,0.5,0.4409937888198758
strict,90,27,0.7888888888888889,standard,20,GradBoost,0.6777777777777778,0.4488510007412898,0.43494262827451824
strict,90,27,0.7888888888888889,standard,30,LogReg_C0.1,0.5333333333333333,0.43439584877687176,0.43209134615384615
strict,90,27,0.7888888888888889,standard,30,LogReg_C1,0.5888888888888889,0.488880652335063,0.48122760554603516
strict,90,27,0.7888888888888889,standard,30,LogReg_C10,0.5888888888888889,0.488880652335063,0.48122760554603516
strict,90,27,0.7888888888888889,standard,30,SVM_RBF,0.5888888888888889,0.3732394366197183,0.3706293706293706
strict,90,27,0.7888888888888889,standard,30,RForest,0.7888888888888889,0.5,0.4409937888198758
strict,90,27,0.7888888888888889,standard,30,GradBoost,0.7,0.4629355077835433,0.4450787851107559
strict,90,27,0.7888888888888889,std+wins,3,LogReg_C0.1,0.5444444444444444,0.5570793180133432,0.4993894993894994
strict,90,27,0.7888888888888889,std+wins,3,LogReg_C1,0.5333333333333333,0.530763528539659,0.4833242208857299
strict,90,27,0.7888888888888889,std+wins,3,LogReg_C10,0.5333333333333333,0.530763528539659,0.4833242208857299
strict,90,27,0.7888888888888889,std+wins,3,SVM_RBF,0.5444444444444444,0.4414381022979985,0.43912448700410395
strict,90,27,0.7888888888888889,std+wins,3,RForest,0.7,0.44366197183098594,0.4117647058823529
strict,90,27,0.7888888888888889,std+wins,3,GradBoost,0.7,0.4822090437361008,0.4739121021866205
strict,90,27,0.7888888888888889,std+wins,5,LogReg_C0.1,0.5333333333333333,0.530763528539659,0.4833242208857299
strict,90,27,0.7888888888888889,std+wins,5,LogReg_C1,0.5888888888888889,0.5852483320978503,0.5335481159826306
strict,90,27,0.7888888888888889,std+wins,5,LogReg_C10,0.5888888888888889,0.5852483320978503,0.5335481159826306
strict,90,27,0.7888888888888889,std+wins,5,SVM_RBF,0.6444444444444445,0.6011860637509265,0.5673076923076923
strict,90,27,0.7888888888888889,std+wins,5,RForest,0.7777777777777778,0.5122312824314307,0.48216340621403914
strict,90,27,0.7888888888888889,std+wins,5,GradBoost,0.7333333333333333,0.5033358042994811,0.49248120300751874
strict,90,27,0.7888888888888889,std+wins,8,LogReg_C0.1,0.5777777777777777,0.5974796145292809,0.5325314379442319
strict,90,27,0.7888888888888889,std+wins,8,LogReg_C1,0.5777777777777777,0.5782060785767236,0.525
strict,90,27,0.7888888888888889,std+wins,8,LogReg_C10,0.5777777777777777,0.5782060785767236,0.525
strict,90,27,0.7888888888888889,std+wins,8,SVM_RBF,0.5888888888888889,0.488880652335063,0.48122760554603516
strict,90,27,0.7888888888888889,std+wins,8,RForest,0.7666666666666667,0.4859154929577465,0.4339622641509434
strict,90,27,0.7888888888888889,std+wins,8,GradBoost,0.7444444444444445,0.5296515937731653,0.527289335464718
strict,90,27,0.7888888888888889,std+wins,10,LogReg_C0.1,0.5777777777777777,0.5974796145292809,0.5325314379442319
strict,90,27,0.7888888888888889,std+wins,10,LogReg_C1,0.5666666666666667,0.5711638250555968,0.5164623226339716
strict,90,27,0.7888888888888889,std+wins,10,LogReg_C10,0.5777777777777777,0.5782060785767236,0.525
strict,90,27,0.7888888888888889,std+wins,10,SVM_RBF,0.5777777777777777,0.48183839881393625,0.47384615384615386
strict,90,27,0.7888888888888889,std+wins,10,RForest,0.7666666666666667,0.4859154929577465,0.4339622641509434
strict,90,27,0.7888888888888889,std+wins,10,GradBoost,0.7333333333333333,0.5033358042994811,0.49248120300751874
strict,90,27,0.7888888888888889,std+wins,15,LogReg_C0.1,0.6111111111111112,0.5993328391401038,0.5507060333761232
strict,90,27,0.7888888888888889,std+wins,15,LogReg_C1,0.6,0.5730170496664195,0.533410138248848
strict,90,27,0.7888888888888889,std+wins,15,LogReg_C10,0.6,0.5730170496664195,0.533410138248848
strict,90,27,0.7888888888888889,std+wins,15,SVM_RBF,0.5666666666666667,0.39770200148257967,0.40417586148361906
strict,90,27,0.7888888888888889,std+wins,15,RForest,0.7777777777777778,0.49295774647887325,0.4375
strict,90,27,0.7888888888888889,std+wins,15,GradBoost,0.6666666666666666,0.4225352112676056,0.4
strict,90,27,0.7888888888888889,std+wins,20,LogReg_C0.1,0.5444444444444444,0.49925871015567086,0.47368421052631576
strict,90,27,0.7888888888888889,std+wins,20,LogReg_C1,0.5888888888888889,0.5274277242401779,0.5052741048878324
strict,90,27,0.7888888888888889,std+wins,20,LogReg_C10,0.6,0.5344699777613047,0.5132211538461539
strict,90,27,0.7888888888888889,std+wins,20,SVM_RBF,0.6,0.4381022979985174,0.4409937888198757
strict,90,27,0.7888888888888889,std+wins,20,RForest,0.7888888888888889,0.5,0.4409937888198758
strict,90,27,0.7888888888888889,std+wins,20,GradBoost,0.6777777777777778,0.4681245366938473,0.4619666048237477
strict,90,27,0.7888888888888889,std+wins,30,LogReg_C0.1,0.5555555555555556,0.44848035581912526,0.4461538461538461
strict,90,27,0.7888888888888889,std+wins,30,LogReg_C1,0.5777777777777777,0.46256486286137877,0.46022727272727276
strict,90,27,0.7888888888888889,std+wins,30,LogReg_C10,0.5777777777777777,0.48183839881393625,0.47384615384615386
strict,90,27,0.7888888888888889,std+wins,30,SVM_RBF,0.6222222222222222,0.39436619718309857,0.3835616438356164
strict,90,27,0.7888888888888889,std+wins,30,RForest,0.7888888888888889,0.5,0.4409937888198758
strict,90,27,0.7888888888888889,std+wins,30,GradBoost,0.7,0.4629355077835433,0.4450787851107559
strict,90,27,0.7888888888888889,std+iforest,3,LogReg_C0.1,0.4777777777777778,0.4762787249814677,0.43411371237458196
strict,90,27,0.7888888888888889,std+iforest,3,LogReg_C1,0.4777777777777778,0.4570051890289103,0.4261294261294261
strict,90,27,0.7888888888888889,std+iforest,3,LogReg_C10,0.4888888888888889,0.46404744255003705,0.434117003827228
strict,90,27,0.7888888888888889,std+iforest,3,SVM_RBF,0.5,0.4710896960711638,0.44207191073150576
strict,90,27,0.7888888888888889,std+iforest,3,RForest,0.7,0.44366197183098594,0.4117647058823529
strict,90,27,0.7888888888888889,std+iforest,3,GradBoost,0.6555555555555556,0.4154929577464789,0.3959731543624161
strict,90,27,0.7888888888888889,std+iforest,5,LogReg_C0.1,0.5555555555555556,0.5448480355819125,0.5
strict,90,27,0.7888888888888889,std+iforest,5,LogReg_C1,0.5555555555555556,0.5448480355819125,0.5
strict,90,27,0.7888888888888889,std+iforest,5,LogReg_C10,0.5444444444444444,0.5378057820607858,0.491665518666483
strict,90,27,0.7888888888888889,std+iforest,5,SVM_RBF,0.5111111111111111,0.42031134173461826,0.417989417989418
strict,90,27,0.7888888888888889,std+iforest,5,RForest,0.7222222222222222,0.4770200148257969,0.4553376906318083
strict,90,27,0.7888888888888889,std+iforest,5,GradBoost,0.6777777777777778,0.4488510007412898,0.43494262827451824
strict,90,27,0.7888888888888889,std+iforest,8,LogReg_C0.1,0.5888888888888889,0.5467012601927353,0.5156363636363637
strict,90,27,0.7888888888888889,std+iforest,8,LogReg_C1,0.5777777777777777,0.5203854707190512,0.4973544973544973
strict,90,27,0.7888888888888889,std+iforest,8,LogReg_C10,0.5888888888888889,0.5467012601927353,0.5156363636363637
strict,90,27,0.7888888888888889,std+iforest,8,SVM_RBF,0.5888888888888889,0.5081541882876205,0.49384404924760605
strict,90,27,0.7888888888888889,std+iforest,8,RForest,0.7777777777777778,0.5122312824314307,0.48216340621403914
strict,90,27,0.7888888888888889,std+iforest,8,GradBoost,0.6777777777777778,0.4681245366938473,0.4619666048237477
strict,90,27,0.7888888888888889,std+iforest,10,LogReg_C0.1,0.5555555555555556,0.5255744996293551,0.49123798756359527
strict,90,27,0.7888888888888889,std+iforest,10,LogReg_C1,0.5666666666666667,0.5326167531504818,0.4993581514762516
strict,90,27,0.7888888888888889,std+iforest,10,LogReg_C10,0.5777777777777777,0.558932542624166,0.5166760881854155
strict,90,27,0.7888888888888889,std+iforest,10,SVM_RBF,0.5777777777777777,0.46256486286137877,0.46022727272727276
strict,90,27,0.7888888888888889,std+iforest,10,RForest,0.7444444444444445,0.47183098591549294,0.4267515923566879
strict,90,27,0.7888888888888889,std+iforest,10,GradBoost,0.6777777777777778,0.4681245366938473,0.4619666048237477
strict,90,27,0.7888888888888889,std+iforest,15,LogReg_C0.1,0.4888888888888889,0.4447739065974796,0.42500000000000004
strict,90,27,0.7888888888888889,std+iforest,15,LogReg_C1,0.4888888888888889,0.46404744255003705,0.434117003827228
strict,90,27,0.7888888888888889,std+iforest,15,LogReg_C10,0.4888888888888889,0.4447739065974796,0.42500000000000004
strict,90,27,0.7888888888888889,std+iforest,15,SVM_RBF,0.5222222222222223,0.38880652335063004,0.39710235239133823
strict,90,27,0.7888888888888889,std+iforest,15,RForest,0.7666666666666667,0.4859154929577465,0.4339622641509434
strict,90,27,0.7888888888888889,std+iforest,15,GradBoost,0.6666666666666666,0.44180874722016306,0.42989864864864863
strict,90,27,0.7888888888888889,std+iforest,20,LogReg_C0.1,0.5444444444444444,0.5185322461082283,0.4831208852780502
strict,90,27,0.7888888888888889,std+iforest,20,LogReg_C1,0.5222222222222223,0.5044477390659747,0.4668687146989943
strict,90,27,0.7888888888888889,std+iforest,20,LogReg_C10,0.5333333333333333,0.5114899925871016,0.475
strict,90,27,0.7888888888888889,std+iforest,20,SVM_RBF,0.5777777777777777,0.44329132690882134,0.445165476963011
strict,90,27,0.7888888888888889,std+iforest,20,RForest,0.7777777777777778,0.49295774647887325,0.4375
strict,90,27,0.7888888888888889,std+iforest,20,GradBoost,0.6333333333333333,0.43995552260934023,0.4386694386694387
strict,90,27,0.7888888888888889,std+iforest,30,LogReg_C0.1,0.5444444444444444,0.49925871015567086,0.47368421052631576
strict,90,27,0.7888888888888889,std+iforest,30,LogReg_C1,0.5444444444444444,0.4799851742031134,0.4632727272727273
strict,90,27,0.7888888888888889,std+iforest,30,LogReg_C10,0.5111111111111111,0.4395848776871757,0.42972350230414746
strict,90,27,0.7888888888888889,std+iforest,30,SVM_RBF,0.6333333333333333,0.43995552260934023,0.4386694386694387
strict,90,27,0.7888888888888889,std+iforest,30,RForest,0.7777777777777778,0.49295774647887325,0.4375
strict,90,27,0.7888888888888889,std+iforest,30,GradBoost,0.6555555555555556,0.4347664936990363,0.42486085343228197
strict,90,27,0.7888888888888889,robust,3,LogReg_C0.1,0.5111111111111111,0.535952557449963,0.4736842105263158
strict,90,27,0.7888888888888889,robust,3,LogReg_C1,0.5333333333333333,0.530763528539659,0.4833242208857299
strict,90,27,0.7888888888888889,robust,3,LogReg_C10,0.5333333333333333,0.530763528539659,0.4833242208857299
strict,90,27,0.7888888888888889,robust,3,SVM_RBF,0.5555555555555556,0.4677538917716827,0.4591346153846154
strict,90,27,0.7888888888888889,robust,3,RForest,0.7,0.44366197183098594,0.4117647058823529
strict,90,27,0.7888888888888889,robust,3,GradBoost,0.7,0.4822090437361008,0.4739121021866205
strict,90,27,0.7888888888888889,robust,5,LogReg_C0.1,0.5333333333333333,0.530763528539659,0.4833242208857299
strict,90,27,0.7888888888888889,robust,5,LogReg_C1,0.5555555555555556,0.5448480355819125,0.5
strict,90,27,0.7888888888888889,robust,5,LogReg_C10,0.5777777777777777,0.5782060785767236,0.525
strict,90,27,0.7888888888888889,robust,5,SVM_RBF,0.6,0.5537435137138621,0.5238095238095238
strict,90,27,0.7888888888888889,robust,5,RForest,0.7777777777777778,0.5122312824314307,0.48216340621403914
strict,90,27,0.7888888888888889,robust,5,GradBoost,0.7333333333333333,0.5033358042994811,0.49248120300751874
strict,90,27,0.7888888888888889,robust,8,LogReg_C0.1,0.5888888888888889,0.6045218680504076,0.5412591266014602
strict,90,27,0.7888888888888889,robust,8,LogReg_C1,0.5666666666666667,0.5711638250555968,0.5164623226339716
strict,90,27,0.7888888888888889,robust,8,LogReg_C10,0.5777777777777777,0.5782060785767236,0.525
strict,90,27,0.7888888888888889,robust,8,SVM_RBF,0.5777777777777777,0.48183839881393625,0.47384615384615386
strict,90,27,0.7888888888888889,robust,8,RForest,0.7666666666666667,0.4859154929577465,0.4339622641509434
strict,90,27,0.7888888888888889,robust,8,GradBoost,0.7333333333333333,0.5033358042994811,0.49248120300751874
strict,90,27,0.7888888888888889,robust,10,LogReg_C0.1,0.5888888888888889,0.6237954040029652,0.5482295482295483
strict,90,27,0.7888888888888889,robust,10,LogReg_C1,0.5666666666666667,0.5711638250555968,0.5164623226339716
strict,90,27,0.7888888888888889,robust,10,LogReg_C10,0.5777777777777777,0.5782060785767236,0.525
strict,90,27,0.7888888888888889,robust,10,SVM_RBF,0.5888888888888889,0.4503335804299481,0.4518518518518519
strict,90,27,0.7888888888888889,robust,10,RForest,0.7666666666666667,0.4859154929577465,0.4339622641509434
strict,90,27,0.7888888888888889,robust,10,GradBoost,0.7333333333333333,0.5033358042994811,0.49248120300751874
strict,90,27,0.7888888888888889,robust,15,LogReg_C0.1,0.5444444444444444,0.49925871015567086,0.47368421052631576
strict,90,27,0.7888888888888889,robust,15,LogReg_C1,0.6111111111111112,0.5993328391401038,0.5507060333761232
strict,90,27,0.7888888888888889,robust,15,LogReg_C10,0.6111111111111112,0.5993328391401038,0.5507060333761232
strict,90,27,0.7888888888888889,robust,15,SVM_RBF,0.5444444444444444,0.38361749444032617,0.3925925925925926
strict,90,27,0.7888888888888889,robust,15,RForest,0.7888888888888889,0.5,0.4409937888198758
strict,90,27,0.7888888888888889,robust,15,GradBoost,0.6666666666666666,0.4225352112676056,0.4
strict,90,27,0.7888888888888889,robust,20,LogReg_C0.1,0.5222222222222223,0.46590066716085987,0.44801026957637996
strict,90,27,0.7888888888888889,robust,20,LogReg_C1,0.6,0.5344699777613047,0.5132211538461539
strict,90,27,0.7888888888888889,robust,20,LogReg_C10,0.6111111111111112,0.522238695329874,0.5092693565976009
strict,90,27,0.7888888888888889,robust,20,SVM_RBF,0.5666666666666667,0.41697553743513716,0.4222222222222222
strict,90,27,0.7888888888888889,robust,20,RForest,0.7888888888888889,0.5,0.4409937888198758
strict,90,27,0.7888888888888889,robust,20,GradBoost,0.6777777777777778,0.4488510007412898,0.43494262827451824
strict,90,27,0.7888888888888889,robust,30,LogReg_C0.1,0.5333333333333333,0.4536693847294292,0.4444444444444444
strict,90,27,0.7888888888888889,robust,30,LogReg_C1,0.5666666666666667,0.4747961452928095,0.466484268125855
strict,90,27,0.7888888888888889,robust,30,LogReg_C10,0.5888888888888889,0.488880652335063,0.48122760554603516
strict,90,27,0.7888888888888889,robust,30,SVM_RBF,0.5555555555555556,0.352112676056338,0.35714285714285715
strict,90,27,0.7888888888888889,robust,30,RForest,0.7888888888888889,0.5,0.4409937888198758
strict,90,27,0.7888888888888889,robust,30,GradBoost,0.7,0.4629355077835433,0.4450787851107559
snr_q1,126,27,0.753968253968254,standard,3,LogReg_C0.1,0.46825396825396826,0.44091680814940576,0.42379359770664116
snr_q1,126,27,0.753968253968254,standard,3,LogReg_C1,0.46825396825396826,0.44091680814940576,0.42379359770664116
snr_q1,126,27,0.753968253968254,standard,3,LogReg_C10,0.46825396825396826,0.44091680814940576,0.42379359770664116
snr_q1,126,27,0.753968253968254,standard,3,SVM_RBF,0.5079365079365079,0.4563667232597623,0.4464285714285714
snr_q1,126,27,0.753968253968254,standard,3,RForest,0.6904761904761905,0.5013582342954159,0.48998443175921125
snr_q1,126,27,0.753968253968254,standard,3,GradBoost,0.6825396825396826,0.5395585738539899,0.5408163265306123
snr_q1,126,27,0.753968253968254,standard,5,LogReg_C0.1,0.5158730158730159,0.4724957555178268,0.45854174004931314
snr_q1,126,27,0.753968253968254,standard,5,LogReg_C1,0.5079365079365079,0.4563667232597623,0.4464285714285714
snr_q1,126,27,0.753968253968254,standard,5,LogReg_C10,0.5079365079365079,0.4563667232597623,0.4464285714285714
snr_q1,126,27,0.753968253968254,standard,5,SVM_RBF,0.5238095238095238,0.466893039049236,0.45767575322812054
snr_q1,126,27,0.753968253968254,standard,5,RForest,0.6984126984126984,0.4848896434634975,0.45714285714285713
snr_q1,126,27,0.753968253968254,standard,5,GradBoost,0.6825396825396826,0.4743633276740238,0.4493006993006993
snr_q1,126,27,0.753968253968254,standard,8,LogReg_C0.1,0.5158730158730159,0.4724957555178268,0.45854174004931314
snr_q1,126,27,0.753968253968254,standard,8,LogReg_C1,0.5079365079365079,0.4563667232597623,0.4464285714285714
snr_q1,126,27,0.753968253968254,standard,8,LogReg_C10,0.5079365079365079,0.4563667232597623,0.4464285714285714
snr_q1,126,27,0.753968253968254,standard,8,SVM_RBF,0.49206349206349204,0.42410865874363324,0.42152080344332854
snr_q1,126,27,0.753968253968254,standard,8,RForest,0.7380952380952381,0.48947368421052634,0.4246575342465753
snr_q1,126,27,0.753968253968254,standard,8,GradBoost,0.6746031746031746,0.4799660441426146,0.46382978723404256
snr_q1,126,27,0.753968253968254,standard,10,LogReg_C0.1,0.46825396825396826,0.3974533106960951,0.39816069009766875
snr_q1,126,27,0.753968253968254,standard,10,LogReg_C1,0.47619047619047616,0.41358234295415963,0.4107142857142857
snr_q1,126,27,0.753968253968254,standard,10,LogReg_C10,0.48412698412698413,0.4188455008488965,0.41612604263206676
snr_q1,126,27,0.753968253968254,standard,10,SVM_RBF,0.49206349206349204,0.38064516129032255,0.38779228666869114
snr_q1,126,27,0.753968253968254,standard,10,RForest,0.7380952380952381,0.5112054329371817,0.47730986800754244
snr_q1,126,27,0.753968253968254,standard,10,GradBoost,0.6349206349206349,0.43191850594227504,0.40808823529411764
snr_q1,126,27,0.753968253968254,standard,15,LogReg_C0.1,0.5317460317460317,0.43955857385398983,0.44
snr_q1,126,27,0.753968253968254,standard,15,LogReg_C1,0.48412698412698413,0.3971137521222411,0.40074632326040827
snr_q1,126,27,0.753968253968254,standard,15,LogReg_C10,0.49206349206349204,0.40237691001697795,0.40583554376657827
snr_q1,126,27,0.753968253968254,standard,15,SVM_RBF,0.48412698412698413,0.36451612903225805,0.37323027473788933
snr_q1,126,27,0.753968253968254,standard,15,RForest,0.753968253968254,0.5,0.4298642533936652
snr_q1,126,27,0.753968253968254,standard,15,GradBoost,0.626984126984127,0.41578947368421054,0.3853658536585366
snr_q1,126,27,0.753968253968254,standard,20,LogReg_C0.1,0.5476190476190477,0.4500848896434635,0.4503711640009183
snr_q1,126,27,0.753968253968254,standard,20,LogReg_C1,0.5476190476190477,0.4718166383701189,0.467012987012987
snr_q1,126,27,0.753968253968254,standard,20,LogReg_C10,0.5396825396825397,0.46655348047538203,0.4615384615384615
snr_q1,126,27,0.753968253968254,standard,20,SVM_RBF,0.5396825396825397,0.433955857385399,0.4361111111111111
snr_q1,126,27,0.753968253968254,standard,20,RForest,0.7380952380952381,0.48947368421052634,0.4246575342465753
snr_q1,126,27,0.753968253968254,standard,20,GradBoost,0.6587301587301587,0.44770797962648556,0.4183574879227053
snr_q1,126,27,0.753968253968254,standard,30,LogReg_C0.1,0.6190476190476191,0.49745331069609505,0.4973404255319149
snr_q1,126,27,0.753968253968254,standard,30,LogReg_C1,0.5634920634920635,0.4497453310696095,0.451176051318603
snr_q1,126,27,0.753968253968254,standard,30,LogReg_C10,0.5634920634920635,0.4497453310696095,0.451176051318603
snr_q1,126,27,0.753968253968254,standard,30,SVM_RBF,0.6587301587301587,0.5020373514431239,0.4999538532533456
snr_q1,126,27,0.753968253968254,standard,30,RForest,0.746031746031746,0.49473684210526314,0.42727272727272725
snr_q1,126,27,0.753968253968254,standard,30,GradBoost,0.6666666666666666,0.4421052631578947,0.4
snr_q1,126,27,0.753968253968254,std+wins,3,LogReg_C0.1,0.48412698412698413,0.4514431239388795,0.4354449576066726
snr_q1,126,27,0.753968253968254,std+wins,3,LogReg_C1,0.47619047619047616,0.4461799660441426,0.4296296296296296
snr_q1,126,27,0.753968253968254,std+wins,3,LogReg_C10,0.48412698412698413,0.4514431239388795,0.4354449576066726
snr_q1,126,27,0.753968253968254,std+wins,3,SVM_RBF,0.5396825396825397,0.4991511035653651,0.48214285714285715
snr_q1,126,27,0.753968253968254,std+wins,3,RForest,0.6587301587301587,0.4694397283531409,0.4553131597466573
snr_q1,126,27,0.753968253968254,std+wins,3,GradBoost,0.6428571428571429,0.4915110356536503,0.4898785425101215
snr_q1,126,27,0.753968253968254,std+wins,5,LogReg_C0.1,0.5238095238095238,0.48862478777589136,0.4704398991314093
snr_q1,126,27,0.753968253968254,std+wins,5,LogReg_C1,0.5238095238095238,0.48862478777589136,0.4704398991314093
snr_q1,126,27,0.753968253968254,std+wins,5,LogReg_C10,0.5238095238095238,0.48862478777589136,0.4704398991314093
snr_q1,126,27,0.753968253968254,std+wins,5,SVM_RBF,0.5158730158730159,0.45076400679117146,0.44509421702404156
snr_q1,126,27,0.753968253968254,std+wins,5,RForest,0.6904761904761905,0.47962648556876064,0.45321019250027816
snr_q1,126,27,0.753968253968254,std+wins,5,GradBoost,0.6825396825396826,0.4960950764006791,0.4852941176470588
snr_q1,126,27,0.753968253968254,std+wins,8,LogReg_C0.1,0.5158730158730159,0.4833616298811545,0.46457680250783695
snr_q1,126,27,0.753968253968254,std+wins,8,LogReg_C1,0.5158730158730159,0.4833616298811545,0.46457680250783695
snr_q1,126,27,0.753968253968254,std+wins,8,LogReg_C10,0.5,0.46196943972835314,0.4470219435736677
snr_q1,126,27,0.753968253968254,std+wins,8,SVM_RBF,0.5079365079365079,0.43463497453310695,0.4322674418604651
snr_q1,126,27,0.753968253968254,std+wins,8,RForest,0.7142857142857143,0.47368421052631576,0.4166666666666667
snr_q1,126,27,0.753968253968254,std+wins,8,GradBoost,0.6587301587301587,0.4585738539898132,0.4376751427088739
snr_q1,126,27,0.753968253968254,std+wins,10,LogReg_C0.1,0.49206349206349204,0.42410865874363324,0.42152080344332854
snr_q1,126,27,0.753968253968254,std+wins,10,LogReg_C1,0.49206349206349204,0.434974533106961,0.4285714285714286
snr_q1,126,27,0.753968253968254,std+wins,10,LogReg_C10,0.49206349206349204,0.434974533106961,0.4285714285714286
snr_q1,126,27,0.753968253968254,std+wins,10,SVM_RBF,0.4523809523809524,0.35432937181663837,0.3638691739225873
snr_q1,126,27,0.753968253968254,std+wins,10,RForest,0.7380952380952381,0.500339558573854,0.4525345622119816
snr_q1,126,27,0.753968253968254,std+wins,10,GradBoost,0.6746031746031746,0.4799660441426146,0.46382978723404256
snr_q1,126,27,0.753968253968254,std+wins,15,LogReg_C0.1,0.5555555555555556,0.47707979626485564,0.47248803827751196
snr_q1,126,27,0.753968253968254,std+wins,15,LogReg_C1,0.5555555555555556,0.466213921901528,0.4643182508351048
snr_q1,126,27,0.753968253968254,std+wins,15,LogReg_C10,0.5555555555555556,0.466213921901528,0.4643182508351048
snr_q1,126,27,0.753968253968254,std+wins,15,SVM_RBF,0.5238095238095238,0.41256366723259763,0.41666666666666663
snr_q1,126,27,0.753968253968254,std+wins,15,RForest,0.753968253968254,0.5,0.4298642533936652
snr_q1,126,27,0.753968253968254,std+wins,15,GradBoost,0.6507936507936508,0.4424448217317487,0.4149430139299282
snr_q1,126,27,0.753968253968254,std+wins,20,LogReg_C0.1,0.48412698412698413,0.40797962648556874,0.40870695256660167
snr_q1,126,27,0.753968253968254,std+wins,20,LogReg_C1,0.5079365079365079,0.43463497453310695,0.4322674418604651
snr_q1,126,27,0.753968253968254,std+wins,20,LogReg_C10,0.49206349206349204,0.42410865874363324,0.42152080344332854
snr_q1,126,27,0.753968253968254,std+wins,20,SVM_RBF,0.5158730158730159,0.38556876061120543,0.3913043478260869
snr_q1,126,27,0.753968253968254,std+wins,20,RForest,0.746031746031746,0.49473684210526314,0.42727272727272725
snr_q1,126,27,0.753968253968254,std+wins,20,GradBoost,0.6666666666666666,0.4529711375212224,0.42176573426573427
snr_q1,126,27,0.753968253968254,std+wins,30,LogReg_C0.1,0.5873015873015873,0.5089983022071307,0.5025812329183116
snr_q1,126,27,0.753968253968254,std+wins,30,LogReg_C1,0.5396825396825397,0.44482173174872663,0.44518675979350136
snr_q1,126,27,0.753968253968254,std+wins,30,LogReg_C10,0.5396825396825397,0.433955857385399,0.4361111111111111
snr_q1,126,27,0.753968253968254,std+wins,30,SVM_RBF,0.6031746031746031,0.45432937181663835,0.453125
snr_q1,126,27,0.753968253968254,std+wins,30,RForest,0.746031746031746,0.49473684210526314,0.42727272727272725
snr_q1,126,27,0.753968253968254,std+wins,30,GradBoost,0.6746031746031746,0.4473684210526316,0.4028436018957346
snr_q1,126,27,0.753968253968254,std+iforest,3,LogReg_C0.1,0.5,0.39677419354838706,0.40203389830508474
snr_q1,126,27,0.753968253968254,std+iforest,3,LogReg_C1,0.5,0.39677419354838706,0.40203389830508474
snr_q1,126,27,0.753968253968254,std+iforest,3,LogReg_C10,0.5,0.39677419354838706,0.40203389830508474
snr_q1,126,27,0.753968253968254,std+iforest,3,SVM_RBF,0.5317460317460317,0.3960950764006791,0.400242033077854
snr_q1,126,27,0.753968253968254,std+iforest,3,RForest,0.6825396825396826,0.4852292020373515,0.4681300126635711
snr_q1,126,27,0.753968253968254,std+iforest,3,GradBoost,0.6587301587301587,0.49117147707979625,0.4862994216364843
snr_q1,126,27,0.753968253968254,std+iforest,5,LogReg_C0.1,0.4603174603174603,0.34872665534804753,0.35944976076555024
snr_q1,126,27,0.753968253968254,std+iforest,5,LogReg_C1,0.48412698412698413,0.3753820033955857,0.38305084745762713
snr_q1,126,27,0.753968253968254,std+iforest,5,LogReg_C10,0.48412698412698413,0.3753820033955857,0.38305084745762713
snr_q1,126,27,0.753968253968254,std+iforest,5,SVM_RBF,0.5,0.37504244482173177,0.38230487899774335
snr_q1,126,27,0.753968253968254,std+iforest,5,RForest,0.6904761904761905,0.46876061120543294,0.43197318229106463
snr_q1,126,27,0.753968253968254,std+iforest,5,GradBoost,0.6190476190476191,0.4431239388794567,0.43434343434343436
snr_q1,126,27,0.753968253968254,std+iforest,8,LogReg_C0.1,0.5,0.41850594227504245,0.4191848979293188
snr_q1,126,27,0.753968253968254,std+iforest,8,LogReg_C1,0.5079365079365079,0.42376910016977926,0.4244031830238727
snr_q1,126,27,0.753968253968254,std+iforest,8,LogReg_C10,0.5079365079365079,0.42376910016977926,0.4244031830238727
snr_q1,126,27,0.753968253968254,std+iforest,8,SVM_RBF,0.5476190476190477,0.4066213921901528,0.4091320444261621
snr_q1,126,27,0.753968253968254,std+iforest,8,RForest,0.7380952380952381,0.5112054329371817,0.47730986800754244
snr_q1,126,27,0.753968253968254,std+iforest,8,GradBoost,0.6587301587301587,0.49117147707979625,0.4862994216364843
snr_q1,126,27,0.753968253968254,std+iforest,10,LogReg_C0.1,0.5158730158730159,0.4398981324278438,0.4376234725982293
snr_q1,126,27,0.753968253968254,std+iforest,10,LogReg_C1,0.5,0.4293718166383701,0.4269005847953216
snr_q1,126,27,0.753968253968254,std+iforest,10,LogReg_C10,0.5079365079365079,0.43463497453310695,0.4322674418604651
snr_q1,126,27,0.753968253968254,std+iforest,10,SVM_RBF,0.5793650793650794,0.4276740237691002,0.4268303149944211
snr_q1,126,27,0.753968253968254,std+iforest,10,RForest,0.753968253968254,0.5217317487266554,0.4857142857142857
snr_q1,126,27,0.753968253968254,std+iforest,10,GradBoost,0.6904761904761905,0.5122241086587437,0.5059817030260381
snr_q1,126,27,0.753968253968254,std+iforest,15,LogReg_C0.1,0.5634920634920635,0.4388794567062818,0.4409035901573215
snr_q1,126,27,0.753968253968254,std+iforest,15,LogReg_C1,0.5396825396825397,0.42308998302207135,0.4263736263736264
snr_q1,126,27,0.753968253968254,std+iforest,15,LogReg_C10,0.5317460317460317,0.4178268251273345,0.4215236168391565
snr_q1,126,27,0.753968253968254,std+iforest,15,SVM_RBF,0.5952380952380952,0.4273344651952462,0.42186234817813767
snr_q1,126,27,0.753968253968254,std+iforest,15,RForest,0.753968253968254,0.5,0.4298642533936652
snr_q1,126,27,0.753968253968254,std+iforest,15,GradBoost,0.7063492063492064,0.5227504244482173,0.5161390762843798
snr_q1,126,27,0.753968253968254,std+iforest,20,LogReg_C0.1,0.5634920634920635,0.46061120543293715,0.4607423546805696
snr_q1,126,27,0.753968253968254,std+iforest,20,LogReg_C1,0.5634920634920635,0.47147707979626485,0.4696563863166756
snr_q1,126,27,0.753968253968254,std+iforest,20,LogReg_C10,0.5634920634920635,0.47147707979626485,0.4696563863166756
snr_q1,126,27,0.753968253968254,std+iforest,20,SVM_RBF,0.626984126984127,0.47011884550084887,0.4672064777327935
snr_q1,126,27,0.753968253968254,std+iforest,20,RForest,0.753968253968254,0.5,0.4298642533936652
snr_q1,126,27,0.753968253968254,std+iforest,20,GradBoost,0.746031746031746,0.5707979626485569,0.574504010130857
snr_q1,126,27,0.753968253968254,std+iforest,30,LogReg_C0.1,0.626984126984127,0.5461799660441427,0.5391798303633959
snr_q1,126,27,0.753968253968254,std+iforest,30,LogReg_C1,0.6428571428571429,0.5893039049235993,0.5728813559322035
snr_q1,126,27,0.753968253968254,std+iforest,30,LogReg_C10,0.6507936507936508,0.5837011884550085,0.5722222222222222
snr_q1,126,27,0.753968253968254,std+iforest,30,SVM_RBF,0.6587301587301587,0.5237691001697793,0.5241942566084131
snr_q1,126,27,0.753968253968254,std+iforest,30,RForest,0.753968253968254,0.5,0.4298642533936652
snr_q1,126,27,0.753968253968254,std+iforest,30,GradBoost,0.753968253968254,0.5760611205432937,0.5806763285024155
snr_q1,126,27,0.753968253968254,robust,3,LogReg_C0.1,0.4603174603174603,0.42478777589134126,0.4123456790123457
snr_q1,126,27,0.753968253968254,robust,3,LogReg_C1,0.47619047619047616,0.4461799660441426,0.4296296296296296
snr_q1,126,27,0.753968253968254,robust,3,LogReg_C10,0.46825396825396826,0.44091680814940576,0.42379359770664116
snr_q1,126,27,0.753968253968254,robust,3,SVM_RBF,0.48412698412698413,0.4188455008488965,0.41612604263206676
snr_q1,126,27,0.753968253968254,robust,3,RForest,0.6904761904761905,0.5013582342954159,0.48998443175921125
snr_q1,126,27,0.753968253968254,robust,3,GradBoost,0.6825396825396826,0.5395585738539899,0.5408163265306123
snr_q1,126,27,0.753968253968254,robust,5,LogReg_C0.1,0.5158730158730159,0.4724957555178268,0.45854174004931314
snr_q1,126,27,0.753968253968254,robust,5,LogReg_C1,0.5079365079365079,0.4563667232597623,0.4464285714285714
snr_q1,126,27,0.753968253968254,robust,5,LogReg_C10,0.5079365079365079,0.4563667232597623,0.4464285714285714
snr_q1,126,27,0.753968253968254,robust,5,SVM_RBF,0.48412698412698413,0.40797962648556874,0.40870695256660167
snr_q1,126,27,0.753968253968254,robust,5,RForest,0.6984126984126984,0.4848896434634975,0.45714285714285713
snr_q1,126,27,0.753968253968254,robust,5,GradBoost,0.6825396825396826,0.4743633276740238,0.4493006993006993
snr_q1,126,27,0.753968253968254,robust,8,LogReg_C0.1,0.5158730158730159,0.4724957555178268,0.45854174004931314
snr_q1,126,27,0.753968253968254,robust,8,LogReg_C1,0.5238095238095238,0.47775891341256366,0.4642857142857143
snr_q1,126,27,0.753968253968254,robust,8,LogReg_C10,0.5079365079365079,0.4563667232597623,0.4464285714285714
snr_q1,126,27,0.753968253968254,robust,8,SVM_RBF,0.5,0.4293718166383701,0.4269005847953216
snr_q1,126,27,0.753968253968254,robust,8,RForest,0.7380952380952381,0.48947368421052634,0.4246575342465753
snr_q1,126,27,0.753968253968254,robust,8,GradBoost,0.6746031746031746,0.4799660441426146,0.46382978723404256
snr_q1,126,27,0.753968253968254,robust,10,LogReg_C0.1,0.4603174603174603,0.4030560271646859,0.39983188568226397
snr_q1,126,27,0.753968253968254,robust,10,LogReg_C1,0.47619047619047616,0.41358234295415963,0.4107142857142857
snr_q1,126,27,0.753968253968254,robust,10,LogReg_C10,0.48412698412698413,0.4188455008488965,0.41612604263206676
snr_q1,126,27,0.753968253968254,robust,10,SVM_RBF,0.48412698412698413,0.40797962648556874,0.40870695256660167
snr_q1,126,27,0.753968253968254,robust,10,RForest,0.7301587301587301,0.4950764006791171,0.44907407407407407
snr_q1,126,27,0.753968253968254,robust,10,GradBoost,0.6349206349206349,0.43191850594227504,0.40808823529411764
snr_q1,126,27,0.753968253968254,robust,15,LogReg_C0.1,0.49206349206349204,0.38064516129032255,0.38779228666869114
snr_q1,126,27,0.753968253968254,robust,15,LogReg_C1,0.5,0.40764006791171475,0.4109090909090909
snr_q1,126,27,0.753968253968254,robust,15,LogReg_C10,0.48412698412698413,0.3971137521222411,0.40074632326040827
snr_q1,126,27,0.753968253968254,robust,15,SVM_RBF,0.40476190476190477,0.32275042444821733,0.3342726312081719
snr_q1,126,27,0.753968253968254,robust,15,RForest,0.753968253968254,0.5,0.4298642533936652
snr_q1,126,27,0.753968253968254,robust,15,GradBoost,0.626984126984127,0.41578947368421054,0.3853658536585366
snr_q1,126,27,0.753968253968254,robust,20,LogReg_C0.1,0.5,0.3859083191850594,0.3925154970536466
snr_q1,126,27,0.753968253968254,robust,20,LogReg_C1,0.5476190476190477,0.4718166383701189,0.467012987012987
snr_q1,126,27,0.753968253968254,robust,20,LogReg_C10,0.5396825396825397,0.46655348047538203,0.4615384615384615
snr_q1,126,27,0.753968253968254,robust,20,SVM_RBF,0.48412698412698413,0.3753820033955857,0.38305084745762713
snr_q1,126,27,0.753968253968254,robust,20,RForest,0.7380952380952381,0.48947368421052634,0.4246575342465753
snr_q1,126,27,0.753968253968254,robust,20,GradBoost,0.6587301587301587,0.44770797962648556,0.4183574879227053
snr_q1,126,27,0.753968253968254,robust,30,LogReg_C0.1,0.5555555555555556,0.45534804753820035,0.45555555555555555
snr_q1,126,27,0.753968253968254,robust,30,LogReg_C1,0.5634920634920635,0.4497453310696095,0.451176051318603
snr_q1,126,27,0.753968253968254,robust,30,LogReg_C10,0.5634920634920635,0.4497453310696095,0.451176051318603
snr_q1,126,27,0.753968253968254,robust,30,SVM_RBF,0.5873015873015873,0.46553480475382003,0.46627565982404695
snr_q1,126,27,0.753968253968254,robust,30,RForest,0.746031746031746,0.49473684210526314,0.42727272727272725
snr_q1,126,27,0.753968253968254,robust,30,GradBoost,0.6666666666666666,0.4421052631578947,0.4
