experiment,fold,unit_index,subject_id,ma_mau,jar,n_repeats,repeats,true_label,predicted_label,majority_prediction,feature_mode,selected_k_features,selected_C,prob_0,prob_1,prob_2
video_raw,1,0,P001,189,3,5,1|2|3|4|5,1,0,0,raw,32,1.0,0.7273339568208851,0.013281651661233171,0.25938439151788173
video_raw,1,1,P001,258,1,5,1|2|3|4|5,0,2,0,raw,32,1.0,0.23840684409161939,0.07868990536600069,0.6829032505423799
video_raw,1,2,P001,453,2,5,1|2|3|4|5,0,2,0,raw,32,1.0,0.28999880064278394,0.05501892810694474,0.6549822712502713
video_raw,1,3,P001,762,3,5,1|2|3|4|5,1,1,0,raw,32,1.0,0.0384023236811767,0.6855127394146814,0.2760849369041419
video_raw,1,4,P001,893,4,5,1|2|3|4|5,2,0,0,raw,32,1.0,0.5082521334462362,0.024569650608550465,0.46717821594521336
video_raw,1,10,P003,189,3,5,1|2|3|4|5,1,0,0,raw,32,1.0,0.9741574235511594,0.015407537582292033,0.010435038866548571
video_raw,1,11,P003,258,1,5,1|2|3|4|5,0,0,0,raw,32,1.0,0.5082959608479732,0.3400202444198764,0.15168379473215035
video_raw,1,12,P003,453,2,5,1|2|3|4|5,0,0,0,raw,32,1.0,0.8571911422267886,0.11391210513594707,0.02889675263726431
video_raw,1,13,P003,762,3,5,1|2|3|4|5,1,0,0,raw,32,1.0,0.9445984898021543,0.04060710567585217,0.014794404521993518
video_raw,1,14,P003,893,4,5,1|2|3|4|5,2,1,0,raw,32,1.0,0.436782351941199,0.5154657267878628,0.04775192127093819
video_raw,1,25,P006,189,3,5,1|2|3|4|5,1,1,0,raw,32,1.0,0.20364892531436093,0.7759810732914493,0.020370001394189794
video_raw,1,26,P006,258,3,5,1|2|3|4|5,1,0,0,raw,32,1.0,0.6480679705163231,0.14690551599578608,0.20502651348789078
video_raw,1,27,P006,453,3,5,1|2|3|4|5,1,1,0,raw,32,1.0,0.07529318192427639,0.8960309457773167,0.028675872298406953
video_raw,1,28,P006,762,4,5,1|2|3|4|5,2,1,0,raw,32,1.0,0.28378799769124385,0.606647734393535,0.10956426791522106
video_raw,1,29,P006,893,4,5,1|2|3|4|5,2,1,0,raw,32,1.0,0.12603075204262246,0.8382658359671045,0.035703411990273104
video_raw,1,35,P008,189,3,5,1|2|3|4|5,1,1,0,raw,32,1.0,0.2722817442501111,0.6693653663803746,0.058352889369514264
video_raw,1,36,P008,258,1,5,1|2|3|4|5,0,1,0,raw,32,1.0,0.09423599575543429,0.6882966346563915,0.21746736958817425
video_raw,1,37,P008,453,2,5,1|2|3|4|5,0,1,0,raw,32,1.0,0.005530772673549665,0.979399350090852,0.01506987723559836
video_raw,1,38,P008,762,4,5,1|2|3|4|5,2,0,0,raw,32,1.0,0.3951732994564384,0.38507788225776307,0.21974881828579848
video_raw,1,39,P008,893,4,5,1|2|3|4|5,2,1,0,raw,32,1.0,0.15963530540466309,0.5030678510665894,0.33729684352874756
video_raw,1,50,P011,189,2,5,1|2|3|4|5,0,0,0,raw,32,1.0,0.8409177818415726,0.083794812958213,0.07528740520021442
video_raw,1,51,P011,258,1,5,1|2|3|4|5,0,1,0,raw,32,1.0,0.20531144738197327,0.5945836901664734,0.20010486245155334
video_raw,1,52,P011,453,1,5,1|2|3|4|5,0,1,0,raw,32,1.0,0.10551223121292949,0.49423230028220044,0.40025546850487004
video_raw,1,53,P011,762,2,5,1|2|3|4|5,0,1,0,raw,32,1.0,0.14831960201263428,0.5149309039115906,0.33674949407577515
video_raw,1,54,P011,893,2,5,1|2|3|4|5,0,2,0,raw,32,1.0,0.3426867723464966,0.13212060928344727,0.5251926183700562
video_raw,1,90,P020,189,4,5,1|2|3|4|5,2,2,0,raw,32,1.0,0.03143293480797711,0.3040583499683071,0.6645087152237158
video_raw,1,91,P020,258,1,5,1|2|3|4|5,0,1,0,raw,32,1.0,0.2983536124229431,0.3674982786178589,0.334148108959198
video_raw,1,92,P020,453,3,5,1|2|3|4|5,1,1,0,raw,32,1.0,0.051815766319830495,0.5481228975254903,0.4000613361546792
video_raw,1,93,P020,762,4,5,1|2|3|4|5,2,2,0,raw,32,1.0,0.1363398006013006,0.38749185781913786,0.47616834157956156
video_raw,1,94,P020,893,5,5,1|2|3|4|5,2,1,0,raw,32,1.0,0.08804880893266803,0.7299388701464151,0.1820123209209168
video_trial_delta,1,0,P001,189,3,5,1|2|3|4|5,1,2,0,trial_delta,32,1.0,0.3476360753656098,0.0027343288650625032,0.6496295957693277
video_trial_delta,1,1,P001,258,1,5,1|2|3|4|5,0,2,0,trial_delta,32,1.0,0.04204849091099961,0.09139875186385583,0.8665527572251446
video_trial_delta,1,2,P001,453,2,5,1|2|3|4|5,0,2,0,trial_delta,32,1.0,0.10455290344975408,0.06024564497447362,0.8352014515757723
video_trial_delta,1,3,P001,762,3,5,1|2|3|4|5,1,1,0,trial_delta,32,1.0,0.02800883854162465,0.5463028438215493,0.4256883176368261
video_trial_delta,1,4,P001,893,4,5,1|2|3|4|5,2,2,0,trial_delta,32,1.0,0.286702245740874,0.005052655008670553,0.7082450992504555
video_trial_delta,1,10,P003,189,3,5,1|2|3|4|5,1,0,0,trial_delta,32,1.0,0.9570888031288176,0.018602532780849453,0.024308664090332954
video_trial_delta,1,11,P003,258,1,5,1|2|3|4|5,0,0,0,trial_delta,32,1.0,0.47048022642016074,0.3747639898245932,0.15475578375524604
video_trial_delta,1,12,P003,453,2,5,1|2|3|4|5,0,0,0,trial_delta,32,1.0,0.8797847464720766,0.0728255943800212,0.04738965914790222
video_trial_delta,1,13,P003,762,3,5,1|2|3|4|5,1,0,0,trial_delta,32,1.0,0.9082237203495221,0.057141380544071176,0.0346348991064067
video_trial_delta,1,14,P003,893,4,5,1|2|3|4|5,2,1,0,trial_delta,32,1.0,0.16905758393255557,0.7515002097152064,0.07944220635223803
video_trial_delta,1,25,P006,189,3,5,1|2|3|4|5,1,0,0,trial_delta,32,1.0,0.5185979163228844,0.4530227319306949,0.028379351746420613
video_trial_delta,1,26,P006,258,3,5,1|2|3|4|5,1,0,0,trial_delta,32,1.0,0.7481060885739584,0.07410178747318145,0.17779212395286006
video_trial_delta,1,27,P006,453,3,5,1|2|3|4|5,1,1,0,trial_delta,32,1.0,0.11392437388438029,0.8652658221048267,0.020809804010792986
video_trial_delta,1,28,P006,762,4,5,1|2|3|4|5,2,1,0,trial_delta,32,1.0,0.29496532239071543,0.48006736516852133,0.22496731244076323
video_trial_delta,1,29,P006,893,4,5,1|2|3|4|5,2,0,0,trial_delta,32,1.0,0.5171082615852356,0.4459286332130432,0.03696310520172119
video_trial_delta,1,35,P008,189,3,5,1|2|3|4|5,1,1,0,trial_delta,32,1.0,0.2256033527552457,0.7224336131953892,0.05196303404936504
video_trial_delta,1,36,P008,258,1,5,1|2|3|4|5,0,1,0,trial_delta,32,1.0,0.05589878827521972,0.6945623030036259,0.2495389087211544
video_trial_delta,1,37,P008,453,2,5,1|2|3|4|5,0,1,0,trial_delta,32,1.0,0.012675700238302638,0.9653571598687481,0.021967139892949215
video_trial_delta,1,38,P008,762,4,5,1|2|3|4|5,2,1,0,trial_delta,32,1.0,0.28505110315902377,0.56746595252356,0.14748294431741618
video_trial_delta,1,39,P008,893,4,5,1|2|3|4|5,2,1,0,trial_delta,32,1.0,0.03722761626880789,0.6098188252720061,0.3529535584591859
video_trial_delta,1,50,P011,189,2,5,1|2|3|4|5,0,0,0,trial_delta,32,1.0,0.9093549251556396,0.03847352787852287,0.05217154696583748
video_trial_delta,1,51,P011,258,1,5,1|2|3|4|5,0,1,0,trial_delta,32,1.0,0.18650930841998295,0.6713926096053032,0.14209808197471377
video_trial_delta,1,52,P011,453,1,5,1|2|3|4|5,0,2,0,trial_delta,32,1.0,0.21473953767834716,0.31660340179811125,0.46865706052354156
video_trial_delta,1,53,P011,762,2,5,1|2|3|4|5,0,1,0,trial_delta,32,1.0,0.2495625615119934,0.39177075028419495,0.35866668820381165
video_trial_delta,1,54,P011,893,2,5,1|2|3|4|5,0,0,0,trial_delta,32,1.0,0.5463201362913837,0.09726966099985196,0.35641020270876433
video_trial_delta,1,90,P020,189,4,5,1|2|3|4|5,2,2,0,trial_delta,32,1.0,0.009323249475512892,0.3339655961155691,0.656711154408918
video_trial_delta,1,91,P020,258,1,5,1|2|3|4|5,0,1,0,trial_delta,32,1.0,0.35225948335673535,0.42102551616918416,0.22671500047408047
video_trial_delta,1,92,P020,453,3,5,1|2|3|4|5,1,1,0,trial_delta,32,1.0,0.012896508170612279,0.7737871523765796,0.2133163394528082
video_trial_delta,1,93,P020,762,4,5,1|2|3|4|5,2,1,0,trial_delta,32,1.0,0.028579776841017056,0.821456478244987,0.14996374491399592
video_trial_delta,1,94,P020,893,5,5,1|2|3|4|5,2,1,0,trial_delta,32,1.0,0.04597943126310634,0.8776196666399229,0.07640090209697085
video_water_delta,1,0,P001,189,3,5,1|2|3|4|5,1,1,0,water_delta,32,1.0,0.3038097276715975,0.6286271120812429,0.0675631602471596
video_water_delta,1,1,P001,258,1,5,1|2|3|4|5,0,1,0,water_delta,32,1.0,0.30557100350727157,0.580752339098707,0.11367665739402133
video_water_delta,1,2,P001,453,2,5,1|2|3|4|5,0,1,0,water_delta,32,1.0,0.1112349066423287,0.8330877112937081,0.055677382063963186
video_water_delta,1,3,P001,762,3,5,1|2|3|4|5,1,1,0,water_delta,32,1.0,0.332724725197624,0.4445154435115374,0.2227598312908386
video_water_delta,1,4,P001,893,4,5,1|2|3|4|5,2,1,0,water_delta,32,1.0,0.2867633923614631,0.6685179893686402,0.04471861826989677
video_water_delta,1,10,P003,189,3,5,1|2|3|4|5,1,0,0,water_delta,32,1.0,0.5484167173976684,0.16736581422788457,0.284217468374447
video_water_delta,1,11,P003,258,1,5,1|2|3|4|5,0,0,0,water_delta,32,1.0,0.6127240657806396,0.30692797899246216,0.0803479552268982
video_water_delta,1,12,P003,453,2,5,1|2|3|4|5,0,2,0,water_delta,32,1.0,0.09040754355793851,0.29850566609580564,0.6110867903462558
video_water_delta,1,13,P003,762,3,5,1|2|3|4|5,1,1,0,water_delta,32,1.0,0.10952352476970217,0.4563339556604902,0.43414251956980765
video_water_delta,1,14,P003,893,4,5,1|2|3|4|5,2,0,0,water_delta,32,1.0,0.38252906151202504,0.30119583908307074,0.3162750994049042
video_water_delta,1,25,P006,189,3,5,1|2|3|4|5,1,1,0,water_delta,32,1.0,0.28731131874745325,0.6519513799095681,0.060737301342978715
video_water_delta,1,26,P006,258,3,5,1|2|3|4|5,1,1,0,water_delta,32,1.0,0.3013433954909163,0.5758801398339795,0.12277646467510422
video_water_delta,1,27,P006,453,3,5,1|2|3|4|5,1,0,0,water_delta,32,1.0,0.7478614062404653,0.22905918105670756,0.023079412702827137
video_water_delta,1,28,P006,762,4,5,1|2|3|4|5,2,1,0,water_delta,32,1.0,0.10415568280336024,0.6055962488472182,0.2902480683494215
video_water_delta,1,29,P006,893,4,5,1|2|3|4|5,2,1,0,water_delta,32,1.0,0.2447423705293528,0.7250643575116347,0.030193271959012523
video_water_delta,1,35,P008,189,3,5,1|2|3|4|5,1,0,0,water_delta,32,1.0,0.5180458139208445,0.24381831251491978,0.23813587356423577
video_water_delta,1,36,P008,258,1,5,1|2|3|4|5,0,0,0,water_delta,32,1.0,0.7056899228473735,0.2455528582383586,0.04875721891426785
video_water_delta,1,37,P008,453,2,5,1|2|3|4|5,0,2,0,water_delta,32,1.0,0.003228790322735271,0.011822645417575346,0.9849485642596894
video_water_delta,1,38,P008,762,4,5,1|2|3|4|5,2,0,0,water_delta,32,1.0,0.7478211466385338,0.1924382880893477,0.05974056527211841
video_water_delta,1,39,P008,893,4,5,1|2|3|4|5,2,0,0,water_delta,32,1.0,0.397192126261484,0.31291714128111076,0.28989073245740526
video_water_delta,1,50,P011,189,2,5,1|2|3|4|5,0,0,0,water_delta,32,1.0,0.8794184589212674,0.04848781372570436,0.07209372735302828
video_water_delta,1,51,P011,258,1,5,1|2|3|4|5,0,0,0,water_delta,32,1.0,0.8445831507537391,0.14572429144023824,0.009692557806022616
video_water_delta,1,52,P011,453,1,5,1|2|3|4|5,0,0,0,water_delta,32,1.0,0.8154953122138977,0.159083753824234,0.025420933961868286
video_water_delta,1,53,P011,762,2,5,1|2|3|4|5,0,0,0,water_delta,32,1.0,0.6009283885705616,0.3213936508221049,0.07767796060733351
video_water_delta,1,54,P011,893,2,5,1|2|3|4|5,0,1,0,water_delta,32,1.0,0.3567565189825451,0.4993916004714847,0.14385188054597023
video_water_delta,1,90,P020,189,4,5,1|2|3|4|5,2,0,0,water_delta,32,1.0,0.522062086555157,0.15402858647831916,0.32390932696652386
video_water_delta,1,91,P020,258,1,5,1|2|3|4|5,0,0,0,water_delta,32,1.0,0.7080048443969816,0.10561978853808271,0.18637536706493568
video_water_delta,1,92,P020,453,3,5,1|2|3|4|5,1,0,0,water_delta,32,1.0,0.4554373188186491,0.3583138180281574,0.1862488631531935
video_water_delta,1,93,P020,762,4,5,1|2|3|4|5,2,1,0,water_delta,32,1.0,0.2015429488567325,0.740263068588749,0.058193982554518534
video_water_delta,1,94,P020,893,5,5,1|2|3|4|5,2,0,0,water_delta,32,1.0,0.6095782382135487,0.3442626518548432,0.046159109931608065
video_raw,2,5,P002,189,4,5,1|2|3|4|5,2,2,0,raw,32,0.01,0.24407394594064274,0.2391932344316428,0.5167328196277144
video_raw,2,6,P002,258,1,5,1|2|3|4|5,0,2,0,raw,32,0.01,0.19284649193286896,0.2443055361509323,0.5628479719161987
video_raw,2,7,P002,453,2,5,1|2|3|4|5,0,2,0,raw,32,0.01,0.18681353330612183,0.28784167766571045,0.5253447890281677
video_raw,2,8,P002,762,4,5,1|2|3|4|5,2,2,0,raw,32,0.01,0.19158973718912192,0.2758933819564169,0.5325168808544611
video_raw,2,9,P002,893,3,5,1|2|3|4|5,1,2,0,raw,32,0.01,0.25163813675528357,0.32364695299723883,0.4247149102474776
video_raw,2,65,P015,189,3,5,1|2|3|4|5,1,0,0,raw,32,0.01,0.37929003711283427,0.3653853455415574,0.2553246173456083
video_raw,2,66,P015,258,1,5,1|2|3|4|5,0,0,0,raw,32,0.01,0.4874410105860384,0.29155630307728503,0.22100268633667658
video_raw,2,67,P015,453,1,5,1|2|3|4|5,0,0,0,raw,32,0.01,0.4029970524908869,0.34588102424853895,0.25112192326057414
video_raw,2,68,P015,762,4,5,1|2|3|4|5,2,0,0,raw,32,0.01,0.46670702795247776,0.39952454566247086,0.1337684263850514
video_raw,2,69,P015,893,5,5,1|2|3|4|5,2,2,0,raw,32,0.01,0.3345348040620924,0.30444953752903753,0.36101565840887007
video_raw,2,70,P016,189,2,5,1|2|3|4|5,0,2,0,raw,32,0.01,0.3024085940366145,0.2215204370928071,0.4760709688705783
video_raw,2,71,P016,258,1,5,1|2|3|4|5,0,0,0,raw,32,0.01,0.4176822006702423,0.27202850580215454,0.31028929352760315
video_raw,2,72,P016,453,1,5,1|2|3|4|5,0,2,0,raw,32,0.01,0.285925392596802,0.23760508354909843,0.4764695238540996
video_raw,2,73,P016,762,3,5,1|2|3|4|5,1,2,0,raw,32,0.01,0.33984116674416265,0.21241472885520882,0.44774410440062856
video_raw,2,74,P016,893,3,5,1|2|3|4|5,1,1,0,raw,32,0.01,0.34999983981251953,0.43615263050567166,0.2138475296818088
video_raw,2,75,P017,189,2,5,1|2|3|4|5,0,0,0,raw,32,0.01,0.43828408889252346,0.34259365540416487,0.21912225570331167
video_raw,2,76,P017,258,1,5,1|2|3|4|5,0,0,0,raw,32,0.01,0.45179023665502316,0.35642191236582527,0.19178785097915158
video_raw,2,77,P017,453,1,5,1|2|3|4|5,0,0,0,raw,32,0.01,0.4688563276997756,0.3145203245502662,0.21662334774995823
video_raw,2,78,P017,762,2,5,1|2|3|4|5,0,1,0,raw,32,0.01,0.38114862357744383,0.39384039016844585,0.2250109862541103
video_raw,2,79,P017,893,3,5,1|2|3|4|5,1,1,0,raw,32,0.01,0.3287618360292364,0.42949842126672205,0.24173974270404153
video_raw,2,105,P024,189,3,5,1|2|3|4|5,1,0,0,raw,32,0.01,0.41182979853229235,0.23976185621605395,0.3484083452516537
video_raw,2,106,P024,258,2,5,1|2|3|4|5,0,2,0,raw,32,0.01,0.36629294803302065,0.23686377351188997,0.3968432784550894
video_raw,2,107,P024,453,3,5,1|2|3|4|5,1,2,0,raw,32,0.01,0.34253280926740237,0.18779668121015142,0.4696705095224462
video_raw,2,108,P024,762,3,5,1|2|3|4|5,1,2,0,raw,32,0.01,0.361419032854409,0.2660739203117466,0.3725070468338444
video_raw,2,109,P024,893,4,5,1|2|3|4|5,2,0,0,raw,32,0.01,0.41482295967902305,0.21542165852454814,0.3697553817964288
video_raw,2,135,P030,189,2,5,1|2|3|4|5,0,2,0,raw,32,0.01,0.2667683402712396,0.14540557779976096,0.5878260819289994
video_raw,2,136,P030,258,3,5,1|2|3|4|5,1,2,0,raw,32,0.01,0.26839062571525574,0.33075109124183655,0.4008582830429077
video_raw,2,137,P030,453,1,5,1|2|3|4|5,0,2,0,raw,32,0.01,0.2573793905192432,0.2719357094745549,0.4706849000062019
video_raw,2,138,P030,762,4,5,1|2|3|4|5,2,2,0,raw,32,0.01,0.1331583956747052,0.09217720420488747,0.7746644001204074
video_raw,2,139,P030,893,4,5,1|2|3|4|5,2,2,0,raw,32,0.01,0.2651577293872833,0.23803657293319702,0.49680569767951965
video_trial_delta,2,5,P002,189,4,5,1|2|3|4|5,2,2,0,trial_delta,32,0.1,0.2865109358277638,0.18438192652517776,0.5291071376470584
video_trial_delta,2,6,P002,258,1,5,1|2|3|4|5,0,2,0,trial_delta,32,0.1,0.22700557112693787,0.16268619894981384,0.6103082299232483
video_trial_delta,2,7,P002,453,2,5,1|2|3|4|5,0,2,0,trial_delta,32,0.1,0.15181567812515265,0.348902304503253,0.4992820173715944
video_trial_delta,2,8,P002,762,4,5,1|2|3|4|5,2,2,0,trial_delta,32,0.1,0.1973079919413923,0.27354169299515624,0.5291503150634514
video_trial_delta,2,9,P002,893,3,5,1|2|3|4|5,1,0,0,trial_delta,32,0.1,0.34971867053862427,0.31857256050624133,0.3317087689551344
video_trial_delta,2,65,P015,189,3,5,1|2|3|4|5,1,0,0,trial_delta,32,0.1,0.5055758131038034,0.23955855192727363,0.25486563496892295
video_trial_delta,2,66,P015,258,1,5,1|2|3|4|5,0,0,0,trial_delta,32,0.1,0.5397797548639628,0.3268418506885678,0.13337839444746938
video_trial_delta,2,67,P015,453,1,5,1|2|3|4|5,0,0,0,trial_delta,32,0.1,0.4824978935346321,0.3636547570876068,0.15384734937776104
video_trial_delta,2,68,P015,762,4,5,1|2|3|4|5,2,1,0,trial_delta,32,0.1,0.46166423879574664,0.48163343303054124,0.056702328173712124
video_trial_delta,2,69,P015,893,5,5,1|2|3|4|5,2,1,0,trial_delta,32,0.1,0.3172472653722216,0.4893334276477566,0.19341930698002183
video_trial_delta,2,70,P016,189,2,5,1|2|3|4|5,0,2,0,trial_delta,32,0.1,0.2968337580089831,0.18266181919964877,0.5205044227913681
video_trial_delta,2,71,P016,258,1,5,1|2|3|4|5,0,0,0,trial_delta,32,0.1,0.37680385251022264,0.25099714094417447,0.3721990065456029
video_trial_delta,2,72,P016,453,1,5,1|2|3|4|5,0,2,0,trial_delta,32,0.1,0.28845293404359124,0.10692563306263213,0.6046214328937767
video_trial_delta,2,73,P016,762,3,5,1|2|3|4|5,1,2,0,trial_delta,32,0.1,0.34137023003951056,0.13096027271390367,0.5276694972465857
video_trial_delta,2,74,P016,893,3,5,1|2|3|4|5,1,1,0,trial_delta,32,0.1,0.3134493687697037,0.5279031755967509,0.1586474556335454
video_trial_delta,2,75,P017,189,2,5,1|2|3|4|5,0,0,0,trial_delta,32,0.1,0.5358884015149831,0.29579128052048204,0.1683203179645349
video_trial_delta,2,76,P017,258,1,5,1|2|3|4|5,0,0,0,trial_delta,32,0.1,0.49665295317707747,0.2636849402048412,0.23966210661808132
video_trial_delta,2,77,P017,453,1,5,1|2|3|4|5,0,0,0,trial_delta,32,0.1,0.4748472116842035,0.32947895912763353,0.19567382918816295
video_trial_delta,2,78,P017,762,2,5,1|2|3|4|5,0,1,0,trial_delta,32,0.1,0.34316950013728437,0.3826903586777938,0.2741401411849218
video_trial_delta,2,79,P017,893,3,5,1|2|3|4|5,1,1,0,trial_delta,32,0.1,0.21881914279007486,0.5072582742019202,0.2739225830080049
video_trial_delta,2,105,P024,189,3,5,1|2|3|4|5,1,0,0,trial_delta,32,0.1,0.6034668357729988,0.1316966920359444,0.2648364721910569
video_trial_delta,2,106,P024,258,2,5,1|2|3|4|5,0,0,0,trial_delta,32,0.1,0.5438122830362958,0.13186423677003736,0.3243234801936668
video_trial_delta,2,107,P024,453,3,5,1|2|3|4|5,1,2,0,trial_delta,32,0.1,0.37585105472026303,0.06843401103495118,0.5557149342447858
video_trial_delta,2,108,P024,762,3,5,1|2|3|4|5,1,2,0,trial_delta,32,0.1,0.24423976242542267,0.0995061844587326,0.6562540531158447
video_trial_delta,2,109,P024,893,4,5,1|2|3|4|5,2,0,0,trial_delta,32,0.1,0.5487193383467296,0.12828977214858275,0.32299088950468763
video_trial_delta,2,135,P030,189,2,5,1|2|3|4|5,0,2,0,trial_delta,32,0.1,0.3302756050311209,0.07898852464522495,0.5907358703236542
video_trial_delta,2,136,P030,258,3,5,1|2|3|4|5,1,1,0,trial_delta,32,0.1,0.3377089399782139,0.4694613972466768,0.19282966277510932
video_trial_delta,2,137,P030,453,1,5,1|2|3|4|5,0,0,0,trial_delta,32,0.1,0.4036623417239683,0.3765640444587456,0.21977361381728608
video_trial_delta,2,138,P030,762,4,5,1|2|3|4|5,2,2,0,trial_delta,32,0.1,0.13223306489873135,0.031723360635103566,0.8360435744661651
video_trial_delta,2,139,P030,893,4,5,1|2|3|4|5,2,2,0,trial_delta,32,0.1,0.3568640404472357,0.23540221505466424,0.40773374449810007
video_water_delta,2,5,P002,189,4,5,1|2|3|4|5,2,2,0,water_delta,16,0.01,0.23384900042639672,0.34822406845950976,0.4179269311140935
video_water_delta,2,6,P002,258,1,5,1|2|3|4|5,0,2,0,water_delta,16,0.01,0.18841666544725494,0.3368920784262442,0.47469125612650087
video_water_delta,2,7,P002,453,2,5,1|2|3|4|5,0,1,0,water_delta,16,0.01,0.16932593033722146,0.4534372321749146,0.37723683748786396
video_water_delta,2,8,P002,762,4,5,1|2|3|4|5,2,2,0,water_delta,16,0.01,0.2002621084373561,0.22945044250933996,0.570287449053304
video_water_delta,2,9,P002,893,3,5,1|2|3|4|5,1,2,0,water_delta,16,0.01,0.25112856917807047,0.272431595776582,0.4764398350453475
video_water_delta,2,65,P015,189,3,5,1|2|3|4|5,1,2,0,water_delta,16,0.01,0.3486912354436885,0.28163973336338205,0.3696690311929295
video_water_delta,2,66,P015,258,1,5,1|2|3|4|5,0,0,0,water_delta,16,0.01,0.42181111010627614,0.24275987212002087,0.335429017773703
video_water_delta,2,67,P015,453,1,5,1|2|3|4|5,0,0,0,water_delta,16,0.01,0.3880736529827118,0.27811887860298157,0.33380746841430664
video_water_delta,2,68,P015,762,4,5,1|2|3|4|5,2,0,0,water_delta,16,0.01,0.3846644873817112,0.28997186690485083,0.32536364571343795
video_water_delta,2,69,P015,893,5,5,1|2|3|4|5,2,2,0,water_delta,16,0.01,0.21413907514058614,0.3055179048715461,0.48034301998786777
video_water_delta,2,70,P016,189,2,5,1|2|3|4|5,0,1,0,water_delta,16,0.01,0.33915600686007746,0.4369320636530528,0.22391192948686972
video_water_delta,2,71,P016,258,1,5,1|2|3|4|5,0,0,0,water_delta,16,0.01,0.4819405829328125,0.3426194684916893,0.17543994857549822
video_water_delta,2,72,P016,453,1,5,1|2|3|4|5,0,0,0,water_delta,16,0.01,0.39226596378487455,0.30144362743366876,0.3062904087814567
video_water_delta,2,73,P016,762,3,5,1|2|3|4|5,1,0,0,water_delta,16,0.01,0.47438795940911893,0.31063719658144723,0.21497484400943387
video_water_delta,2,74,P016,893,3,5,1|2|3|4|5,1,2,0,water_delta,16,0.01,0.3024334727267341,0.3331182102490538,0.36444831702421204
video_water_delta,2,75,P017,189,2,5,1|2|3|4|5,0,0,0,water_delta,16,0.01,0.422176952491817,0.3138730117006905,0.2639500358074925
video_water_delta,2,76,P017,258,1,5,1|2|3|4|5,0,0,0,water_delta,16,0.01,0.38418421149253845,0.3574582040309906,0.25835758447647095
video_water_delta,2,77,P017,453,1,5,1|2|3|4|5,0,1,0,water_delta,16,0.01,0.33236998319625854,0.383654922246933,0.28397509455680847
video_water_delta,2,78,P017,762,2,5,1|2|3|4|5,0,1,0,water_delta,16,0.01,0.34873943481625813,0.36516587838036185,0.28609468680338007
video_water_delta,2,79,P017,893,3,5,1|2|3|4|5,1,1,0,water_delta,16,0.01,0.23197753381762604,0.39036708488513405,0.37765538129723997
video_water_delta,2,105,P024,189,3,5,1|2|3|4|5,1,0,0,water_delta,16,0.01,0.40446892380714417,0.23427972197532654,0.3612513542175293
video_water_delta,2,106,P024,258,2,5,1|2|3|4|5,0,2,0,water_delta,16,0.01,0.29358514350542003,0.21647960070368652,0.4899352557908934
video_water_delta,2,107,P024,453,3,5,1|2|3|4|5,1,2,0,water_delta,16,0.01,0.3032850803902793,0.20114855177095842,0.4955663678387623
video_water_delta,2,108,P024,762,3,5,1|2|3|4|5,1,2,0,water_delta,16,0.01,0.318878601856315,0.2606819712709206,0.4204394268727644
video_water_delta,2,109,P024,893,4,5,1|2|3|4|5,2,2,0,water_delta,16,0.01,0.35509759187698364,0.26354333758354187,0.3813590705394745
video_water_delta,2,135,P030,189,2,5,1|2|3|4|5,0,1,0,water_delta,16,0.01,0.2328034594418165,0.4331920638617306,0.33400447669645295
video_water_delta,2,136,P030,258,3,5,1|2|3|4|5,1,2,0,water_delta,16,0.01,0.2195257064770802,0.3644508367113644,0.4160234568115554
video_water_delta,2,137,P030,453,1,5,1|2|3|4|5,0,1,0,water_delta,16,0.01,0.2408348846186732,0.4291082492736504,0.3300568661076764
video_water_delta,2,138,P030,762,4,5,1|2|3|4|5,2,2,0,water_delta,16,0.01,0.19435362270293033,0.3294710520382775,0.4761753252587922
video_water_delta,2,139,P030,893,4,5,1|2|3|4|5,2,1,0,water_delta,16,0.01,0.20791812550899574,0.44550949998959155,0.3465723745014127
video_raw,3,15,P004,189,2,5,1|2|3|4|5,0,0,0,raw,32,1.0,0.7164492393598187,0.11615776669508913,0.16739299394509213
video_raw,3,16,P004,258,1,5,1|2|3|4|5,0,0,0,raw,32,1.0,0.6134148331495349,0.15258823562544935,0.2339969312250157
video_raw,3,17,P004,453,2,5,1|2|3|4|5,0,0,0,raw,32,1.0,0.940725209109612,0.024272751433773342,0.03500203945661466
video_raw,3,18,P004,762,3,5,1|2|3|4|5,1,2,0,raw,32,1.0,0.3564968566520597,0.17795368334443942,0.4655494600035009
video_raw,3,19,P004,893,4,5,1|2|3|4|5,2,2,0,raw,32,1.0,0.23215778970248133,0.026703714528569147,0.7411384957689495
video_raw,3,30,P007,189,5,5,1|2|3|4|5,2,1,0,raw,32,1.0,0.3087733858510881,0.6424721838425203,0.04875443030639162
video_raw,3,31,P007,258,1,5,1|2|3|4|5,0,0,0,raw,32,1.0,0.8057817629123627,0.18268434278004936,0.011533894307587894
video_raw,3,32,P007,453,4,5,1|2|3|4|5,2,1,0,raw,32,1.0,0.2770934444232798,0.7090094791205149,0.013897076456205196
video_raw,3,33,P007,762,4,5,1|2|3|4|5,2,1,0,raw,32,1.0,0.3598994666322986,0.40920007838606953,0.23090045498163186
video_raw,3,34,P007,893,5,5,1|2|3|4|5,2,1,0,raw,32,1.0,0.346422682716175,0.63320984878336,0.02036746850046505
video_raw,3,60,P014,189,3,5,1|2|3|4|5,1,2,0,raw,32,1.0,0.3544841852013992,0.05558519665687219,0.5899306181417286
video_raw,3,61,P014,258,1,5,1|2|3|4|5,0,1,0,raw,32,1.0,0.37375812691678767,0.5469842242366788,0.07925764884653347
video_raw,3,62,P014,453,2,5,1|2|3|4|5,0,2,0,raw,32,1.0,0.36482374535116735,0.009322560053710042,0.6258536945951226
video_raw,3,63,P014,762,3,5,1|2|3|4|5,1,2,0,raw,32,1.0,0.16855183997236967,0.09184967392011019,0.7395984861075201
video_raw,3,64,P014,893,4,5,1|2|3|4|5,2,0,0,raw,32,1.0,0.7105757607792812,0.008737496315595065,0.28068674290512374
video_raw,3,100,P023,189,3,5,1|2|3|4|5,1,1,0,raw,32,1.0,0.26975936501501097,0.5243048824162746,0.2059357525687144
video_raw,3,101,P023,258,1,5,1|2|3|4|5,0,1,0,raw,32,1.0,0.17579308152198792,0.576618492603302,0.24758842587471008
video_raw,3,102,P023,453,1,5,1|2|3|4|5,0,0,0,raw,32,1.0,0.4405472677701443,0.13788945356505572,0.4215632786648
video_raw,3,103,P023,762,3,5,1|2|3|4|5,1,2,0,raw,32,1.0,0.12064461050496667,0.0808194702619472,0.7985359192330861
video_raw,3,104,P023,893,4,5,1|2|3|4|5,2,1,0,raw,32,1.0,0.0630020899324052,0.8210900410197645,0.11590786904783032
video_raw,3,115,P026,189,3,5,1|2|3|4|5,1,1,0,raw,32,1.0,0.28580880696474553,0.712830720860114,0.0013604721751404552
video_raw,3,116,P026,258,1,5,1|2|3|4|5,0,1,0,raw,32,1.0,0.3556906580924988,0.44640490412712097,0.19790443778038025
video_raw,3,117,P026,453,1,5,1|2|3|4|5,0,1,0,raw,32,1.0,0.07039353734278912,0.8843863276993361,0.045220134957874754
video_raw,3,118,P026,762,4,5,1|2|3|4|5,2,1,0,raw,32,1.0,0.4861833373316568,0.49729328666947287,0.016523375998870344
video_raw,3,119,P026,893,5,5,1|2|3|4|5,2,0,0,raw,32,1.0,0.7165695215293908,0.21773261673055241,0.06569786174005682
video_raw,3,120,P027,189,3,5,1|2|3|4|5,1,0,0,raw,32,1.0,0.5270085452573421,0.4281693196632561,0.04482213507940177
video_raw,3,121,P027,258,1,5,1|2|3|4|5,0,0,0,raw,32,1.0,0.6301501801565236,0.1711271056196956,0.1987227142237808
video_raw,3,122,P027,453,1,5,1|2|3|4|5,0,1,0,raw,32,1.0,0.25970592115252294,0.7363802512889727,0.003913827558504402
video_raw,3,123,P027,762,3,5,1|2|3|4|5,1,1,0,raw,32,1.0,0.31021274956260175,0.6844483419510029,0.005338908486395361
video_raw,3,124,P027,893,3,5,1|2|3|4|5,1,1,0,raw,32,1.0,0.3852206479345094,0.6111918704896938,0.003587481575796795
video_trial_delta,3,15,P004,189,2,5,1|2|3|4|5,0,0,0,trial_delta,32,1.0,0.500585220780308,0.3666063412996981,0.13280843791999392
video_trial_delta,3,16,P004,258,1,5,1|2|3|4|5,0,0,0,trial_delta,32,1.0,0.7623529207005226,0.07324622353177597,0.1644008557677014
video_trial_delta,3,17,P004,453,2,5,1|2|3|4|5,0,0,0,trial_delta,32,1.0,0.9702515981290132,0.01597002112932456,0.013778380741662218
video_trial_delta,3,18,P004,762,3,5,1|2|3|4|5,1,2,0,trial_delta,32,1.0,0.15534264196476286,0.06552962360224776,0.7791277344329894
video_trial_delta,3,19,P004,893,4,5,1|2|3|4|5,2,2,0,trial_delta,32,1.0,0.10542865490275082,0.05852616796367496,0.8360451771335742
video_trial_delta,3,30,P007,189,5,5,1|2|3|4|5,2,0,0,trial_delta,32,1.0,0.4634096026420593,0.2804345190525055,0.2561558783054352
video_trial_delta,3,31,P007,258,1,5,1|2|3|4|5,0,0,0,trial_delta,32,1.0,0.8554467855114862,0.10585831464839283,0.03869489984012096
video_trial_delta,3,32,P007,453,4,5,1|2|3|4|5,2,1,0,trial_delta,32,1.0,0.4567295840869906,0.45996119886694553,0.08330921704606388
video_trial_delta,3,33,P007,762,4,5,1|2|3|4|5,2,0,0,trial_delta,32,1.0,0.7037209062659471,0.144808332776775,0.151470760957278
video_trial_delta,3,34,P007,893,5,5,1|2|3|4|5,2,0,0,trial_delta,32,1.0,0.7839359728686807,0.19993691369820663,0.016127113433112728
video_trial_delta,3,60,P014,189,3,5,1|2|3|4|5,1,2,0,trial_delta,32,1.0,0.28220245242118835,0.2226768136024475,0.49512073397636414
video_trial_delta,3,61,P014,258,1,5,1|2|3|4|5,0,1,0,trial_delta,32,1.0,0.15709261391377394,0.8142222059898908,0.028685180096335222
video_trial_delta,3,62,P014,453,2,5,1|2|3|4|5,0,0,0,trial_delta,32,1.0,0.5843732433218746,0.028242843593843103,0.3873839130842823
video_trial_delta,3,63,P014,762,3,5,1|2|3|4|5,1,1,0,trial_delta,32,1.0,0.17952631146421563,0.46979253784131203,0.3506811506944723
video_trial_delta,3,64,P014,893,4,5,1|2|3|4|5,2,0,0,trial_delta,32,1.0,0.8123029621746943,0.055181724115865756,0.13251531370943997
video_trial_delta,3,100,P023,189,3,5,1|2|3|4|5,1,2,0,trial_delta,32,1.0,0.2995211184024811,0.3402068316936493,0.36027204990386963
video_trial_delta,3,101,P023,258,1,5,1|2|3|4|5,0,1,0,trial_delta,32,1.0,0.28510393842745013,0.36617251139365103,0.3487235501788989
video_trial_delta,3,102,P023,453,1,5,1|2|3|4|5,0,0,0,trial_delta,32,1.0,0.6111410674112717,0.07820799713706979,0.3106509354516585
video_trial_delta,3,103,P023,762,3,5,1|2|3|4|5,1,2,0,trial_delta,32,1.0,0.13723807599253518,0.041977321586573635,0.8207846024208911
video_trial_delta,3,104,P023,893,4,5,1|2|3|4|5,2,1,0,trial_delta,32,1.0,0.043677341355671515,0.789966168962293,0.16635648968203548
video_trial_delta,3,115,P026,189,3,5,1|2|3|4|5,1,0,0,trial_delta,32,1.0,0.49543997987329824,0.4706112461946995,0.03394877393200223
video_trial_delta,3,116,P026,258,1,5,1|2|3|4|5,0,2,0,trial_delta,32,1.0,0.03524946237544539,0.13151972800017822,0.8332308096243763
video_trial_delta,3,117,P026,453,1,5,1|2|3|4|5,0,1,0,trial_delta,32,1.0,0.06450078588351021,0.6382303190363174,0.2972688950801723
video_trial_delta,3,118,P026,762,4,5,1|2|3|4|5,2,1,0,trial_delta,32,1.0,0.3114276276741568,0.5431261739600625,0.14544619836578068
video_trial_delta,3,119,P026,893,5,5,1|2|3|4|5,2,0,0,trial_delta,32,1.0,0.416328144560103,0.3615421164495384,0.22212973899035868
video_trial_delta,3,120,P027,189,3,5,1|2|3|4|5,1,1,0,trial_delta,32,1.0,0.473286770682234,0.49196579319289635,0.03474743612486964
video_trial_delta,3,121,P027,258,1,5,1|2|3|4|5,0,0,0,trial_delta,32,1.0,0.8088155660008642,0.14468525835188972,0.046499175647246024
video_trial_delta,3,122,P027,453,1,5,1|2|3|4|5,0,1,0,trial_delta,32,1.0,0.32174697008943326,0.6758188498309623,0.0024341800796044417
video_trial_delta,3,123,P027,762,3,5,1|2|3|4|5,1,1,0,trial_delta,32,1.0,0.24040096287361293,0.7583490385882724,0.0012499985381146394
video_trial_delta,3,124,P027,893,3,5,1|2|3|4|5,1,0,0,trial_delta,32,1.0,0.8331410089131788,0.16664079922400712,0.0002181918628140993
video_water_delta,3,15,P004,189,2,5,1|2|3|4|5,0,2,0,water_delta,32,1.0,0.2801146256821192,0.23233244726069743,0.48755292705718334
video_water_delta,3,16,P004,258,1,5,1|2|3|4|5,0,2,0,water_delta,32,1.0,0.1284551712071074,0.09773590723860678,0.7738089215542858
video_water_delta,3,17,P004,453,2,5,1|2|3|4|5,0,2,0,water_delta,32,1.0,0.05165245948927326,0.04464292320023936,0.9037046173104873
video_water_delta,3,18,P004,762,3,5,1|2|3|4|5,1,2,0,water_delta,32,1.0,0.04566160521415464,0.0012418404036486088,0.9530965543821968
video_water_delta,3,19,P004,893,4,5,1|2|3|4|5,2,2,0,water_delta,32,1.0,0.0662413046190738,0.002027249987549381,0.9317314453933768
video_water_delta,3,30,P007,189,5,5,1|2|3|4|5,2,2,0,water_delta,32,1.0,0.3541177300144595,0.25855739363685887,0.3873248763486817
video_water_delta,3,31,P007,258,1,5,1|2|3|4|5,0,0,0,water_delta,32,1.0,0.6807599803295745,0.25191490153048846,0.06732511813993705
video_water_delta,3,32,P007,453,4,5,1|2|3|4|5,2,0,0,water_delta,32,1.0,0.5290941280666513,0.15241475984962227,0.3184911120837264
video_water_delta,3,33,P007,762,4,5,1|2|3|4|5,2,0,0,water_delta,32,1.0,0.44973177687532706,0.2391523164889671,0.3111159066357058
video_water_delta,3,34,P007,893,5,5,1|2|3|4|5,2,2,0,water_delta,32,1.0,0.3812467782292275,0.06009646549892772,0.5586567562718447
video_water_delta,3,60,P014,189,3,5,1|2|3|4|5,1,1,0,water_delta,32,1.0,0.32468326186550533,0.6081789414789335,0.0671377966555612
video_water_delta,3,61,P014,258,1,5,1|2|3|4|5,0,0,0,water_delta,32,1.0,0.5635794138731708,0.42016182373455613,0.01625876239227306
video_water_delta,3,62,P014,453,2,5,1|2|3|4|5,0,0,0,water_delta,32,1.0,0.5803672898331901,0.39087794759950956,0.028754762567300376
video_water_delta,3,63,P014,762,3,5,1|2|3|4|5,1,1,0,water_delta,32,1.0,0.29172950113625823,0.6193075591532123,0.08896293971052946
video_water_delta,3,64,P014,893,4,5,1|2|3|4|5,2,1,0,water_delta,32,1.0,0.4187657737879271,0.5499000219579797,0.03133420425409323
video_water_delta,3,100,P023,189,3,5,1|2|3|4|5,1,2,0,water_delta,32,1.0,0.07203005146935505,0.28175982413053774,0.6462101244001072
video_water_delta,3,101,P023,258,1,5,1|2|3|4|5,0,1,0,water_delta,32,1.0,0.20676416774881387,0.49609510588929373,0.2971407263618924
video_water_delta,3,102,P023,453,1,5,1|2|3|4|5,0,2,0,water_delta,32,1.0,0.05385515638235374,0.2231857097452242,0.722959133872422
video_water_delta,3,103,P023,762,3,5,1|2|3|4|5,1,2,0,water_delta,32,1.0,0.059629256213438536,0.43507828173954793,0.5052924620470135
video_water_delta,3,104,P023,893,4,5,1|2|3|4|5,2,1,0,water_delta,32,1.0,0.13799009549558733,0.5331375916682238,0.32887231283618884
video_water_delta,3,115,P026,189,3,5,1|2|3|4|5,1,1,0,water_delta,32,1.0,0.10844268973000913,0.7991093039247186,0.09244800634527225
video_water_delta,3,116,P026,258,1,5,1|2|3|4|5,0,2,0,water_delta,32,1.0,0.005835723240593881,0.06221756454962426,0.9319467122097819
video_water_delta,3,117,P026,453,1,5,1|2|3|4|5,0,1,0,water_delta,32,1.0,0.09977276847951577,0.5181348053593663,0.382092426161118
video_water_delta,3,118,P026,762,4,5,1|2|3|4|5,2,2,0,water_delta,32,1.0,0.06598622696029834,0.4590139926455762,0.47499978039412544
video_water_delta,3,119,P026,893,5,5,1|2|3|4|5,2,2,0,water_delta,32,1.0,0.02069829187246722,0.022755296561788072,0.9565464115657447
video_water_delta,3,120,P027,189,3,5,1|2|3|4|5,1,1,0,water_delta,32,1.0,0.33120467765324296,0.5190375369930634,0.14975778535369358
video_water_delta,3,121,P027,258,1,5,1|2|3|4|5,0,0,0,water_delta,32,1.0,0.7608971808356376,0.22134715937116628,0.017755659793196054
video_water_delta,3,122,P027,453,1,5,1|2|3|4|5,0,0,0,water_delta,32,1.0,0.5465192287825854,0.4476398004532759,0.005840970764138725
video_water_delta,3,123,P027,762,3,5,1|2|3|4|5,1,0,0,water_delta,32,1.0,0.6282708761891513,0.3575305409269508,0.01419858288389785
video_water_delta,3,124,P027,893,3,5,1|2|3|4|5,1,0,0,water_delta,32,1.0,0.6317260459502781,0.3603225461120196,0.007951407937702222
video_raw,4,40,P009,189,3,5,1|2|3|4|5,1,0,0,raw,64,0.01,0.5195569759805362,0.14817202918952574,0.33227099482993805
video_raw,4,41,P009,258,1,5,1|2|3|4|5,0,0,0,raw,64,0.01,0.6634930171664367,0.2060522857935599,0.13045469704000337
video_raw,4,42,P009,453,2,5,1|2|3|4|5,0,0,0,raw,64,0.01,0.48263654112815857,0.15390890836715698,0.36345455050468445
video_raw,4,43,P009,762,4,5,1|2|3|4|5,2,2,0,raw,64,0.01,0.39389113224201605,0.13775762094511862,0.46835124681286533
video_raw,4,44,P009,893,5,5,1|2|3|4|5,2,2,0,raw,64,0.01,0.3840128550521818,0.13592161918153647,0.48006552576628175
video_raw,4,85,P019,189,4,5,1|2|3|4|5,2,0,0,raw,64,0.01,0.4772192608895788,0.19452356091921869,0.32825717819120254
video_raw,4,86,P019,258,1,5,1|2|3|4|5,0,0,0,raw,64,0.01,0.5147928961458997,0.21105078409385156,0.2741563197602487
video_raw,4,87,P019,453,3,5,1|2|3|4|5,1,0,0,raw,64,0.01,0.4494565725326538,0.25089481472969055,0.29964861273765564
video_raw,4,88,P019,762,3,5,1|2|3|4|5,1,2,0,raw,64,0.01,0.32126922372785877,0.31523052797408485,0.3635002482980564
video_raw,4,89,P019,893,4,5,1|2|3|4|5,2,0,0,raw,64,0.01,0.4791325939218644,0.3070709522324233,0.2137964538457123
video_raw,4,95,P021,189,4,5,1|2|3|4|5,2,0,0,raw,64,0.01,0.6575807537090329,0.2410400068140026,0.1013792394769645
video_raw,4,96,P021,258,1,5,1|2|3|4|5,0,0,0,raw,64,0.01,0.5620148777961731,0.24428589642047882,0.19369922578334808
video_raw,4,97,P021,453,2,5,1|2|3|4|5,0,0,0,raw,64,0.01,0.4982379302645038,0.24665452172376928,0.2551075480117269
video_raw,4,98,P021,762,4,5,1|2|3|4|5,2,0,0,raw,64,0.01,0.6656509041786194,0.2321491837501526,0.10219991207122803
video_raw,4,99,P021,893,5,5,1|2|3|4|5,2,0,0,raw,64,0.01,0.397620797334552,0.24561601537346725,0.35676318729198075
video_raw,4,125,P028,189,2,5,1|2|3|4|5,0,0,0,raw,64,0.01,0.5575304793575548,0.34218178219144885,0.10028773845099623
video_raw,4,126,P028,258,1,5,1|2|3|4|5,0,0,0,raw,64,0.01,0.45102799230647134,0.3465583117867522,0.20241369590677644
video_raw,4,127,P028,453,3,5,1|2|3|4|5,1,0,0,raw,64,0.01,0.4613566169344875,0.38469583369338267,0.15394754937212987
video_raw,4,128,P028,762,3,5,1|2|3|4|5,1,0,0,raw,64,0.01,0.5922255361248208,0.2802061349307101,0.12756832894446918
video_raw,4,129,P028,893,3,5,1|2|3|4|5,1,0,0,raw,64,0.01,0.4540730484436907,0.4089330197711739,0.13699393178513544
video_raw,4,130,P029,189,4,5,1|2|3|4|5,2,0,0,raw,64,0.01,0.45602004098951937,0.2651262064315738,0.27885375257890677
video_raw,4,131,P029,258,1,5,1|2|3|4|5,0,1,0,raw,64,0.01,0.4126628637313843,0.43677544593811035,0.15056169033050537
video_raw,4,132,P029,453,3,5,1|2|3|4|5,1,0,0,raw,64,0.01,0.4475671648979187,0.43011412024497986,0.12231871485710144
video_raw,4,133,P029,762,4,5,1|2|3|4|5,2,0,0,raw,64,0.01,0.46900799006903254,0.4289717918732039,0.10202021805776358
video_raw,4,134,P029,893,3,5,1|2|3|4|5,1,0,0,raw,64,0.01,0.5889700387878699,0.27403630581335847,0.13699365539877167
video_trial_delta,4,40,P009,189,3,5,1|2|3|4|5,1,2,0,trial_delta,16,1.0,0.29059334723373215,0.2867516491785154,0.4226550035877525
video_trial_delta,4,41,P009,258,1,5,1|2|3|4|5,0,0,0,trial_delta,16,1.0,0.5501056200803037,0.4266876192883331,0.023206760631363156
video_trial_delta,4,42,P009,453,2,5,1|2|3|4|5,0,0,0,trial_delta,16,1.0,0.42105382680892944,0.37045562267303467,0.2084905505180359
video_trial_delta,4,43,P009,762,4,5,1|2|3|4|5,2,2,0,trial_delta,16,1.0,0.1749229624913357,0.19165005137622051,0.6334269861324437
video_trial_delta,4,44,P009,893,5,5,1|2|3|4|5,2,2,0,trial_delta,16,1.0,0.23912043513178177,0.3020997598454392,0.45877980502277904
video_trial_delta,4,85,P019,189,4,5,1|2|3|4|5,2,2,0,trial_delta,16,1.0,0.27560366021405636,0.3208882308271,0.4035081089588436
video_trial_delta,4,86,P019,258,1,5,1|2|3|4|5,0,0,0,trial_delta,16,1.0,0.42833213932806874,0.4109120552649523,0.16075580540697898
video_trial_delta,4,87,P019,453,3,5,1|2|3|4|5,1,0,0,trial_delta,16,1.0,0.4300825127983842,0.3650141467158242,0.2049033404857916
video_trial_delta,4,88,P019,762,3,5,1|2|3|4|5,1,2,0,trial_delta,16,1.0,0.2387532407231146,0.3142567826173189,0.4469899766595665
video_trial_delta,4,89,P019,893,4,5,1|2|3|4|5,2,0,0,trial_delta,16,1.0,0.5016265027588569,0.38135666507534677,0.11701683216579628
video_trial_delta,4,95,P021,189,4,5,1|2|3|4|5,2,1,0,trial_delta,16,1.0,0.27560933705692975,0.6692498747827518,0.05514078816031844
video_trial_delta,4,96,P021,258,1,5,1|2|3|4|5,0,0,0,trial_delta,16,1.0,0.666999523840841,0.2937147937246769,0.039285682434481994
video_trial_delta,4,97,P021,453,2,5,1|2|3|4|5,0,0,0,trial_delta,16,1.0,0.5712100778111885,0.26815053237830394,0.16063938981050757
video_trial_delta,4,98,P021,762,4,5,1|2|3|4|5,2,0,0,trial_delta,16,1.0,0.5975188824401401,0.37907470614168687,0.02340641141817312
video_trial_delta,4,99,P021,893,5,5,1|2|3|4|5,2,0,0,trial_delta,16,1.0,0.4758785437923453,0.20767493855468838,0.31644651765296633
video_trial_delta,4,125,P028,189,2,5,1|2|3|4|5,0,0,0,trial_delta,16,1.0,0.5829832305302162,0.3257134452887443,0.09130332418103958
video_trial_delta,4,126,P028,258,1,5,1|2|3|4|5,0,0,0,trial_delta,16,1.0,0.39525853963247176,0.2990814923692639,0.30565996799826434
video_trial_delta,4,127,P028,453,3,5,1|2|3|4|5,1,0,0,trial_delta,16,1.0,0.5061911940574646,0.34408459067344666,0.14972421526908875
video_trial_delta,4,128,P028,762,3,5,1|2|3|4|5,1,0,0,trial_delta,16,1.0,0.6760655196621758,0.19946629254817128,0.12446818778965296
video_trial_delta,4,129,P028,893,3,5,1|2|3|4|5,1,0,0,trial_delta,16,1.0,0.47833096981048584,0.38289496302604675,0.1387740671634674
video_trial_delta,4,130,P029,189,4,5,1|2|3|4|5,2,1,0,trial_delta,16,1.0,0.3542828857898712,0.36849164962768555,0.27722546458244324
video_trial_delta,4,131,P029,258,1,5,1|2|3|4|5,0,1,0,trial_delta,16,1.0,0.12258535061158762,0.7850502250351046,0.09236442435330784
video_trial_delta,4,132,P029,453,3,5,1|2|3|4|5,1,1,0,trial_delta,16,1.0,0.1481624234604655,0.7809213937750354,0.07091618276449901
video_trial_delta,4,133,P029,762,4,5,1|2|3|4|5,2,1,0,trial_delta,16,1.0,0.189606545942973,0.7672139945088774,0.04317945954814956
video_trial_delta,4,134,P029,893,3,5,1|2|3|4|5,1,0,0,trial_delta,16,1.0,0.5838732036371052,0.23754314724291642,0.1785836491199784
video_water_delta,4,40,P009,189,3,5,1|2|3|4|5,1,0,0,water_delta,64,0.1,0.6589095992174864,0.2579730970271499,0.0831173037553637
video_water_delta,4,41,P009,258,1,5,1|2|3|4|5,0,0,0,water_delta,64,0.1,0.5312471310608516,0.4197799500855811,0.04897291885356726
video_water_delta,4,42,P009,453,2,5,1|2|3|4|5,0,0,0,water_delta,64,0.1,0.4148251537926541,0.30850512708738825,0.27666971911995764
video_water_delta,4,43,P009,762,4,5,1|2|3|4|5,2,1,0,water_delta,64,0.1,0.2650647579907518,0.4968060179117032,0.23812922409754503
video_water_delta,4,44,P009,893,5,5,1|2|3|4|5,2,2,0,water_delta,64,0.1,0.28348045696376395,0.2588338178743774,0.4576857251618586
video_water_delta,4,85,P019,189,4,5,1|2|3|4|5,2,0,0,water_delta,64,0.1,0.7500432692500405,0.04960877072876474,0.20034796002119482
video_water_delta,4,86,P019,258,1,5,1|2|3|4|5,0,0,0,water_delta,64,0.1,0.8199103230264687,0.06732544102294918,0.11276423595058215
video_water_delta,4,87,P019,453,3,5,1|2|3|4|5,1,0,0,water_delta,64,0.1,0.8673834075423568,0.04481610589003405,0.0878004865676092
video_water_delta,4,88,P019,762,3,5,1|2|3|4|5,1,0,0,water_delta,64,0.1,0.5550870464768125,0.1603235352135758,0.28458941830961165
video_water_delta,4,89,P019,893,4,5,1|2|3|4|5,2,0,0,water_delta,64,0.1,0.7756255344999595,0.0892419233681462,0.13513254213189424
video_water_delta,4,95,P021,189,4,5,1|2|3|4|5,2,1,0,water_delta,64,0.1,0.33017053000940877,0.6550429225464593,0.01478654744413183
video_water_delta,4,96,P021,258,1,5,1|2|3|4|5,0,0,0,water_delta,64,0.1,0.7058334587235046,0.2467042290431934,0.04746231223330204
video_water_delta,4,97,P021,453,2,5,1|2|3|4|5,0,0,0,water_delta,64,0.1,0.6887989300787051,0.21326223810248965,0.09793883181880533
video_water_delta,4,98,P021,762,4,5,1|2|3|4|5,2,0,0,water_delta,64,0.1,0.6522999503061168,0.19611338073184165,0.15158666896204157
video_water_delta,4,99,P021,893,5,5,1|2|3|4|5,2,1,0,water_delta,64,0.1,0.4081582189821932,0.502034731239598,0.08980704977820887
video_water_delta,4,125,P028,189,2,5,1|2|3|4|5,0,1,0,water_delta,64,0.1,0.4008600474172873,0.5174577698818835,0.08168218270082915
video_water_delta,4,126,P028,258,1,5,1|2|3|4|5,0,2,0,water_delta,64,0.1,0.44171168742013445,0.03751616124039648,0.5207721513394691
video_water_delta,4,127,P028,453,3,5,1|2|3|4|5,1,2,0,water_delta,64,0.1,0.1154362173563469,0.010249606877777345,0.8743141757658758
video_water_delta,4,128,P028,762,3,5,1|2|3|4|5,1,0,0,water_delta,64,0.1,0.463262897425553,0.17923016958506433,0.3575069329893827
video_water_delta,4,129,P028,893,3,5,1|2|3|4|5,1,1,0,water_delta,64,0.1,0.2226127154413675,0.6093901577410149,0.1679971268176176
video_water_delta,4,130,P029,189,4,5,1|2|3|4|5,2,0,0,water_delta,64,0.1,0.643733923463031,0.2613088508047823,0.09495722573218662
video_water_delta,4,131,P029,258,1,5,1|2|3|4|5,0,0,0,water_delta,64,0.1,0.6420707475406225,0.32934867170150434,0.028580580757873068
video_water_delta,4,132,P029,453,3,5,1|2|3|4|5,1,0,0,water_delta,64,0.1,0.9265838230901069,0.05312441642163539,0.020291760488257704
video_water_delta,4,133,P029,762,4,5,1|2|3|4|5,2,1,0,water_delta,64,0.1,0.1733667367470186,0.817122512681946,0.009510750571035351
video_water_delta,4,134,P029,893,3,5,1|2|3|4|5,1,0,0,water_delta,64,0.1,0.6221351808945889,0.24397126567278105,0.1338935534326301
video_raw,5,20,P005,189,3,5,1|2|3|4|5,1,2,0,raw,16,0.1,0.33543020486831665,0.28518542647361755,0.3793843686580658
video_raw,5,21,P005,258,1,5,1|2|3|4|5,0,2,0,raw,16,0.1,0.2061661538705459,0.1385727760833751,0.655261070046079
video_raw,5,22,P005,453,2,5,1|2|3|4|5,0,1,0,raw,16,0.1,0.21429626005005062,0.5556979609817874,0.23000577896816196
video_raw,5,23,P005,762,3,5,1|2|3|4|5,1,2,0,raw,16,0.1,0.17635715007781982,0.21561706066131592,0.6080257892608643
video_raw,5,24,P005,893,3,5,1|2|3|4|5,1,2,0,raw,16,0.1,0.34152938897820145,0.18996002704024234,0.46851058398155615
video_raw,5,45,P010,189,2,5,1|2|3|4|5,0,2,0,raw,16,0.1,0.23046972200974408,0.3050022766739469,0.464528001316309
video_raw,5,46,P010,258,1,5,1|2|3|4|5,0,2,0,raw,16,0.1,0.19931021926731524,0.30745143614564646,0.4932383445870383
video_raw,5,47,P010,453,2,5,1|2|3|4|5,0,1,0,raw,16,0.1,0.29291755833976146,0.4041436435027016,0.30293879815753694
video_raw,5,48,P010,762,3,5,1|2|3|4|5,1,2,0,raw,16,0.1,0.15657643740510288,0.3292906533287368,0.5141329092661603
video_raw,5,49,P010,893,4,5,1|2|3|4|5,2,2,0,raw,16,0.1,0.19737575654125578,0.3595679646794801,0.4430562787792641
video_raw,5,55,P013,189,4,5,1|2|3|4|5,2,2,0,raw,16,0.1,0.2791201174259186,0.3511877655982971,0.3696921169757843
video_raw,5,56,P013,258,1,5,1|2|3|4|5,0,0,0,raw,16,0.1,0.44397902488708496,0.3752601444721222,0.18076083064079285
video_raw,5,57,P013,453,3,5,1|2|3|4|5,1,2,0,raw,16,0.1,0.22515086158660466,0.11175457800166076,0.6630945604117345
video_raw,5,58,P013,762,5,5,1|2|3|4|5,2,2,0,raw,16,0.1,0.2982089132604327,0.14085995731175074,0.5609311294278165
video_raw,5,59,P013,893,5,5,1|2|3|4|5,2,2,0,raw,16,0.1,0.2783235179378699,0.19987420438970355,0.5218022776724266
video_raw,5,80,P018,189,3,5,1|2|3|4|5,1,1,0,raw,16,0.1,0.2404418551856003,0.5510995305910776,0.20845861422332207
video_raw,5,81,P018,258,1,5,1|2|3|4|5,0,1,0,raw,16,0.1,0.24022623180668856,0.5870803419625658,0.17269342623074574
video_raw,5,82,P018,453,3,5,1|2|3|4|5,1,2,0,raw,16,0.1,0.22834716397006566,0.29919415266522537,0.472458683364709
video_raw,5,83,P018,762,4,5,1|2|3|4|5,2,1,0,raw,16,0.1,0.22198479539110647,0.538297907659349,0.23971729694954447
video_raw,5,84,P018,893,4,5,1|2|3|4|5,2,1,0,raw,16,0.1,0.39426134254360157,0.44156340770885016,0.16417524974754827
video_raw,5,110,P025,189,3,5,1|2|3|4|5,1,0,0,raw,16,0.1,0.44547597901451524,0.4091682854046907,0.1453557355807941
video_raw,5,111,P025,258,1,5,1|2|3|4|5,0,0,0,raw,16,0.1,0.46654926340135144,0.2885060224382275,0.24494471416042107
video_raw,5,112,P025,453,1,5,1|2|3|4|5,0,1,0,raw,16,0.1,0.3738254122085992,0.51172097062233,0.11445361716907075
video_raw,5,113,P025,762,3,5,1|2|3|4|5,1,1,0,raw,16,0.1,0.32145909432944936,0.5086445959998547,0.16989630967069594
video_raw,5,114,P025,893,4,5,1|2|3|4|5,2,1,0,raw,16,0.1,0.34685808420181274,0.43826937675476074,0.2148725390434265
video_trial_delta,5,20,P005,189,3,5,1|2|3|4|5,1,1,0,trial_delta,64,0.1,0.11379737001053601,0.5718955568044054,0.3143070731850586
video_trial_delta,5,21,P005,258,1,5,1|2|3|4|5,0,2,0,trial_delta,64,0.1,0.22915668319866134,0.196003460705435,0.5748398560959036
video_trial_delta,5,22,P005,453,2,5,1|2|3|4|5,0,0,0,trial_delta,64,0.1,0.47408938562337244,0.39353213348793187,0.13237848088869567
video_trial_delta,5,23,P005,762,3,5,1|2|3|4|5,1,2,0,trial_delta,64,0.1,0.36523062126796924,0.04928475264193398,0.5854846260900968
video_trial_delta,5,24,P005,893,3,5,1|2|3|4|5,1,1,0,trial_delta,64,0.1,0.24256803139638713,0.46009606360816574,0.2973359049954471
video_trial_delta,5,45,P010,189,2,5,1|2|3|4|5,0,2,0,trial_delta,64,0.1,0.18564580104282793,0.23900910855816143,0.5753450903990106
video_trial_delta,5,46,P010,258,1,5,1|2|3|4|5,0,1,0,trial_delta,64,0.1,0.07685066301520688,0.6995868265875085,0.22356251039728461
video_trial_delta,5,47,P010,453,2,5,1|2|3|4|5,0,1,0,trial_delta,64,0.1,0.09255003115124977,0.772210949866392,0.13523901898235813
video_trial_delta,5,48,P010,762,3,5,1|2|3|4|5,1,1,0,trial_delta,64,0.1,0.04732382013134323,0.799434438337282,0.1532417415313747
video_trial_delta,5,49,P010,893,4,5,1|2|3|4|5,2,1,0,trial_delta,64,0.1,0.09705879611565765,0.5582434576618929,0.3446977462224494
video_trial_delta,5,55,P013,189,4,5,1|2|3|4|5,2,1,0,trial_delta,64,0.1,0.1873946618382935,0.6488490716651912,0.16375626649651528
video_trial_delta,5,56,P013,258,1,5,1|2|3|4|5,0,1,0,trial_delta,64,0.1,0.313682132488648,0.5993995517044926,0.08691831580685942
video_trial_delta,5,57,P013,453,3,5,1|2|3|4|5,1,2,0,trial_delta,64,0.1,0.4257525189751665,0.03687429786892869,0.5373731831559048
video_trial_delta,5,58,P013,762,5,5,1|2|3|4|5,2,2,0,trial_delta,64,0.1,0.21517000243574388,0.34150067989530203,0.44332931766895406
video_trial_delta,5,59,P013,893,5,5,1|2|3|4|5,2,2,0,trial_delta,64,0.1,0.19962362049888432,0.2557705717018417,0.5446058077992739
video_trial_delta,5,80,P018,189,3,5,1|2|3|4|5,1,1,0,trial_delta,64,0.1,0.02234710851816595,0.9447535502913882,0.03289934119044586
video_trial_delta,5,81,P018,258,1,5,1|2|3|4|5,0,1,0,trial_delta,64,0.1,0.01980669658163014,0.954034530375989,0.0261587730423809
video_trial_delta,5,82,P018,453,3,5,1|2|3|4|5,1,1,0,trial_delta,64,0.1,0.32890034457073386,0.5971601738891045,0.07393948154016171
video_trial_delta,5,83,P018,762,4,5,1|2|3|4|5,2,1,0,trial_delta,64,0.1,0.15732502820100613,0.7635833564133692,0.07909161538562465
video_trial_delta,5,84,P018,893,4,5,1|2|3|4|5,2,1,0,trial_delta,64,0.1,0.13126479480459674,0.7825103039297552,0.08622490126564805
video_trial_delta,5,110,P025,189,3,5,1|2|3|4|5,1,0,0,trial_delta,64,0.1,0.5753172850354494,0.3180469989049062,0.10663571605964438
video_trial_delta,5,111,P025,258,1,5,1|2|3|4|5,0,2,0,trial_delta,64,0.1,0.40372867595340833,0.19084570380585503,0.4054256202407366
video_trial_delta,5,112,P025,453,1,5,1|2|3|4|5,0,1,0,trial_delta,64,0.1,0.3095324568102104,0.5209647209170998,0.1695028222726898
video_trial_delta,5,113,P025,762,3,5,1|2|3|4|5,1,0,0,trial_delta,64,0.1,0.4859844744205475,0.43807452917099,0.07594099640846252
video_trial_delta,5,114,P025,893,4,5,1|2|3|4|5,2,1,0,trial_delta,64,0.1,0.15197877001635848,0.6394583367978535,0.208562893185788
video_water_delta,5,20,P005,189,3,5,1|2|3|4|5,1,0,0,water_delta,16,1.0,0.5176959980969428,0.10836371761019124,0.37394028429286597
video_water_delta,5,21,P005,258,1,5,1|2|3|4|5,0,0,0,water_delta,16,1.0,0.8221605097323086,0.07785480344428083,0.09998468682341052
video_water_delta,5,22,P005,453,2,5,1|2|3|4|5,0,0,0,water_delta,16,1.0,0.3789904045456889,0.3687783401476348,0.25223125530667634
video_water_delta,5,23,P005,762,3,5,1|2|3|4|5,1,0,0,water_delta,16,1.0,0.5355341870923582,0.15746709235110604,0.3069987205565357
video_water_delta,5,24,P005,893,3,5,1|2|3|4|5,1,0,0,water_delta,16,1.0,0.7297839304869196,0.13739491589680564,0.13282115361627478
video_water_delta,5,45,P010,189,2,5,1|2|3|4|5,0,1,0,water_delta,16,1.0,0.18556915054597103,0.5890315244467683,0.2253993250072606
video_water_delta,5,46,P010,258,1,5,1|2|3|4|5,0,1,0,water_delta,16,1.0,0.11490342877085721,0.7254434172394437,0.15965315398969904
video_water_delta,5,47,P010,453,2,5,1|2|3|4|5,0,1,0,water_delta,16,1.0,0.11223138952427647,0.7715797481803577,0.11618886229536579
video_water_delta,5,48,P010,762,3,5,1|2|3|4|5,1,1,0,water_delta,16,1.0,0.3340247372992258,0.567940252063878,0.09803501063689621
video_water_delta,5,49,P010,893,4,5,1|2|3|4|5,2,1,0,water_delta,16,1.0,0.14387762760933678,0.7055476413003748,0.15057473109028832
video_water_delta,5,55,P013,189,4,5,1|2|3|4|5,2,0,0,water_delta,16,1.0,0.47333375324806204,0.3769885655788864,0.1496776811730516
video_water_delta,5,56,P013,258,1,5,1|2|3|4|5,0,0,0,water_delta,16,1.0,0.6673765679094706,0.25432419397943923,0.07829923811109009
video_water_delta,5,57,P013,453,3,5,1|2|3|4|5,1,1,0,water_delta,16,1.0,0.34293362498283386,0.48656708002090454,0.1704992949962616
video_water_delta,5,58,P013,762,5,5,1|2|3|4|5,2,1,0,water_delta,16,1.0,0.39083399786302453,0.47755830768408913,0.13160769445288636
video_water_delta,5,59,P013,893,5,5,1|2|3|4|5,2,1,0,water_delta,16,1.0,0.1795642456217518,0.693335862159842,0.12709989221840615
video_water_delta,5,80,P018,189,3,5,1|2|3|4|5,1,1,0,water_delta,16,1.0,0.41737513179424657,0.4891434427669852,0.09348142543876821
video_water_delta,5,81,P018,258,1,5,1|2|3|4|5,0,1,0,water_delta,16,1.0,0.3507129602240467,0.570914455814875,0.07837258396107828
video_water_delta,5,82,P018,453,3,5,1|2|3|4|5,1,0,0,water_delta,16,1.0,0.5146038974939615,0.42004098236438686,0.06535512014165162
video_water_delta,5,83,P018,762,4,5,1|2|3|4|5,2,0,0,water_delta,16,1.0,0.6077229018376528,0.25500883132166674,0.13726826684068044
video_water_delta,5,84,P018,893,4,5,1|2|3|4|5,2,0,0,water_delta,16,1.0,0.5106571931788966,0.4369209127013419,0.05242189411976149
video_water_delta,5,110,P025,189,3,5,1|2|3|4|5,1,0,0,water_delta,16,1.0,0.5838172348764951,0.33420171835717977,0.08198104676632513
video_water_delta,5,111,P025,258,1,5,1|2|3|4|5,0,0,0,water_delta,16,1.0,0.6016570002581328,0.26285390240791,0.13548909733395714
video_water_delta,5,112,P025,453,1,5,1|2|3|4|5,0,0,0,water_delta,16,1.0,0.6561603848862476,0.1863533473154896,0.15748626779826277
video_water_delta,5,113,P025,762,3,5,1|2|3|4|5,1,0,0,water_delta,16,1.0,0.7873549608021035,0.17570062308945922,0.036944416108437184
video_water_delta,5,114,P025,893,4,5,1|2|3|4|5,2,0,0,water_delta,16,1.0,0.5240863767201918,0.4092835479018429,0.06663007537796532
