fold,experiment,k_features,C,balanced_accuracy,macro_f1,negative_log_likelihood
1,video_raw,16,0.01,0.38722314507198224,0.3858210623299732,1.1652580196555316
1,video_raw,16,0.1,0.39939784053156147,0.39797979797979793,1.3123019164902916
1,video_raw,16,1.0,0.35885243632336655,0.3527430423982148,1.517861770153982
1,video_raw,32,0.01,0.3889950166112957,0.38836933926268974,1.2064626541827963
1,video_raw,32,0.1,0.370812569213732,0.3679738562091503,1.4157843674278594
1,video_raw,32,1.0,0.44103682170542635,0.4348464475046754,1.8803338384306505
1,video_raw,64,0.01,0.3949750830564784,0.39321548017200186,1.2417064832453761
1,video_raw,64,0.1,0.3657253599114065,0.3630678540778571,1.5718127433033147
1,video_raw,64,1.0,0.34246954595791806,0.3390452366062122,2.503411503867684
1,video_trial_delta,16,0.01,0.3958540974529347,0.39531142759094023,1.1604774970017793
1,video_trial_delta,16,0.1,0.37170542635658915,0.3703703703703704,1.2943539682484124
1,video_trial_delta,16,1.0,0.35087209302325584,0.34854432106798766,1.5290397901955668
1,video_trial_delta,32,0.01,0.4053779069767442,0.40352641708573916,1.198236073365802
1,video_trial_delta,32,0.1,0.373235049833887,0.36423936423936426,1.4310055342852928
1,video_trial_delta,32,1.0,0.40978682170542635,0.39778588036355944,1.9826944826753035
1,video_trial_delta,64,0.01,0.3889950166112957,0.388581174939776,1.227437929800886
1,video_trial_delta,64,0.1,0.37171926910299,0.37119120814772993,1.5196593496662207
1,video_trial_delta,64,1.0,0.3648325027685493,0.36016437923131633,2.323620177312923
1,video_water_delta,16,0.01,0.26182862679955704,0.25951323245565155,1.1863624089909202
1,video_water_delta,16,0.1,0.2573920265780731,0.25176867657558255,1.3787117091240018
1,video_water_delta,16,1.0,0.27200304540420817,0.26023024594453165,1.6289915400751647
1,video_water_delta,32,0.01,0.2904138981173865,0.29006723869737566,1.2024667630648924
1,video_water_delta,32,0.1,0.28443383167220376,0.28432098568112757,1.407570174759986
1,video_water_delta,32,1.0,0.35885243632336655,0.35266348638441664,1.8941165451936348
1,video_water_delta,64,0.01,0.28241971207087485,0.27307795970621923,1.2489470105202916
1,video_water_delta,64,0.1,0.2695805647840532,0.26546310832025116,1.6594910102678357
1,video_water_delta,64,1.0,0.34555647840531556,0.338360985419809,2.9761761795788484
2,video_raw,16,0.01,0.2944660791145726,0.28943649531884824,1.2178480272305305
2,video_raw,16,0.1,0.2754184600669536,0.26944444444444443,1.5577449671266057
2,video_raw,16,1.0,0.2995285919245747,0.29691894127378,1.9458107461936147
2,video_raw,32,0.01,0.30092232014757125,0.299465737514518,1.25522839454272
2,video_raw,32,0.1,0.2978547516567603,0.2962049829519709,1.7331515478251205
2,video_raw,32,1.0,0.27151055544168884,0.27239205669083716,3.021663357704841
2,video_raw,64,0.01,0.26394069823051175,0.2612294238683128,1.3143537030583925
2,video_raw,64,0.1,0.28861105417776867,0.28305190744215136,2.0098669418082555
2,video_raw,64,1.0,0.22584546013527365,0.21460267879277253,3.907711813767772
2,video_trial_delta,16,0.01,0.274304843888775,0.2629640683551241,1.1528035783644328
2,video_trial_delta,16,0.1,0.23564938170390107,0.22481582130346678,1.3328927489137266
2,video_trial_delta,16,1.0,0.2658946505431441,0.25855263157894737,1.6035198522117564
2,video_trial_delta,32,0.01,0.2815945890551343,0.2800945742122212,1.1891929162215642
2,video_trial_delta,32,0.1,0.3101660176265628,0.30930091680538374,1.5058903375599333
2,video_trial_delta,32,1.0,0.29083828653412586,0.2904767728653254,2.2940973990219287
2,video_trial_delta,64,0.01,0.2762519642003143,0.27243531202435317,1.2336051465303697
2,video_trial_delta,64,0.1,0.28549566167930585,0.28309223115193266,1.7265104694504803
2,video_trial_delta,64,1.0,0.28020086083213774,0.27987967141038994,3.051069110542821
2,video_water_delta,16,0.01,0.30147571223611397,0.29949636014249653,1.2057295438207782
2,video_water_delta,16,0.1,0.29390585502493677,0.29142300194931775,1.5412665933909353
2,video_water_delta,16,1.0,0.2661679305868689,0.2634826607429347,1.9517508649706716
2,video_water_delta,32,0.01,0.28749060599849696,0.2871967713221505,1.2665337984189158
2,video_water_delta,32,0.1,0.2785270205643233,0.27733963572841475,1.6812627885190357
2,video_water_delta,32,1.0,0.2723508915761426,0.26738816738816734,2.4951360905943303
2,video_water_delta,64,0.01,0.2742980118876819,0.2725931584755114,1.325223824416784
2,video_water_delta,64,0.1,0.25891917742706844,0.2585140219873527,1.8364921665236043
2,video_water_delta,64,1.0,0.2807542529206805,0.2801538163383959,3.3208393144456427
3,video_raw,16,0.01,0.2782392026578073,0.27356068940227357,1.1857275741940254
3,video_raw,16,0.1,0.3190130121816168,0.31599005193475244,1.4812195534990287
3,video_raw,16,1.0,0.29907253599114064,0.2912374981340498,1.8864627113837709
3,video_raw,32,0.01,0.27227297895902547,0.25753049539457307,1.2156980067306484
3,video_raw,32,0.1,0.2913205980066445,0.28298289012574723,1.5386985563088909
3,video_raw,32,1.0,0.3451758028792913,0.33308766589228017,2.2265458021268203
3,video_raw,64,0.01,0.2654138981173865,0.25185858418941126,1.2351761397594958
3,video_raw,64,0.1,0.30440199335548174,0.29646753610239457,1.6371076199933825
3,video_raw,64,1.0,0.3305509413067553,0.3236210770457346,2.8368041892360565
3,video_trial_delta,16,0.01,0.2817829457364341,0.28100838176026144,1.1960260855222618
3,video_trial_delta,16,0.1,0.3017234219269103,0.30180175286107486,1.5135092707826836
3,video_trial_delta,16,1.0,0.3017372646733112,0.29404054993847967,1.9412545726747148
3,video_trial_delta,32,0.01,0.3014950166112957,0.2911655572336895,1.2334636436767656
3,video_trial_delta,32,0.1,0.31659053156146183,0.30926472247747094,1.615505967184568
3,video_trial_delta,32,1.0,0.3234496124031008,0.31861324239840866,2.519928935912121
3,video_trial_delta,64,0.01,0.25917774086378736,0.2543895599654875,1.2646336862182646
3,video_trial_delta,64,0.1,0.267171926910299,0.26408690817150826,1.717681174762627
3,video_trial_delta,64,1.0,0.26806478405315615,0.2615049998673775,3.0289389423297006
3,video_water_delta,16,0.01,0.3267511074197121,0.3257954867340194,1.1728137812864203
3,video_water_delta,16,0.1,0.344905869324474,0.344905869324474,1.51419236591996
3,video_water_delta,16,1.0,0.3630744739756368,0.3629487339663502,2.0628101271506964
3,video_water_delta,32,0.01,0.38481450719822813,0.3784418326803923,1.194916649386995
3,video_water_delta,32,0.1,0.3371677740863787,0.33600544820308076,1.5796511737275372
3,video_water_delta,32,1.0,0.38634413067552603,0.38205110569097084,2.3551389141720613
3,video_water_delta,64,0.01,0.38367940199335554,0.37795333187038255,1.2030344323797446
3,video_water_delta,64,0.1,0.3420265780730897,0.32855581173866194,1.6842086674853096
3,video_water_delta,64,1.0,0.3610741971207087,0.3507141308052173,3.1097658173474594
4,video_raw,16,0.01,0.38952915681639083,0.38656240843270545,1.087450033738714
4,video_raw,16,0.1,0.3987884160756501,0.3970894832037776,1.2376195719010186
4,video_raw,16,1.0,0.39169621749408984,0.39041146761734996,1.471342053405778
4,video_raw,32,0.01,0.3997980693459417,0.3983611517858093,1.1346403852918658
4,video_raw,32,0.1,0.3478624901497242,0.34784282919766496,1.4562156366195846
4,video_raw,32,1.0,0.3407702915681639,0.340497202832505,2.179498246974544
4,video_raw,64,0.01,0.40834318360914107,0.40851269066136126,1.18195742880293
4,video_raw,64,0.1,0.3526398739164696,0.35232439335887616,1.5700081168823048
4,video_raw,64,1.0,0.3689913317572892,0.36808341570246333,2.547691503943961
4,video_trial_delta,16,0.01,0.3976310086682427,0.3975073034811214,1.0773338213103376
4,video_trial_delta,16,0.1,0.4210746650906225,0.42244309443848543,1.2145912740047422
4,video_trial_delta,16,1.0,0.42223207249802996,0.4242896472910498,1.4699688391262324
4,video_trial_delta,32,0.01,0.39213947990543735,0.3917486022749181,1.131959061625229
4,video_trial_delta,32,0.1,0.3663810086682427,0.367672068827531,1.4247878718115081
4,video_trial_delta,32,1.0,0.28607663514578413,0.2861506572846779,2.127842740693523
4,video_trial_delta,64,0.01,0.3548069345941687,0.3541744641564988,1.1831725157402766
4,video_trial_delta,64,0.1,0.3280388100866824,0.3278201606202398,1.6037608870191653
4,video_trial_delta,64,1.0,0.30503841607565013,0.30337528684990506,2.868450558647659
4,video_water_delta,16,0.01,0.383594365642238,0.37683470673033465,1.129163125365949
4,video_water_delta,16,0.1,0.39834515366430256,0.38974358974358975,1.2945189311733674
4,video_water_delta,16,1.0,0.41151989755713164,0.4013377926421405,1.5503613952687545
4,video_water_delta,32,0.01,0.4079245468873129,0.40704456678274353,1.1076659211890356
4,video_water_delta,32,0.1,0.42109929078014185,0.4137892688351404,1.239405118882805
4,video_water_delta,32,1.0,0.40634850275807716,0.3918134303529841,1.7310097736230856
4,video_water_delta,64,0.01,0.3833234830575256,0.38276143790849676,1.1191768091266323
4,video_water_delta,64,0.1,0.43122044917257685,0.4304358260847004,1.321685413473149
4,video_water_delta,64,1.0,0.3947498029944838,0.39667671494743034,2.3924932702208563
5,video_raw,16,0.01,0.336353671903544,0.3339976870647868,1.1393481762208462
5,video_raw,16,0.1,0.36748264523200586,0.3649853061617767,1.3056846050944668
5,video_raw,16,1.0,0.3652052125197905,0.3631842138398719,1.6375122492674712
5,video_raw,32,0.01,0.29244915357447326,0.29215753035977754,1.1795844733205132
5,video_raw,32,0.1,0.3487151382292047,0.3437819011589503,1.45183610079656
5,video_raw,32,1.0,0.27567896723906954,0.27464387464387463,2.081674315971908
5,video_raw,64,0.01,0.36292777980757523,0.36036556036556044,1.2205046398731347
5,video_raw,64,0.1,0.3383509925709414,0.3383515829019104,1.578768982246831
5,video_raw,64,1.0,0.3016928510534649,0.3024614100959533,2.6954542088166495
5,video_trial_delta,16,0.01,0.3066739739374011,0.29585465864535637,1.1607321724819306
5,video_trial_delta,16,0.1,0.311362805991962,0.3078617632626519,1.3526653210463973
5,video_trial_delta,16,1.0,0.2785166240409207,0.27366346820756143,1.6558530709091706
5,video_trial_delta,32,0.01,0.2680185117525271,0.2621082621082621,1.1929884303039493
5,video_trial_delta,32,0.1,0.3284131043721837,0.3260349834537719,1.5223826194888859
5,video_trial_delta,32,1.0,0.3186091828035562,0.31608005521049004,2.2213286085271493
5,video_trial_delta,64,0.01,0.316051638046523,0.31389618800751107,1.2446911277092285
5,video_trial_delta,64,0.1,0.36976007794422117,0.36702741702741704,1.6642392996163144
5,video_trial_delta,64,1.0,0.33338204847156255,0.3329207191276157,2.672425728567856
5,video_water_delta,16,0.01,0.2678723663378395,0.2677878871427259,1.1782438872421461
5,video_water_delta,16,0.1,0.34303982462550237,0.34520558057134415,1.3795573345798546
5,video_water_delta,16,1.0,0.3630617464377055,0.36657756657756657,1.7209935941980554
5,video_water_delta,32,0.01,0.2641578370478626,0.2628266828002823,1.196961735441183
5,video_water_delta,32,0.1,0.3008159785653392,0.295607021413473,1.5050935957166611
5,video_water_delta,32,1.0,0.31191085129704055,0.31104892205638474,2.3258473778430027
5,video_water_delta,64,0.01,0.31289733284618193,0.30483539791060266,1.2518733905145878
5,video_water_delta,64,0.1,0.2718182925344051,0.25459781721695984,1.8646707002376182
5,video_water_delta,64,1.0,0.2909998782121544,0.26992373834047334,3.9124204435199466
