fold,experiment,rank_by_training_f_score,summary_feature_index,training_f_score,node,source_feature,statistic,feature_family
1,video_raw,1,899,5.984399318695068,eye_left_lower,velocity_area,absolute_std,absolute_motion
1,video_raw,2,968,4.679380893707275,nose_alar_left,velocity_aspect,absolute_quantile_90,absolute_motion
1,video_raw,3,537,4.661519527435303,nose_alar_left,velocity_aspect,quantile_90,temporal
1,video_raw,4,901,4.545743942260742,eye_left_lower,velocity_area,absolute_max,absolute_motion
1,video_raw,5,536,4.511487007141113,nose_alar_left,velocity_aspect,quantile_10,temporal
1,video_raw,6,50,4.197699546813965,brow_left_inner,velocity_aspect,quantile_10,temporal
1,video_raw,7,503,4.0412750244140625,nose_alar_left,cz,temporal_slope,temporal
1,video_raw,8,1017,4.040528297424316,lower_lip,velocity_aspect,absolute_max,absolute_motion
1,video_raw,9,531,3.8839633464813232,nose_alar_left,velocity_area,quantile_90,temporal
1,video_raw,10,502,3.762906074523926,nose_alar_left,cz,late_minus_early,temporal
1,video_raw,11,51,3.7002384662628174,brow_left_inner,velocity_aspect,quantile_90,temporal
1,video_raw,12,33,3.6750123500823975,brow_left_inner,velocity_x,quantile_90,temporal
1,video_raw,13,823,3.563722848892212,brow_left_inner,velocity_aspect,absolute_std,absolute_motion
1,video_raw,14,49,3.534219264984131,brow_left_inner,velocity_aspect,std,temporal
1,video_raw,15,900,3.3867733478546143,eye_left_lower,velocity_area,absolute_quantile_90,absolute_motion
1,video_raw,16,822,3.355642080307007,brow_left_inner,velocity_aspect,absolute_mean,absolute_motion
1,video_raw,17,152,3.21121883392334,brow_right_inner,velocity_area,quantile_10,temporal
1,video_raw,18,810,3.1763017177581787,brow_left_inner,velocity_x,absolute_mean,absolute_motion
1,video_raw,19,313,3.1708521842956543,eye_left_lower,velocity_area,std,temporal
1,video_raw,20,449,3.1630890369415283,nose_bridge,cz,temporal_slope,temporal
1,video_raw,21,579,3.1505849361419678,nose_alar_right,velocity_y,quantile_90,temporal
1,video_raw,22,964,3.129786968231201,nose_alar_left,velocity_area,absolute_quantile_90,absolute_motion
1,video_raw,23,496,3.0758209228515625,nose_alar_left,cy,late_minus_early,temporal
1,video_raw,24,31,3.059211492538452,brow_left_inner,velocity_x,std,temporal
1,video_raw,25,967,2.9529635906219482,nose_alar_left,velocity_aspect,absolute_std,absolute_motion
1,video_raw,26,568,2.952103853225708,nose_alar_right,aspect,late_minus_early,temporal
1,video_raw,27,535,2.9409806728363037,nose_alar_left,velocity_aspect,std,temporal
1,video_raw,28,824,2.9296436309814453,brow_left_inner,velocity_aspect,absolute_quantile_90,absolute_motion
1,video_raw,29,194,2.8968024253845215,brow_right_outer,velocity_x,quantile_10,temporal
1,video_raw,30,726,2.8921451568603516,lip_corners,aspect,mean,temporal
1,video_raw,31,728,2.8849282264709473,lip_corners,aspect,quantile_10,temporal
1,video_raw,32,87,2.8731935024261475,brow_left_outer,velocity_x,quantile_90,temporal
1,video_trial_delta,1,899,5.984399318695068,eye_left_lower,velocity_area,absolute_std,absolute_motion
1,video_trial_delta,2,968,4.679380893707275,nose_alar_left,velocity_aspect,absolute_quantile_90,absolute_motion
1,video_trial_delta,3,537,4.661519527435303,nose_alar_left,velocity_aspect,quantile_90,temporal
1,video_trial_delta,4,901,4.545743942260742,eye_left_lower,velocity_area,absolute_max,absolute_motion
1,video_trial_delta,5,536,4.511487007141113,nose_alar_left,velocity_aspect,quantile_10,temporal
1,video_trial_delta,6,69,4.261728286743164,brow_left_outer,cz,quantile_90,temporal
1,video_trial_delta,7,50,4.197699546813965,brow_left_inner,velocity_aspect,quantile_10,temporal
1,video_trial_delta,8,503,4.041273593902588,nose_alar_left,cz,temporal_slope,temporal
1,video_trial_delta,9,1017,4.040528297424316,lower_lip,velocity_aspect,absolute_max,absolute_motion
1,video_trial_delta,10,531,3.8839633464813232,nose_alar_left,velocity_area,quantile_90,temporal
1,video_trial_delta,11,502,3.7629051208496094,nose_alar_left,cz,late_minus_early,temporal
1,video_trial_delta,12,51,3.7002384662628174,brow_left_inner,velocity_aspect,quantile_90,temporal
1,video_trial_delta,13,33,3.6750123500823975,brow_left_inner,velocity_x,quantile_90,temporal
1,video_trial_delta,14,823,3.563722848892212,brow_left_inner,velocity_aspect,absolute_std,absolute_motion
1,video_trial_delta,15,15,3.555856704711914,brow_left_inner,cz,quantile_90,temporal
1,video_trial_delta,16,49,3.534219264984131,brow_left_inner,velocity_aspect,std,temporal
1,video_trial_delta,17,900,3.3867733478546143,eye_left_lower,velocity_area,absolute_quantile_90,absolute_motion
1,video_trial_delta,18,822,3.355642080307007,brow_left_inner,velocity_aspect,absolute_mean,absolute_motion
1,video_trial_delta,19,152,3.21121883392334,brow_right_inner,velocity_area,quantile_10,temporal
1,video_trial_delta,20,810,3.1763017177581787,brow_left_inner,velocity_x,absolute_mean,absolute_motion
1,video_trial_delta,21,313,3.1708521842956543,eye_left_lower,velocity_area,std,temporal
1,video_trial_delta,22,449,3.1630890369415283,nose_bridge,cz,temporal_slope,temporal
1,video_trial_delta,23,579,3.1505849361419678,nose_alar_right,velocity_y,quantile_90,temporal
1,video_trial_delta,24,964,3.129786968231201,nose_alar_left,velocity_area,absolute_quantile_90,absolute_motion
1,video_trial_delta,25,496,3.0758206844329834,nose_alar_left,cy,late_minus_early,temporal
1,video_trial_delta,26,31,3.059211492538452,brow_left_inner,velocity_x,std,temporal
1,video_trial_delta,27,704,3.044471263885498,lip_corners,cx,quantile_10,temporal
1,video_trial_delta,28,967,2.9529635906219482,nose_alar_left,velocity_aspect,absolute_std,absolute_motion
1,video_trial_delta,29,568,2.952104091644287,nose_alar_right,aspect,late_minus_early,temporal
1,video_trial_delta,30,535,2.9409806728363037,nose_alar_left,velocity_aspect,std,temporal
1,video_trial_delta,31,824,2.9296436309814453,brow_left_inner,velocity_aspect,absolute_quantile_90,absolute_motion
1,video_trial_delta,32,596,2.8968780040740967,upper_lip,cx,quantile_10,temporal
1,video_water_delta,1,289,3.7379140853881836,eye_left_lower,area,std,temporal
1,video_water_delta,2,484,3.571747064590454,nose_bridge,velocity_aspect,late_minus_early,temporal
1,video_water_delta,3,136,3.522895336151123,brow_right_inner,aspect,late_minus_early,temporal
1,video_water_delta,4,137,3.493659257888794,brow_right_inner,aspect,temporal_slope,temporal
1,video_water_delta,5,485,3.4309494495391846,nose_bridge,velocity_aspect,temporal_slope,temporal
1,video_water_delta,6,536,3.4268994331359863,nose_alar_left,velocity_aspect,quantile_10,temporal
1,video_water_delta,7,38,3.4058830738067627,brow_left_inner,velocity_y,quantile_10,temporal
1,video_water_delta,8,291,3.401341676712036,eye_left_lower,area,quantile_90,temporal
1,video_water_delta,9,508,3.098731279373169,nose_alar_left,area,late_minus_early,temporal
1,video_water_delta,10,901,3.0908379554748535,eye_left_lower,velocity_area,absolute_max,absolute_motion
1,video_water_delta,11,509,2.896071434020996,nose_alar_left,area,temporal_slope,temporal
1,video_water_delta,12,524,2.8794775009155273,nose_alar_left,velocity_y,quantile_10,temporal
1,video_water_delta,13,169,2.869671583175659,brow_right_outer,cy,std,temporal
1,video_water_delta,14,958,2.8413243293762207,nose_alar_left,velocity_y,absolute_mean,absolute_motion
1,video_water_delta,15,528,2.83813738822937,nose_alar_left,velocity_area,mean,temporal
1,video_water_delta,16,981,2.812183141708374,nose_alar_right,velocity_area,absolute_max,absolute_motion
1,video_water_delta,17,824,2.8012893199920654,brow_left_inner,velocity_aspect,absolute_quantile_90,absolute_motion
1,video_water_delta,18,966,2.7460830211639404,nose_alar_left,velocity_aspect,absolute_mean,absolute_motion
1,video_water_delta,19,33,2.7024855613708496,brow_left_inner,velocity_x,quantile_90,temporal
1,video_water_delta,20,525,2.6484627723693848,nose_alar_left,velocity_y,quantile_90,temporal
1,video_water_delta,21,523,2.6322317123413086,nose_alar_left,velocity_y,std,temporal
1,video_water_delta,22,584,2.5137722492218018,nose_alar_right,velocity_area,quantile_10,temporal
1,video_water_delta,23,978,2.5052149295806885,nose_alar_right,velocity_area,absolute_mean,absolute_motion
1,video_water_delta,24,583,2.4660723209381104,nose_alar_right,velocity_area,std,temporal
1,video_water_delta,25,31,2.4511091709136963,brow_left_inner,velocity_x,std,temporal
1,video_water_delta,26,351,2.4387025833129883,eye_right_upper,aspect,quantile_90,temporal
1,video_water_delta,27,439,2.4312856197357178,nose_bridge,cy,std,temporal
1,video_water_delta,28,810,2.3998827934265137,brow_left_inner,velocity_x,absolute_mean,absolute_motion
1,video_water_delta,29,116,2.391611099243164,brow_right_inner,cy,quantile_10,temporal
1,video_water_delta,30,514,2.3860244750976562,nose_alar_left,aspect,late_minus_early,temporal
1,video_water_delta,31,769,2.3817923069000244,chin_center,cz,std,temporal
1,video_water_delta,32,982,2.380134344100952,nose_alar_right,velocity_aspect,absolute_mean,absolute_motion
2,video_raw,1,726,4.746683120727539,lip_corners,aspect,mean,temporal
2,video_raw,2,728,4.429895877838135,lip_corners,aspect,quantile_10,temporal
2,video_raw,3,729,4.206383228302002,lip_corners,aspect,quantile_90,temporal
2,video_raw,4,537,3.8968124389648438,nose_alar_left,velocity_aspect,quantile_90,temporal
2,video_raw,5,899,3.5346603393554688,eye_left_lower,velocity_area,absolute_std,absolute_motion
2,video_raw,6,617,3.384126663208008,upper_lip,area,temporal_slope,temporal
2,video_raw,7,503,3.3458285331726074,nose_alar_left,cz,temporal_slope,temporal
2,video_raw,8,616,3.3271400928497314,upper_lip,area,late_minus_early,temporal
2,video_raw,9,536,3.2793068885803223,nose_alar_left,velocity_aspect,quantile_10,temporal
2,video_raw,10,968,3.246908187866211,nose_alar_left,velocity_aspect,absolute_quantile_90,absolute_motion
2,video_raw,11,909,3.223240852355957,eye_right_upper,velocity_x,absolute_max,absolute_motion
2,video_raw,12,502,3.033193349838257,nose_alar_left,cz,late_minus_early,temporal
2,video_raw,13,136,2.9878644943237305,brow_right_inner,aspect,late_minus_early,temporal
2,video_raw,14,869,2.983103036880493,brow_right_outer,velocity_area,absolute_max,absolute_motion
2,video_raw,15,499,2.9752957820892334,nose_alar_left,cz,std,temporal
2,video_raw,16,773,2.88541841506958,chin_center,cz,temporal_slope,temporal
2,video_raw,17,611,2.760464668273926,upper_lip,cz,temporal_slope,temporal
2,video_raw,18,217,2.729919195175171,eye_left_upper,cx,std,temporal
2,video_raw,19,356,2.718937873840332,eye_right_upper,velocity_x,quantile_10,temporal
2,video_raw,20,142,2.658541679382324,brow_right_inner,velocity_x,late_minus_early,temporal
2,video_raw,21,772,2.642367362976074,chin_center,cz,late_minus_early,temporal
2,video_raw,22,665,2.6323273181915283,lower_lip,cz,temporal_slope,temporal
2,video_raw,23,137,2.611192226409912,brow_right_inner,aspect,temporal_slope,temporal
2,video_raw,24,445,2.579782724380493,nose_bridge,cz,std,temporal
2,video_raw,25,610,2.5482547283172607,upper_lip,cz,late_minus_early,temporal
2,video_raw,26,719,2.5289599895477295,lip_corners,cz,temporal_slope,temporal
2,video_raw,27,449,2.47672963142395,nose_bridge,cz,temporal_slope,temporal
2,video_raw,28,303,2.4748895168304443,eye_left_lower,velocity_x,quantile_90,temporal
2,video_raw,29,411,2.468515157699585,eye_right_lower,velocity_x,quantile_90,temporal
2,video_raw,30,664,2.465078830718994,lower_lip,cz,late_minus_early,temporal
2,video_raw,31,143,2.4643020629882812,brow_right_inner,velocity_x,temporal_slope,temporal
2,video_raw,32,907,2.4556314945220947,eye_right_upper,velocity_x,absolute_std,absolute_motion
2,video_trial_delta,1,537,3.8968124389648438,nose_alar_left,velocity_aspect,quantile_90,temporal
2,video_trial_delta,2,621,3.621551990509033,upper_lip,aspect,quantile_90,temporal
2,video_trial_delta,3,326,3.5351085662841797,eye_right_upper,cx,quantile_10,temporal
2,video_trial_delta,4,899,3.5346603393554688,eye_left_lower,velocity_area,absolute_std,absolute_motion
2,video_trial_delta,5,381,3.399991750717163,eye_right_lower,cx,quantile_90,temporal
2,video_trial_delta,6,614,3.395092010498047,upper_lip,area,quantile_10,temporal
2,video_trial_delta,7,617,3.384127140045166,upper_lip,area,temporal_slope,temporal
2,video_trial_delta,8,503,3.345828056335449,nose_alar_left,cz,temporal_slope,temporal
2,video_trial_delta,9,616,3.3271405696868896,upper_lip,area,late_minus_early,temporal
2,video_trial_delta,10,612,3.284339427947998,upper_lip,area,mean,temporal
2,video_trial_delta,11,536,3.2793068885803223,nose_alar_left,velocity_aspect,quantile_10,temporal
2,video_trial_delta,12,968,3.246908187866211,nose_alar_left,velocity_aspect,absolute_quantile_90,absolute_motion
2,video_trial_delta,13,909,3.223240852355957,eye_right_upper,velocity_x,absolute_max,absolute_motion
2,video_trial_delta,14,501,3.0923702716827393,nose_alar_left,cz,quantile_90,temporal
2,video_trial_delta,15,502,3.0331928730010986,nose_alar_left,cz,late_minus_early,temporal
2,video_trial_delta,16,136,2.9878640174865723,brow_right_inner,aspect,late_minus_early,temporal
2,video_trial_delta,17,869,2.983103036880493,brow_right_outer,velocity_area,absolute_max,absolute_motion
2,video_trial_delta,18,499,2.975295305252075,nose_alar_left,cz,std,temporal
2,video_trial_delta,19,773,2.885418176651001,chin_center,cz,temporal_slope,temporal
2,video_trial_delta,20,611,2.7604641914367676,upper_lip,cz,temporal_slope,temporal
2,video_trial_delta,21,704,2.74932599067688,lip_corners,cx,quantile_10,temporal
2,video_trial_delta,22,217,2.729919195175171,eye_left_upper,cx,std,temporal
2,video_trial_delta,23,356,2.718937873840332,eye_right_upper,velocity_x,quantile_10,temporal
2,video_trial_delta,24,771,2.6844165325164795,chin_center,cz,quantile_90,temporal
2,video_trial_delta,25,142,2.658541679382324,brow_right_inner,velocity_x,late_minus_early,temporal
2,video_trial_delta,26,758,2.649731159210205,chin_center,cx,quantile_10,temporal
2,video_trial_delta,27,772,2.642367362976074,chin_center,cz,late_minus_early,temporal
2,video_trial_delta,28,665,2.632327079772949,lower_lip,cz,temporal_slope,temporal
2,video_trial_delta,29,137,2.611192464828491,brow_right_inner,aspect,temporal_slope,temporal
2,video_trial_delta,30,498,2.610464096069336,nose_alar_left,cz,mean,temporal
2,video_trial_delta,31,702,2.6035287380218506,lip_corners,cx,mean,temporal
2,video_trial_delta,32,445,2.579782009124756,nose_bridge,cz,std,temporal
2,video_water_delta,1,289,4.028866291046143,eye_left_lower,area,std,temporal
2,video_water_delta,2,136,3.200965642929077,brow_right_inner,aspect,late_minus_early,temporal
2,video_water_delta,3,137,3.1561694145202637,brow_right_inner,aspect,temporal_slope,temporal
2,video_water_delta,4,901,3.0943193435668945,eye_left_lower,velocity_area,absolute_max,absolute_motion
2,video_water_delta,5,154,3.0722296237945557,brow_right_inner,velocity_area,late_minus_early,temporal
2,video_water_delta,6,155,2.8370320796966553,brow_right_inner,velocity_area,temporal_slope,temporal
2,video_water_delta,7,218,2.8021907806396484,eye_left_upper,cx,quantile_10,temporal
2,video_water_delta,8,8,2.645643949508667,brow_left_inner,cy,quantile_10,temporal
2,video_water_delta,9,652,2.64194655418396,lower_lip,cx,late_minus_early,temporal
2,video_water_delta,10,287,2.5980403423309326,eye_left_lower,cz,temporal_slope,temporal
2,video_water_delta,11,221,2.568528175354004,eye_left_upper,cx,temporal_slope,temporal
2,video_water_delta,12,881,2.485248327255249,eye_left_upper,velocity_y,absolute_max,absolute_motion
2,video_water_delta,13,508,2.468366861343384,nose_alar_left,area,late_minus_early,temporal
2,video_water_delta,14,857,2.460594892501831,brow_right_inner,velocity_aspect,absolute_max,absolute_motion
2,video_water_delta,15,202,2.4512248039245605,brow_right_outer,velocity_y,late_minus_early,temporal
2,video_water_delta,16,17,2.450188159942627,brow_left_inner,cz,temporal_slope,temporal
3,video_raw,1,899,4.04461669921875,eye_left_lower,velocity_area,absolute_std,absolute_motion
3,video_raw,2,967,3.5602495670318604,nose_alar_left,velocity_aspect,absolute_std,absolute_motion
3,video_raw,3,143,3.401047468185425,brow_right_inner,velocity_x,temporal_slope,temporal
3,video_raw,4,873,3.3432559967041016,brow_right_outer,velocity_aspect,absolute_max,absolute_motion
3,video_raw,5,969,3.341252088546753,nose_alar_left,velocity_aspect,absolute_max,absolute_motion
3,video_raw,6,888,3.3146755695343018,eye_left_upper,velocity_aspect,absolute_quantile_90,absolute_motion
3,video_raw,7,851,3.157352924346924,brow_right_inner,velocity_area,absolute_std,absolute_motion
3,video_raw,8,152,3.1011760234832764,brow_right_inner,velocity_area,quantile_10,temporal
3,video_raw,9,901,3.0944175720214844,eye_left_lower,velocity_area,absolute_max,absolute_motion
3,video_raw,10,151,3.0534932613372803,brow_right_inner,velocity_area,std,temporal
3,video_raw,11,13,3.051762819290161,brow_left_inner,cz,std,temporal
3,video_raw,12,900,3.023195743560791,eye_left_lower,velocity_area,absolute_quantile_90,absolute_motion
3,video_raw,13,123,3.00359845161438,brow_right_inner,cz,quantile_90,temporal
3,video_raw,14,887,2.9844353199005127,eye_left_upper,velocity_aspect,absolute_std,absolute_motion
3,video_raw,15,153,2.8967411518096924,brow_right_inner,velocity_area,quantile_90,temporal
3,video_raw,16,218,2.809291124343872,eye_left_upper,cx,quantile_10,temporal
3,video_raw,17,963,2.7346534729003906,nose_alar_left,velocity_area,absolute_std,absolute_motion
3,video_raw,18,579,2.7182726860046387,nose_alar_right,velocity_y,quantile_90,temporal
3,video_raw,19,339,2.713169574737549,eye_right_upper,cz,quantile_90,temporal
3,video_raw,20,535,2.7129180431365967,nose_alar_left,velocity_aspect,std,temporal
3,video_raw,21,177,2.7125279903411865,brow_right_outer,cz,quantile_90,temporal
3,video_raw,22,871,2.6880366802215576,brow_right_outer,velocity_aspect,absolute_std,absolute_motion
3,video_raw,23,303,2.6765239238739014,eye_left_lower,velocity_x,quantile_90,temporal
3,video_raw,24,434,2.6742117404937744,nose_bridge,cx,quantile_10,temporal
3,video_raw,25,537,2.6120808124542236,nose_alar_left,velocity_aspect,quantile_90,temporal
3,video_raw,26,968,2.5788307189941406,nose_alar_left,velocity_aspect,absolute_quantile_90,absolute_motion
3,video_raw,27,542,2.565652847290039,nose_alar_right,cx,quantile_10,temporal
3,video_raw,28,499,2.541825771331787,nose_alar_left,cz,std,temporal
3,video_raw,29,230,2.533147096633911,eye_left_upper,cz,quantile_10,temporal
3,video_raw,30,850,2.515761137008667,brow_right_inner,velocity_area,absolute_mean,absolute_motion
3,video_raw,31,265,2.5095880031585693,eye_left_upper,velocity_aspect,std,temporal
3,video_raw,32,825,2.5015528202056885,brow_left_inner,velocity_aspect,absolute_max,absolute_motion
3,video_trial_delta,1,899,4.04461669921875,eye_left_lower,velocity_area,absolute_std,absolute_motion
3,video_trial_delta,2,967,3.5602495670318604,nose_alar_left,velocity_aspect,absolute_std,absolute_motion
3,video_trial_delta,3,143,3.401047468185425,brow_right_inner,velocity_x,temporal_slope,temporal
3,video_trial_delta,4,873,3.3432559967041016,brow_right_outer,velocity_aspect,absolute_max,absolute_motion
3,video_trial_delta,5,969,3.341252088546753,nose_alar_left,velocity_aspect,absolute_max,absolute_motion
3,video_trial_delta,6,888,3.3146755695343018,eye_left_upper,velocity_aspect,absolute_quantile_90,absolute_motion
3,video_trial_delta,7,851,3.157352924346924,brow_right_inner,velocity_area,absolute_std,absolute_motion
3,video_trial_delta,8,152,3.1011760234832764,brow_right_inner,velocity_area,quantile_10,temporal
3,video_trial_delta,9,901,3.0944175720214844,eye_left_lower,velocity_area,absolute_max,absolute_motion
3,video_trial_delta,10,151,3.0534932613372803,brow_right_inner,velocity_area,std,temporal
3,video_trial_delta,11,13,3.051762819290161,brow_left_inner,cz,std,temporal
3,video_trial_delta,12,900,3.023195743560791,eye_left_lower,velocity_area,absolute_quantile_90,absolute_motion
3,video_trial_delta,13,887,2.9844353199005127,eye_left_upper,velocity_aspect,absolute_std,absolute_motion
3,video_trial_delta,14,153,2.8967411518096924,brow_right_inner,velocity_area,quantile_90,temporal
3,video_trial_delta,15,963,2.7346534729003906,nose_alar_left,velocity_area,absolute_std,absolute_motion
3,video_trial_delta,16,579,2.7182726860046387,nose_alar_right,velocity_y,quantile_90,temporal
3,video_trial_delta,17,535,2.7129180431365967,nose_alar_left,velocity_aspect,std,temporal
3,video_trial_delta,18,871,2.6880366802215576,brow_right_outer,velocity_aspect,absolute_std,absolute_motion
3,video_trial_delta,19,303,2.6765239238739014,eye_left_lower,velocity_x,quantile_90,temporal
3,video_trial_delta,20,537,2.6120808124542236,nose_alar_left,velocity_aspect,quantile_90,temporal
3,video_trial_delta,21,968,2.5788307189941406,nose_alar_left,velocity_aspect,absolute_quantile_90,absolute_motion
3,video_trial_delta,22,499,2.541825532913208,nose_alar_left,cz,std,temporal
3,video_trial_delta,23,850,2.515761137008667,brow_right_inner,velocity_area,absolute_mean,absolute_motion
3,video_trial_delta,24,265,2.5095880031585693,eye_left_upper,velocity_aspect,std,temporal
3,video_trial_delta,25,825,2.5015528202056885,brow_left_inner,velocity_aspect,absolute_max,absolute_motion
3,video_trial_delta,26,212,2.4615530967712402,brow_right_outer,velocity_aspect,quantile_10,temporal
3,video_trial_delta,27,852,2.4475626945495605,brow_right_inner,velocity_area,absolute_quantile_90,absolute_motion
3,video_trial_delta,28,529,2.4366679191589355,nose_alar_left,velocity_area,std,temporal
3,video_trial_delta,29,211,2.4176132678985596,brow_right_outer,velocity_aspect,std,temporal
3,video_trial_delta,30,137,2.3727316856384277,brow_right_inner,aspect,temporal_slope,temporal
3,video_trial_delta,31,857,2.3698251247406006,brow_right_inner,velocity_aspect,absolute_max,absolute_motion
3,video_trial_delta,32,339,2.3215084075927734,eye_right_upper,cz,quantile_90,temporal
3,video_water_delta,1,536,4.624995708465576,nose_alar_left,velocity_aspect,quantile_10,temporal
3,video_water_delta,2,289,4.575527667999268,eye_left_lower,area,std,temporal
3,video_water_delta,3,58,4.133080959320068,brow_left_outer,cx,late_minus_early,temporal
3,video_water_delta,4,508,4.05546236038208,nose_alar_left,area,late_minus_early,temporal
3,video_water_delta,5,509,3.9916493892669678,nose_alar_left,area,temporal_slope,temporal
3,video_water_delta,6,170,3.8354907035827637,brow_right_outer,cy,quantile_10,temporal
3,video_water_delta,7,511,3.6784098148345947,nose_alar_left,aspect,std,temporal
3,video_water_delta,8,59,3.656353235244751,brow_left_outer,cx,temporal_slope,temporal
3,video_water_delta,9,16,3.5471928119659424,brow_left_inner,cz,late_minus_early,temporal
3,video_water_delta,10,512,3.444225549697876,nose_alar_left,aspect,quantile_10,temporal
3,video_water_delta,11,17,3.4197871685028076,brow_left_inner,cz,temporal_slope,temporal
3,video_water_delta,12,544,3.386157989501953,nose_alar_right,cx,late_minus_early,temporal
3,video_water_delta,13,490,3.1804962158203125,nose_alar_left,cx,late_minus_early,temporal
3,video_water_delta,14,531,3.1660377979278564,nose_alar_left,velocity_area,quantile_90,temporal
3,video_water_delta,15,523,3.13191819190979,nose_alar_left,velocity_y,std,temporal
3,video_water_delta,16,545,3.0679752826690674,nose_alar_right,cx,temporal_slope,temporal
3,video_water_delta,17,959,3.047206163406372,nose_alar_left,velocity_y,absolute_std,absolute_motion
3,video_water_delta,18,38,3.0424249172210693,brow_left_inner,velocity_y,quantile_10,temporal
3,video_water_delta,19,154,2.9895036220550537,brow_right_inner,velocity_area,late_minus_early,temporal
3,video_water_delta,20,816,2.9417996406555176,brow_left_inner,velocity_y,absolute_quantile_90,absolute_motion
3,video_water_delta,21,958,2.873838424682617,nose_alar_left,velocity_y,absolute_mean,absolute_motion
3,video_water_delta,22,491,2.8658361434936523,nose_alar_left,cx,temporal_slope,temporal
3,video_water_delta,23,39,2.8492889404296875,brow_left_inner,velocity_y,quantile_90,temporal
3,video_water_delta,24,901,2.8489577770233154,eye_left_lower,velocity_area,absolute_max,absolute_motion
3,video_water_delta,25,796,2.840256690979004,chin_center,velocity_y,late_minus_early,temporal
3,video_water_delta,26,514,2.8306334018707275,nose_alar_left,aspect,late_minus_early,temporal
3,video_water_delta,27,963,2.8219292163848877,nose_alar_left,velocity_area,absolute_std,absolute_motion
3,video_water_delta,28,968,2.8122825622558594,nose_alar_left,velocity_aspect,absolute_quantile_90,absolute_motion
3,video_water_delta,29,537,2.782017707824707,nose_alar_left,velocity_aspect,quantile_90,temporal
3,video_water_delta,30,857,2.7728259563446045,brow_right_inner,velocity_aspect,absolute_max,absolute_motion
3,video_water_delta,31,598,2.753814458847046,upper_lip,cx,late_minus_early,temporal
3,video_water_delta,32,814,2.7221295833587646,brow_left_inner,velocity_y,absolute_mean,absolute_motion
4,video_raw,1,899,7.5404462814331055,eye_left_lower,velocity_area,absolute_std,absolute_motion
4,video_raw,2,901,6.491880416870117,eye_left_lower,velocity_area,absolute_max,absolute_motion
4,video_raw,3,726,5.209268569946289,lip_corners,aspect,mean,temporal
4,video_raw,4,728,4.982219219207764,lip_corners,aspect,quantile_10,temporal
4,video_raw,5,499,4.808324813842773,nose_alar_left,cz,std,temporal
4,video_raw,6,729,4.783534526824951,lip_corners,aspect,quantile_90,temporal
4,video_raw,7,313,4.7759690284729,eye_left_lower,velocity_area,std,temporal
4,video_raw,8,900,4.763493061065674,eye_left_lower,velocity_area,absolute_quantile_90,absolute_motion
4,video_raw,9,616,4.563418865203857,upper_lip,area,late_minus_early,temporal
4,video_raw,10,617,4.5303544998168945,upper_lip,area,temporal_slope,temporal
4,video_raw,11,13,4.47382926940918,brow_left_inner,cz,std,temporal
4,video_raw,12,503,4.366428375244141,nose_alar_left,cz,temporal_slope,temporal
4,video_raw,13,502,4.057433128356934,nose_alar_left,cz,late_minus_early,temporal
4,video_raw,14,537,3.975403070449829,nose_alar_left,velocity_aspect,quantile_90,temporal
4,video_raw,15,445,3.7573180198669434,nose_bridge,cz,std,temporal
4,video_raw,16,449,3.6907460689544678,nose_bridge,cz,temporal_slope,temporal
4,video_raw,17,289,3.5316216945648193,eye_left_lower,area,std,temporal
4,video_raw,18,611,3.467442035675049,upper_lip,cz,temporal_slope,temporal
4,video_raw,19,665,3.4121363162994385,lower_lip,cz,temporal_slope,temporal
4,video_raw,20,50,3.3777706623077393,brow_left_inner,velocity_aspect,quantile_10,temporal
4,video_raw,21,661,3.3417627811431885,lower_lip,cz,std,temporal
4,video_raw,22,769,3.306241750717163,chin_center,cz,std,temporal
4,video_raw,23,719,3.3002517223358154,lip_corners,cz,temporal_slope,temporal
4,video_raw,24,610,3.299633741378784,upper_lip,cz,late_minus_early,temporal
4,video_raw,25,773,3.2664554119110107,chin_center,cz,temporal_slope,temporal
4,video_raw,26,448,3.2433056831359863,nose_bridge,cz,late_minus_early,temporal
4,video_raw,27,968,3.232034921646118,nose_alar_left,velocity_aspect,absolute_quantile_90,absolute_motion
4,video_raw,28,607,3.2273712158203125,upper_lip,cz,std,temporal
4,video_raw,29,715,3.2267563343048096,lip_corners,cz,std,temporal
4,video_raw,30,664,3.2233569622039795,lower_lip,cz,late_minus_early,temporal
4,video_raw,31,718,3.157292366027832,lip_corners,cz,late_minus_early,temporal
4,video_raw,32,772,3.0572261810302734,chin_center,cz,late_minus_early,temporal
4,video_raw,33,17,2.9780869483947754,brow_left_inner,cz,temporal_slope,temporal
4,video_raw,34,557,2.8850717544555664,nose_alar_right,cz,temporal_slope,temporal
4,video_raw,35,780,2.8809823989868164,chin_center,aspect,mean,temporal
4,video_raw,36,38,2.8708980083465576,brow_left_inner,velocity_y,quantile_10,temporal
4,video_raw,37,1017,2.861541509628296,lower_lip,velocity_aspect,absolute_max,absolute_motion
4,video_raw,38,87,2.85347843170166,brow_left_outer,velocity_x,quantile_90,temporal
4,video_raw,39,935,2.817676305770874,eye_right_lower,velocity_aspect,absolute_std,absolute_motion
4,video_raw,40,67,2.7785189151763916,brow_left_outer,cz,std,temporal
4,video_raw,41,16,2.702239751815796,brow_left_inner,cz,late_minus_early,temporal
4,video_raw,42,49,2.678553581237793,brow_left_inner,velocity_aspect,std,temporal
4,video_raw,43,356,2.6763205528259277,eye_right_upper,velocity_x,quantile_10,temporal
4,video_raw,44,536,2.6142661571502686,nose_alar_left,velocity_aspect,quantile_10,temporal
4,video_raw,45,782,2.6041648387908936,chin_center,aspect,quantile_10,temporal
4,video_raw,46,556,2.590643882751465,nose_alar_right,cz,late_minus_early,temporal
4,video_raw,47,822,2.5855984687805176,brow_left_inner,velocity_aspect,absolute_mean,absolute_motion
4,video_raw,48,32,2.5785183906555176,brow_left_inner,velocity_x,quantile_10,temporal
4,video_raw,49,892,2.5656063556671143,eye_left_lower,velocity_x,absolute_quantile_90,absolute_motion
4,video_raw,50,823,2.5370712280273438,brow_left_inner,velocity_aspect,absolute_std,absolute_motion
4,video_raw,51,217,2.5336153507232666,eye_left_upper,cx,std,temporal
4,video_raw,52,636,2.5277490615844727,upper_lip,velocity_area,mean,temporal
4,video_raw,53,372,2.5217809677124023,eye_right_upper,velocity_aspect,mean,temporal
4,video_raw,54,622,2.5212244987487793,upper_lip,aspect,late_minus_early,temporal
4,video_raw,55,810,2.4998016357421875,brow_left_inner,velocity_x,absolute_mean,absolute_motion
4,video_raw,56,898,2.4885950088500977,eye_left_lower,velocity_area,absolute_mean,absolute_motion
4,video_raw,57,143,2.4784910678863525,brow_right_inner,velocity_x,temporal_slope,temporal
4,video_raw,58,553,2.471414566040039,nose_alar_right,cz,std,temporal
4,video_raw,59,402,2.4667696952819824,eye_right_lower,aspect,mean,temporal
4,video_raw,60,303,2.461519479751587,eye_left_lower,velocity_x,quantile_90,temporal
4,video_raw,61,404,2.4452528953552246,eye_right_lower,aspect,quantile_10,temporal
4,video_raw,62,33,2.440276861190796,brow_left_inner,velocity_x,quantile_90,temporal
4,video_raw,63,967,2.439681053161621,nose_alar_left,velocity_aspect,absolute_std,absolute_motion
4,video_raw,64,826,2.4375922679901123,brow_left_outer,velocity_x,absolute_mean,absolute_motion
4,video_trial_delta,1,899,7.5404462814331055,eye_left_lower,velocity_area,absolute_std,absolute_motion
4,video_trial_delta,2,901,6.491880416870117,eye_left_lower,velocity_area,absolute_max,absolute_motion
4,video_trial_delta,3,499,4.808325290679932,nose_alar_left,cz,std,temporal
4,video_trial_delta,4,313,4.7759690284729,eye_left_lower,velocity_area,std,temporal
4,video_trial_delta,5,900,4.763493061065674,eye_left_lower,velocity_area,absolute_quantile_90,absolute_motion
4,video_trial_delta,6,616,4.563418865203857,upper_lip,area,late_minus_early,temporal
4,video_trial_delta,7,617,4.530354976654053,upper_lip,area,temporal_slope,temporal
4,video_trial_delta,8,13,4.47382926940918,brow_left_inner,cz,std,temporal
4,video_trial_delta,9,503,4.366427898406982,nose_alar_left,cz,temporal_slope,temporal
4,video_trial_delta,10,612,4.162618160247803,upper_lip,area,mean,temporal
4,video_trial_delta,11,502,4.057433605194092,nose_alar_left,cz,late_minus_early,temporal
4,video_trial_delta,12,537,3.975403070449829,nose_alar_left,velocity_aspect,quantile_90,temporal
4,video_trial_delta,13,501,3.969139337539673,nose_alar_left,cz,quantile_90,temporal
4,video_trial_delta,14,445,3.7573182582855225,nose_bridge,cz,std,temporal
4,video_trial_delta,15,449,3.6907460689544678,nose_bridge,cz,temporal_slope,temporal
4,video_trial_delta,16,289,3.531622886657715,eye_left_lower,area,std,temporal
4,video_water_delta,1,508,5.9518022537231445,nose_alar_left,area,late_minus_early,temporal
4,video_water_delta,2,901,5.850907325744629,eye_left_lower,velocity_area,absolute_max,absolute_motion
4,video_water_delta,3,509,5.801261901855469,nose_alar_left,area,temporal_slope,temporal
4,video_water_delta,4,544,5.196568489074707,nose_alar_right,cx,late_minus_early,temporal
4,video_water_delta,5,490,4.989039421081543,nose_alar_left,cx,late_minus_early,temporal
4,video_water_delta,6,545,4.760584831237793,nose_alar_right,cx,temporal_slope,temporal
4,video_water_delta,7,690,4.712133407592773,lower_lip,velocity_area,mean,temporal
4,video_water_delta,8,289,4.649756908416748,eye_left_lower,area,std,temporal
4,video_water_delta,9,17,4.438592433929443,brow_left_inner,cz,temporal_slope,temporal
4,video_water_delta,10,58,4.436977863311768,brow_left_outer,cx,late_minus_early,temporal
4,video_water_delta,11,491,4.398523807525635,nose_alar_left,cx,temporal_slope,temporal
4,video_water_delta,12,436,4.304934024810791,nose_bridge,cx,late_minus_early,temporal
4,video_water_delta,13,699,4.2184977531433105,lower_lip,velocity_aspect,quantile_90,temporal
4,video_water_delta,14,59,4.198718547821045,brow_left_outer,cx,temporal_slope,temporal
4,video_water_delta,15,437,4.086727619171143,nose_bridge,cx,temporal_slope,temporal
4,video_water_delta,16,16,4.053097724914551,brow_left_inner,cz,late_minus_early,temporal
4,video_water_delta,17,514,4.003500461578369,nose_alar_left,aspect,late_minus_early,temporal
4,video_water_delta,18,652,3.8814594745635986,lower_lip,cx,late_minus_early,temporal
4,video_water_delta,19,598,3.8168742656707764,upper_lip,cx,late_minus_early,temporal
4,video_water_delta,20,706,3.8049943447113037,lip_corners,cx,late_minus_early,temporal
4,video_water_delta,21,233,3.7873752117156982,eye_left_upper,cz,temporal_slope,temporal
4,video_water_delta,22,232,3.652562379837036,eye_left_upper,cz,late_minus_early,temporal
4,video_water_delta,23,395,3.648935556411743,eye_right_lower,cz,temporal_slope,temporal
4,video_water_delta,24,154,3.6479129791259766,brow_right_inner,velocity_area,late_minus_early,temporal
4,video_water_delta,25,515,3.6336450576782227,nose_alar_left,aspect,temporal_slope,temporal
4,video_water_delta,26,155,3.6196699142456055,brow_right_inner,velocity_area,temporal_slope,temporal
4,video_water_delta,27,71,3.582361936569214,brow_left_outer,cz,temporal_slope,temporal
4,video_water_delta,28,899,3.514409303665161,eye_left_lower,velocity_area,absolute_std,absolute_motion
4,video_water_delta,29,38,3.480160713195801,brow_left_inner,velocity_y,quantile_10,temporal
4,video_water_delta,30,394,3.464326858520508,eye_right_lower,cz,late_minus_early,temporal
4,video_water_delta,31,196,3.4115474224090576,brow_right_outer,velocity_x,late_minus_early,temporal
4,video_water_delta,32,341,3.4015138149261475,eye_right_upper,cz,temporal_slope,temporal
4,video_water_delta,33,340,3.3926453590393066,eye_right_upper,cz,late_minus_early,temporal
4,video_water_delta,34,816,3.376962900161743,brow_left_inner,velocity_y,absolute_quantile_90,absolute_motion
4,video_water_delta,35,1016,3.369096279144287,lower_lip,velocity_aspect,absolute_quantile_90,absolute_motion
4,video_water_delta,36,814,3.3569252490997314,brow_left_inner,velocity_y,absolute_mean,absolute_motion
4,video_water_delta,37,562,3.329294204711914,nose_alar_right,area,late_minus_early,temporal
4,video_water_delta,38,760,3.2927393913269043,chin_center,cx,late_minus_early,temporal
4,video_water_delta,39,191,3.2619454860687256,brow_right_outer,aspect,temporal_slope,temporal
4,video_water_delta,40,137,3.249810218811035,brow_right_inner,aspect,temporal_slope,temporal
4,video_water_delta,41,653,3.247804880142212,lower_lip,cx,temporal_slope,temporal
4,video_water_delta,42,563,3.2403271198272705,nose_alar_right,area,temporal_slope,temporal
4,video_water_delta,43,287,3.2148101329803467,eye_left_lower,cz,temporal_slope,temporal
4,video_water_delta,44,599,3.1971452236175537,upper_lip,cx,temporal_slope,temporal
4,video_water_delta,45,190,3.1806564331054688,brow_right_outer,aspect,late_minus_early,temporal
4,video_water_delta,46,568,3.163130760192871,nose_alar_right,aspect,late_minus_early,temporal
4,video_water_delta,47,37,3.1512556076049805,brow_left_inner,velocity_y,std,temporal
4,video_water_delta,48,83,3.1284725666046143,brow_left_outer,aspect,temporal_slope,temporal
4,video_water_delta,49,82,3.115328550338745,brow_left_outer,aspect,late_minus_early,temporal
4,video_water_delta,50,286,3.114644765853882,eye_left_lower,cz,late_minus_early,temporal
4,video_water_delta,51,707,3.0728819370269775,lip_corners,cx,temporal_slope,temporal
4,video_water_delta,52,569,3.0624308586120605,nose_alar_right,aspect,temporal_slope,temporal
4,video_water_delta,53,70,2.9393937587738037,brow_left_outer,cz,late_minus_early,temporal
4,video_water_delta,54,39,2.935997724533081,brow_left_inner,velocity_y,quantile_90,temporal
4,video_water_delta,55,636,2.927549123764038,upper_lip,velocity_area,mean,temporal
4,video_water_delta,56,564,2.7953076362609863,nose_alar_right,aspect,mean,temporal
4,video_water_delta,57,536,2.753633975982666,nose_alar_left,velocity_aspect,quantile_10,temporal
4,video_water_delta,58,761,2.720174789428711,chin_center,cx,temporal_slope,temporal
4,video_water_delta,59,1014,2.7008352279663086,lower_lip,velocity_aspect,absolute_mean,absolute_motion
4,video_water_delta,60,696,2.6998205184936523,lower_lip,velocity_aspect,mean,temporal
4,video_water_delta,61,824,2.6746160984039307,brow_left_inner,velocity_aspect,absolute_quantile_90,absolute_motion
4,video_water_delta,62,197,2.634753942489624,brow_right_outer,velocity_x,temporal_slope,temporal
4,video_water_delta,63,136,2.5994935035705566,brow_right_inner,aspect,late_minus_early,temporal
4,video_water_delta,64,497,2.5774612426757812,nose_alar_left,cy,temporal_slope,temporal
5,video_raw,1,901,5.600994110107422,eye_left_lower,velocity_area,absolute_max,absolute_motion
5,video_raw,2,899,4.99940299987793,eye_left_lower,velocity_area,absolute_std,absolute_motion
5,video_raw,3,726,4.979243755340576,lip_corners,aspect,mean,temporal
5,video_raw,4,728,4.968783855438232,lip_corners,aspect,quantile_10,temporal
5,video_raw,5,1017,4.529803276062012,lower_lip,velocity_aspect,absolute_max,absolute_motion
5,video_raw,6,729,4.266628742218018,lip_corners,aspect,quantile_90,temporal
5,video_raw,7,668,3.4011223316192627,lower_lip,area,quantile_10,temporal
5,video_raw,8,499,3.343981981277466,nose_alar_left,cz,std,temporal
5,video_raw,9,356,3.3163564205169678,eye_right_upper,velocity_x,quantile_10,temporal
5,video_raw,10,445,3.29715633392334,nose_bridge,cz,std,temporal
5,video_raw,11,404,3.218971014022827,eye_right_lower,aspect,quantile_10,temporal
5,video_raw,12,423,3.152477741241455,eye_right_lower,velocity_area,quantile_90,temporal
5,video_raw,13,357,3.1505110263824463,eye_right_upper,velocity_x,quantile_90,temporal
5,video_raw,14,217,3.121401786804199,eye_left_upper,cx,std,temporal
5,video_raw,15,402,3.121265411376953,eye_right_lower,aspect,mean,temporal
5,video_raw,16,503,3.1127641201019287,nose_alar_left,cz,temporal_slope,temporal
5,video_trial_delta,1,901,5.600994110107422,eye_left_lower,velocity_area,absolute_max,absolute_motion
5,video_trial_delta,2,899,4.99940299987793,eye_left_lower,velocity_area,absolute_std,absolute_motion
5,video_trial_delta,3,1017,4.529803276062012,lower_lip,velocity_aspect,absolute_max,absolute_motion
5,video_trial_delta,4,500,3.5798089504241943,nose_alar_left,cz,quantile_10,temporal
5,video_trial_delta,5,499,3.3439815044403076,nose_alar_left,cz,std,temporal
5,video_trial_delta,6,356,3.3163564205169678,eye_right_upper,velocity_x,quantile_10,temporal
5,video_trial_delta,7,445,3.29715633392334,nose_bridge,cz,std,temporal
5,video_trial_delta,8,446,3.19950795173645,nose_bridge,cz,quantile_10,temporal
5,video_trial_delta,9,423,3.152477741241455,eye_right_lower,velocity_area,quantile_90,temporal
5,video_trial_delta,10,357,3.1505110263824463,eye_right_upper,velocity_x,quantile_90,temporal
5,video_trial_delta,11,217,3.1214001178741455,eye_left_upper,cx,std,temporal
5,video_trial_delta,12,503,3.112764835357666,nose_alar_left,cz,temporal_slope,temporal
5,video_trial_delta,13,968,2.9113283157348633,nose_alar_left,velocity_aspect,absolute_quantile_90,absolute_motion
5,video_trial_delta,14,900,2.854339599609375,eye_left_lower,velocity_area,absolute_quantile_90,absolute_motion
5,video_trial_delta,15,608,2.778085231781006,upper_lip,cz,quantile_10,temporal
5,video_trial_delta,16,313,2.756225109100342,eye_left_lower,velocity_area,std,temporal
5,video_trial_delta,17,411,2.723681688308716,eye_right_lower,velocity_x,quantile_90,temporal
5,video_trial_delta,18,50,2.7165629863739014,brow_left_inner,velocity_aspect,quantile_10,temporal
5,video_trial_delta,19,303,2.7114765644073486,eye_left_lower,velocity_x,quantile_90,temporal
5,video_trial_delta,20,501,2.6828999519348145,nose_alar_left,cz,quantile_90,temporal
5,video_trial_delta,21,1020,2.6411094665527344,lip_corners,velocity_x,absolute_quantile_90,absolute_motion
5,video_trial_delta,22,502,2.6336510181427,nose_alar_left,cz,late_minus_early,temporal
5,video_trial_delta,23,932,2.6243836879730225,eye_right_lower,velocity_area,absolute_quantile_90,absolute_motion
5,video_trial_delta,24,769,2.579036235809326,chin_center,cz,std,temporal
5,video_trial_delta,25,449,2.5632193088531494,nose_bridge,cz,temporal_slope,temporal
5,video_trial_delta,26,770,2.5388362407684326,chin_center,cz,quantile_10,temporal
5,video_trial_delta,27,554,2.528296947479248,nose_alar_right,cz,quantile_10,temporal
5,video_trial_delta,28,661,2.4835727214813232,lower_lip,cz,std,temporal
5,video_trial_delta,29,716,2.474754571914673,lip_corners,cz,quantile_10,temporal
5,video_trial_delta,30,768,2.466073751449585,chin_center,cz,mean,temporal
5,video_trial_delta,31,498,2.4561548233032227,nose_alar_left,cz,mean,temporal
5,video_trial_delta,32,773,2.449486494064331,chin_center,cz,temporal_slope,temporal
5,video_trial_delta,33,969,2.436229944229126,nose_alar_left,velocity_aspect,absolute_max,absolute_motion
5,video_trial_delta,34,607,2.425825595855713,upper_lip,cz,std,temporal
5,video_trial_delta,35,715,2.3957931995391846,lip_corners,cz,std,temporal
5,video_trial_delta,36,822,2.3936843872070312,brow_left_inner,velocity_aspect,absolute_mean,absolute_motion
5,video_trial_delta,37,606,2.3891422748565674,upper_lip,cz,mean,temporal
5,video_trial_delta,38,464,2.3733232021331787,nose_bridge,velocity_x,quantile_10,temporal
5,video_trial_delta,39,750,2.3694236278533936,lip_corners,velocity_aspect,mean,temporal
5,video_trial_delta,40,49,2.3370063304901123,brow_left_inner,velocity_aspect,std,temporal
5,video_trial_delta,41,422,2.3339033126831055,eye_right_lower,velocity_area,quantile_10,temporal
5,video_trial_delta,42,662,2.3328969478607178,lower_lip,cz,quantile_10,temporal
5,video_trial_delta,43,660,2.3150720596313477,lower_lip,cz,mean,temporal
5,video_trial_delta,44,714,2.293548583984375,lip_corners,cz,mean,temporal
5,video_trial_delta,45,967,2.291560173034668,nose_alar_left,velocity_aspect,absolute_std,absolute_motion
5,video_trial_delta,46,552,2.2913317680358887,nose_alar_right,cz,mean,temporal
5,video_trial_delta,47,735,2.286343574523926,lip_corners,velocity_x,quantile_90,temporal
5,video_trial_delta,48,537,2.274195671081543,nose_alar_left,velocity_aspect,quantile_90,temporal
5,video_trial_delta,49,553,2.2523272037506104,nose_alar_right,cz,std,temporal
5,video_trial_delta,50,143,2.2468512058258057,brow_right_inner,velocity_x,temporal_slope,temporal
5,video_trial_delta,51,771,2.236400842666626,chin_center,cz,quantile_90,temporal
5,video_trial_delta,52,665,2.2252588272094727,lower_lip,cz,temporal_slope,temporal
5,video_trial_delta,53,262,2.223444938659668,eye_left_upper,velocity_area,late_minus_early,temporal
5,video_trial_delta,54,772,2.2207345962524414,chin_center,cz,late_minus_early,temporal
5,video_trial_delta,55,611,2.20853853225708,upper_lip,cz,temporal_slope,temporal
5,video_trial_delta,56,370,2.1842877864837646,eye_right_upper,velocity_area,late_minus_early,temporal
5,video_trial_delta,57,410,2.1734776496887207,eye_right_lower,velocity_x,quantile_10,temporal
5,video_trial_delta,58,931,2.144967794418335,eye_right_lower,velocity_area,absolute_std,absolute_motion
5,video_trial_delta,59,828,2.140666961669922,brow_left_outer,velocity_x,absolute_quantile_90,absolute_motion
5,video_trial_delta,60,1033,2.1174216270446777,lip_corners,velocity_aspect,absolute_max,absolute_motion
5,video_trial_delta,61,52,2.1097090244293213,brow_left_inner,velocity_aspect,late_minus_early,temporal
5,video_trial_delta,62,663,2.097203254699707,lower_lip,cz,quantile_90,temporal
5,video_trial_delta,63,719,2.0936739444732666,lip_corners,cz,temporal_slope,temporal
5,video_trial_delta,64,104,2.088590383529663,brow_left_outer,velocity_aspect,quantile_10,temporal
5,video_water_delta,1,289,4.771188735961914,eye_left_lower,area,std,temporal
5,video_water_delta,2,155,4.269567966461182,brow_right_inner,velocity_area,temporal_slope,temporal
5,video_water_delta,3,154,3.7181179523468018,brow_right_inner,velocity_area,late_minus_early,temporal
5,video_water_delta,4,123,3.6044933795928955,brow_right_inner,cz,quantile_90,temporal
5,video_water_delta,5,177,3.4769530296325684,brow_right_outer,cz,quantile_90,temporal
5,video_water_delta,6,796,3.4592912197113037,chin_center,velocity_y,late_minus_early,temporal
5,video_water_delta,7,196,3.1578192710876465,brow_right_outer,velocity_x,late_minus_early,temporal
5,video_water_delta,8,586,3.0986642837524414,nose_alar_right,velocity_area,late_minus_early,temporal
5,video_water_delta,9,351,3.0584123134613037,eye_right_upper,aspect,quantile_90,temporal
5,video_water_delta,10,466,3.021815061569214,nose_bridge,velocity_x,late_minus_early,temporal
5,video_water_delta,11,170,2.924609422683716,brow_right_outer,cy,quantile_10,temporal
5,video_water_delta,12,397,2.890667200088501,eye_right_lower,area,std,temporal
5,video_water_delta,13,574,2.86497163772583,nose_alar_right,velocity_x,late_minus_early,temporal
5,video_water_delta,14,699,2.8460347652435303,lower_lip,velocity_aspect,quantile_90,temporal
5,video_water_delta,15,169,2.8024916648864746,brow_right_outer,cy,std,temporal
5,video_water_delta,16,291,2.7929890155792236,eye_left_lower,area,quantile_90,temporal
