fold,subject_id,ma_mau,n_repeats,true_label,predicted_label,majority_baseline,condition_baseline,prob_0,prob_1
2,P001,189,5,1,0,0,0,0.7662145614624023,0.23378542363643645
2,P001,258,5,0,1,0,0,0.43081989884376526,0.5691801190376282
2,P001,453,5,0,0,0,0,0.6326150059700012,0.3673850059509277
2,P001,762,5,1,0,0,0,0.7459440946578979,0.2540559101849794
2,P001,893,5,0,0,0,0,0.7719793319702148,0.22802069336175917
5,P002,189,5,0,0,0,1,0.6187047719955444,0.3812952220439911
5,P002,258,5,0,0,0,0,0.6682050585746765,0.331794935464859
5,P002,453,5,0,0,0,0,0.6475080966949462,0.3524918854236603
5,P002,762,5,0,0,0,0,0.732882809638977,0.2671171724796295
5,P002,893,5,1,0,0,0,0.7258743405342102,0.27412562966346743
1,P003,189,5,1,0,0,1,0.5126337766647339,0.48736619353294375
1,P003,258,5,0,0,0,0,0.5619118094444275,0.43808820843696594
1,P003,453,5,0,0,0,0,0.5091677308082581,0.4908322751522064
1,P003,762,5,1,1,0,0,0.4878565907478333,0.5121434211730957
1,P003,893,5,0,0,0,0,0.5586897552013397,0.44131022691726685
1,P004,189,5,0,0,0,1,0.8456414461135864,0.15435856059193612
1,P004,258,5,0,0,0,0,0.8093514204025268,0.19064858332276344
1,P004,453,5,0,0,0,0,0.8107060670852662,0.18929397016763688
1,P004,762,5,1,0,0,0,0.8951991438865662,0.10480086542665959
1,P004,893,5,0,0,0,0,0.8474936366081238,0.15250637680292128
2,P005,189,5,1,0,0,0,0.8780393481254578,0.12196062207221985
2,P005,258,5,0,0,0,0,0.8952480554580688,0.10475197285413743
2,P005,453,5,0,0,0,0,0.7017395555973053,0.29826044887304304
2,P005,762,5,1,0,0,0,0.8034939527511596,0.1965060442686081
2,P005,893,5,1,0,0,0,0.942611575126648,0.05738843847066164
3,P006,189,5,1,0,0,1,0.7390911638736725,0.2609088346362114
3,P006,258,5,1,0,0,0,0.8986920714378357,0.10130792409181595
3,P006,453,5,1,0,0,0,0.9066484332084656,0.09335155114531517
3,P006,762,5,0,0,0,1,0.6541513204574585,0.3458486944437027
3,P006,893,5,0,0,0,0,0.8333870887756347,0.1666129305958748
3,P007,189,5,0,0,0,1,0.5380291104316711,0.46197088360786437
3,P007,258,5,0,1,0,0,0.4986295461654663,0.5013704478740693
3,P007,453,5,0,1,0,0,0.4970846354961395,0.502915358543396
3,P007,762,5,0,1,0,1,0.44782238602638247,0.5521776080131531
3,P007,893,5,0,1,0,0,0.4377015888690948,0.5622984230518341
4,P008,189,5,1,1,0,0,0.4327903985977173,0.5672096073627472
4,P008,258,5,0,1,0,0,0.44777276515960696,0.5522272229194641
4,P008,453,5,0,1,0,0,0.4303403854370117,0.5696596264839172
4,P008,762,5,0,1,0,0,0.4502412736415863,0.5497587263584137
4,P008,893,5,0,1,0,0,0.38826386332511903,0.6117361307144165
5,P009,189,5,1,0,0,1,0.8557620167732238,0.14423798173666
5,P009,258,5,0,0,0,0,0.7270403444766999,0.27295963168144227
5,P009,453,5,0,0,0,0,0.759195601940155,0.24080438986420633
5,P009,762,5,0,0,0,0,0.729085636138916,0.2709143847227097
5,P009,893,5,0,0,0,0,0.6719243645668029,0.32807562947273256
4,P010,189,5,0,0,0,0,0.6317116737365722,0.3682883083820343
4,P010,258,5,0,0,0,0,0.5743469893932343,0.4256530165672302
4,P010,453,5,0,0,0,0,0.5448785364627838,0.4551214575767517
4,P010,762,5,1,0,0,0,0.6846789956092835,0.3153209984302521
4,P010,893,5,0,0,0,0,0.6337254285812378,0.3662745952606201
1,P011,189,5,0,0,0,1,0.6113922357559204,0.3886077642440796
1,P011,258,5,0,1,0,0,0.4876765012741089,0.5123234808444976
1,P011,453,5,0,0,0,0,0.6395217537879944,0.3604782402515411
1,P011,762,5,0,0,0,0,0.5014649450778961,0.49853505492210387
1,P011,893,5,0,1,0,0,0.49142215847969056,0.508577847480774
1,P013,189,5,0,1,0,1,0.48871309161186216,0.5112869203090668
1,P013,258,5,0,1,0,0,0.47664871215820315,0.5233512878417969
1,P013,453,5,1,0,0,0,0.5262307107448578,0.47376925945281984
1,P013,762,5,0,1,0,0,0.4885337769985199,0.5114662230014801
1,P013,893,5,0,0,0,0,0.5229753971099853,0.4770245850086212
3,P014,189,5,1,0,0,1,0.9685423374176025,0.03145763094071299
3,P014,258,5,0,0,0,0,0.9753225684165955,0.024677422223612668
3,P014,453,5,0,0,0,0,0.8838391542434693,0.11616083532571793
3,P014,762,5,1,0,0,1,0.9811109781265259,0.018889040360227226
3,P014,893,5,0,0,0,0,0.9937090039253235,0.006290997192263603
2,P015,189,5,1,0,0,0,0.6207015156745911,0.37929847240448
2,P015,258,5,0,0,0,0,0.6855658888816833,0.3144341051578522
2,P015,453,5,0,0,0,0,0.7055921077728271,0.2944078862667084
2,P015,762,5,0,0,0,0,0.5764262259006501,0.423573762178421
2,P015,893,5,0,0,0,0,0.577133196592331,0.42286678552627566
3,P016,189,5,0,0,0,1,0.5668237268924713,0.4331762582063675
3,P016,258,5,0,1,0,0,0.4615605115890503,0.5384394884109497
3,P016,453,5,0,0,0,0,0.6000280022621155,0.399972003698349
3,P016,762,5,1,0,0,1,0.5743522644042969,0.42564772367477416
3,P016,893,5,1,1,0,0,0.45554975867271424,0.5444502532482147
3,P017,189,5,0,0,0,1,0.5667644321918488,0.4332355797290802
3,P017,258,5,0,1,0,0,0.45640879273414614,0.5435912132263183
3,P017,453,5,0,0,0,0,0.5137305736541748,0.4862694263458252
3,P017,762,5,0,0,0,1,0.5007223606109619,0.4992776334285736
3,P017,893,5,1,0,0,0,0.5660628914833069,0.43393712043762206
4,P018,189,5,1,0,0,0,0.5122081160545349,0.4877918422222137
4,P018,258,5,0,1,0,0,0.4264901399612427,0.5735098600387574
4,P018,453,5,1,0,0,0,0.5086985528469086,0.491301441192627
4,P018,762,5,0,0,0,0,0.5463950037956238,0.45360496640205383
4,P018,893,5,0,1,0,0,0.4300582706928253,0.5699417471885682
4,P019,189,5,0,0,0,0,0.6594537377357483,0.3405462741851807
4,P019,258,5,0,0,0,0,0.6770939946174621,0.32290601432323457
4,P019,453,5,1,0,0,0,0.6391944527626038,0.3608055472373962
4,P019,762,5,1,0,0,0,0.6661858797073364,0.33381409049034116
4,P019,893,5,0,0,0,0,0.609403657913208,0.3905963242053986
2,P020,189,5,0,0,0,0,0.9010920882225036,0.09890791326761246
2,P020,258,5,0,0,0,0,0.8704025268554687,0.12959747109562159
2,P020,453,5,1,0,0,0,0.7710050106048584,0.22899501956999302
2,P020,762,5,0,0,0,0,0.6952430188655854,0.3047569688409567
2,P020,893,5,0,0,0,0,0.8403751730918885,0.159624819457531
2,P021,189,5,0,0,0,0,0.5216102957725525,0.478389710187912
2,P021,258,5,0,0,0,0,0.5362915754318237,0.4637084066867828
2,P021,453,5,0,0,0,0,0.5862671971321106,0.41373279094696047
2,P021,762,5,0,1,0,0,0.4672858536243439,0.532714170217514
2,P021,893,5,0,0,0,0,0.5289779424667358,0.4710220813751221
2,P023,189,5,1,0,0,0,0.6334293246269226,0.36657068133354187
2,P023,258,5,0,1,0,0,0.48266653418540956,0.5173334568738938
2,P023,453,5,0,0,0,0,0.8532883167266846,0.14671168178319932
2,P023,762,5,1,1,0,0,0.37534907162189485,0.6246509492397309
2,P023,893,5,0,0,0,0,0.5099532425403595,0.49004675149917604
1,P024,189,5,1,0,0,1,0.5737190127372742,0.4262809604406357
1,P024,258,5,0,0,0,0,0.5357340753078461,0.46426594257354736
1,P024,453,5,1,0,0,0,0.5883131206035614,0.41168689727783203
1,P024,762,5,1,1,0,0,0.4613878130912781,0.5386122226715088
1,P024,893,5,0,0,0,0,0.5575603365898132,0.44243964552879333
5,P025,189,5,1,0,0,1,0.5821074366569519,0.41789255738258363
5,P025,258,5,0,0,0,0,0.559981244802475,0.4400187492370605
5,P025,453,5,0,0,0,0,0.5269688427448272,0.47303116917610166
5,P025,762,5,1,1,0,0,0.486963677406311,0.5130363225936889
5,P025,893,5,0,0,0,0,0.5957949995994568,0.4042050063610077
4,P026,189,5,1,0,0,0,0.5290394484996795,0.4709605395793915
4,P026,258,5,0,1,0,0,0.4543532431125641,0.5456467568874359
4,P026,453,5,0,1,0,0,0.4925776422023773,0.5074223518371582
4,P026,762,5,0,1,0,0,0.46581677794456483,0.5341831982135773
4,P026,893,5,0,1,0,0,0.40239933133125305,0.5976006507873535
1,P027,189,5,1,0,0,1,0.5999710500240326,0.4000289410352707
1,P027,258,5,0,0,0,0,0.5199071168899536,0.4800928711891174
1,P027,453,5,0,0,0,0,0.54707772731781,0.45292229652404786
1,P027,762,5,1,0,0,0,0.5914858818054199,0.40851410627365115
1,P027,893,5,1,0,0,0,0.6941835641860962,0.30581643283367155
5,P028,189,5,0,0,0,1,0.8875215291976929,0.11247846335172654
5,P028,258,5,0,0,0,0,0.8614458441734314,0.13855416923761368
5,P028,453,5,1,0,0,0,0.8787944793701172,0.1212055042386055
5,P028,762,5,1,0,0,0,0.8644119143486023,0.13558807522058486
5,P028,893,5,1,0,0,0,0.7954905033111572,0.204509499669075
5,P029,189,5,0,0,0,1,0.6596059381961823,0.34039409160614015
5,P029,258,5,0,0,0,0,0.5033514142036438,0.49664857387542727
5,P029,453,5,1,0,0,0,0.508579409122467,0.49142059683799744
5,P029,762,5,0,0,0,0,0.5388925671577454,0.4611074388027191
5,P029,893,5,1,0,0,0,0.5954297602176666,0.4045702338218689
3,P030,189,5,0,0,0,1,0.6413422286510467,0.35865777656435965
3,P030,258,5,1,0,0,0,0.6690642774105072,0.3309356995858252
3,P030,453,5,0,0,0,0,0.6483139276504517,0.35168607234954835
3,P030,762,5,0,0,0,1,0.9252326846122741,0.07476730793714523
3,P030,893,5,0,0,0,0,0.5044826865196228,0.4955173134803772
