fold,record_index,sample_id,subject_id,ma_mau,repeat,jar,true_label,predicted_label,majority_baseline,condition_baseline,detection_ratio,prob_0,prob_1
1,50,P003_189_R1,P003,189,1,3,1,1,0,1,1.0,0.43385928869247437,0.5661407113075256
1,51,P003_189_R2,P003,189,2,3,1,1,0,1,0.947917,0.34190279245376587,0.6580971479415894
1,52,P003_189_R3,P003,189,3,3,1,0,0,1,0.885417,0.5423380732536316,0.457661896944046
1,53,P003_189_R4,P003,189,4,3,1,0,0,1,0.947917,0.5974476933479309,0.4025522470474243
1,54,P003_189_R5,P003,189,5,3,1,0,0,1,0.895833,0.6476210355758667,0.3523789644241333
1,55,P003_762_R1,P003,762,1,3,1,0,0,0,1.0,0.5611610412597656,0.43883898854255676
1,56,P003_762_R2,P003,762,2,3,1,0,0,0,0.947917,0.5856532454490662,0.4143467843532562
1,57,P003_762_R3,P003,762,3,3,1,1,0,0,1.0,0.36607542634010315,0.6339245438575745
1,58,P003_762_R4,P003,762,4,3,1,1,0,0,1.0,0.44446831941604614,0.5555316805839539
1,59,P003_762_R5,P003,762,5,3,1,1,0,0,0.96875,0.4819249212741852,0.5180751085281372
1,60,P003_453_R1,P003,453,1,2,0,1,0,0,0.958333,0.4395028352737427,0.5604971647262573
1,61,P003_453_R2,P003,453,2,2,0,1,0,0,0.947917,0.4675658941268921,0.5324341058731079
1,62,P003_453_R3,P003,453,3,2,0,1,0,0,0.916667,0.4981258511543274,0.5018741488456726
1,63,P003_453_R4,P003,453,4,2,0,0,0,0,0.9375,0.5031611323356628,0.49683889746665955
1,64,P003_453_R5,P003,453,5,2,0,0,0,0,0.916667,0.6374829411506653,0.3625170588493347
1,65,P003_893_R1,P003,893,1,4,0,1,0,0,1.0,0.4034689664840698,0.5965310335159302
1,66,P003_893_R2,P003,893,2,4,0,0,0,0,0.927083,0.6277046203613281,0.3722953498363495
1,67,P003_893_R3,P003,893,3,4,0,1,0,0,1.0,0.4580119550228119,0.5419880151748657
1,68,P003_893_R4,P003,893,4,4,0,0,0,0,0.96875,0.6391200423240662,0.36087989807128906
1,69,P003_893_R5,P003,893,5,4,0,0,0,0,0.895833,0.6651431918144226,0.3348568379878998
1,70,P003_258_R1,P003,258,1,1,0,0,0,0,1.0,0.5258727073669434,0.47412732243537903
1,71,P003_258_R2,P003,258,2,1,0,0,0,0,0.979167,0.6158288717269897,0.38417115807533264
1,72,P003_258_R3,P003,258,3,1,0,0,0,0,1.0,0.5025748610496521,0.4974251091480255
1,73,P003_258_R4,P003,258,4,1,0,0,0,0,1.0,0.6973298192024231,0.3026701807975769
1,74,P003_258_R5,P003,258,5,1,0,1,0,0,1.0,0.46795278787612915,0.5320472717285156
1,75,P004_762_R1,P004,762,1,3,1,0,0,0,1.0,0.9542704820632935,0.045729536563158035
1,76,P004_762_R2,P004,762,2,3,1,0,0,0,0.9375,0.8819136023521423,0.11808636784553528
1,77,P004_762_R3,P004,762,3,3,1,0,0,0,1.0,0.9832962155342102,0.016703827306628227
1,78,P004_762_R4,P004,762,4,3,1,0,0,0,0.958333,0.8125725388526917,0.18742749094963074
1,79,P004_762_R5,P004,762,5,3,1,0,0,0,0.9375,0.8439428806304932,0.15605710446834564
1,80,P004_893_R1,P004,893,1,4,0,0,0,0,0.895833,0.6740491986274719,0.3259508013725281
1,81,P004_893_R2,P004,893,2,4,0,0,0,0,0.9375,0.8642102479934692,0.13578976690769196
1,82,P004_893_R3,P004,893,3,4,0,0,0,0,0.885417,0.8879601955413818,0.11203984916210175
1,83,P004_893_R4,P004,893,4,4,0,0,0,0,0.895833,0.9110117554664612,0.0889882892370224
1,84,P004_893_R5,P004,893,5,4,0,0,0,0,0.90625,0.9002367854118347,0.0997631773352623
1,85,P004_189_R1,P004,189,1,2,0,0,0,1,1.0,0.9447450041770935,0.05525505915284157
1,86,P004_189_R2,P004,189,2,2,0,0,0,1,0.9375,0.8712189197540283,0.12878108024597168
1,87,P004_189_R3,P004,189,3,2,0,0,0,1,0.916667,0.789013147354126,0.21098683774471283
1,88,P004_189_R4,P004,189,4,2,0,0,0,1,0.989583,0.9108272790908813,0.08917273581027985
1,89,P004_189_R5,P004,189,5,2,0,0,0,1,0.875,0.712402880191803,0.28759709000587463
1,90,P004_453_R1,P004,453,1,2,0,0,0,0,1.0,0.8052756786346436,0.19472439587116241
1,91,P004_453_R2,P004,453,2,2,0,0,0,0,0.989583,0.8195745944976807,0.1804254800081253
1,92,P004_453_R3,P004,453,3,2,0,0,0,0,0.927083,0.7017866969108582,0.29821333289146423
1,93,P004_453_R4,P004,453,4,2,0,0,0,0,1.0,0.9389930367469788,0.06100694090127945
1,94,P004_453_R5,P004,453,5,2,0,0,0,0,0.947917,0.7879003286361694,0.21209970116615295
1,95,P004_258_R1,P004,258,1,1,0,0,0,0,1.0,0.735438883304596,0.26456111669540405
1,96,P004_258_R2,P004,258,2,1,0,0,0,0,1.0,0.7174058556556702,0.28259411454200745
1,97,P004_258_R3,P004,258,3,1,0,0,0,0,0.9375,0.837224543094635,0.162775456905365
1,98,P004_258_R4,P004,258,4,1,0,0,0,0,1.0,0.8071318864822388,0.19286812841892242
1,99,P004_258_R5,P004,258,5,1,0,0,0,0,0.989583,0.9495559334754944,0.0504441000521183
1,250,P011_893_R1,P011,893,1,2,0,0,0,0,0.947917,0.5443121790885925,0.45568788051605225
1,251,P011_893_R2,P011,893,2,2,0,1,0,0,1.0,0.4273412227630615,0.5726587772369385
1,252,P011_893_R3,P011,893,3,2,0,0,0,0,0.989583,0.5373716950416565,0.4626283049583435
1,253,P011_893_R4,P011,893,4,2,0,1,0,0,0.958333,0.47396230697631836,0.5260376930236816
1,254,P011_893_R5,P011,893,5,2,0,1,0,0,1.0,0.47412338852882385,0.5258765816688538
1,255,P011_762_R1,P011,762,1,2,0,0,0,0,0.958333,0.7325814962387085,0.2674185037612915
1,256,P011_762_R2,P011,762,2,2,0,1,0,0,1.0,0.3396725058555603,0.6603274941444397
1,257,P011_762_R3,P011,762,3,2,0,1,0,0,1.0,0.4363803267478943,0.5636196732521057
1,258,P011_762_R4,P011,762,4,2,0,0,0,0,0.90625,0.5022509098052979,0.49774911999702454
1,259,P011_762_R5,P011,762,5,2,0,1,0,0,1.0,0.49643948674201965,0.503560483455658
1,260,P011_258_R1,P011,258,1,1,0,1,0,0,1.0,0.47138991951942444,0.528610110282898
1,261,P011_258_R2,P011,258,2,1,0,1,0,0,1.0,0.33980870246887207,0.6601912379264832
1,262,P011_258_R3,P011,258,3,1,0,0,0,0,0.9375,0.6319493651390076,0.36805060505867004
1,263,P011_258_R4,P011,258,4,1,0,1,0,0,0.979167,0.4218778908252716,0.5781221389770508
1,264,P011_258_R5,P011,258,5,1,0,0,0,0,1.0,0.5733566284179688,0.4266433119773865
1,265,P011_189_R1,P011,189,1,2,0,0,0,1,0.895833,0.7110933661460876,0.2889065742492676
1,266,P011_189_R2,P011,189,2,2,0,0,0,1,0.947917,0.7608746886253357,0.23912528157234192
1,267,P011_189_R3,P011,189,3,2,0,0,0,1,0.885417,0.6874740719795227,0.3125259578227997
1,268,P011_189_R4,P011,189,4,2,0,1,0,1,0.979167,0.4119335412979126,0.5880664587020874
1,269,P011_189_R5,P011,189,5,2,0,1,0,1,1.0,0.4855855107307434,0.5144145488739014
1,270,P011_453_R1,P011,453,1,1,0,0,0,0,1.0,0.5623071789741516,0.4376928210258484
1,271,P011_453_R2,P011,453,2,1,0,0,0,0,1.0,0.6450146436691284,0.35498538613319397
1,272,P011_453_R3,P011,453,3,1,0,0,0,0,0.958333,0.7805563807487488,0.21944363415241241
1,273,P011_453_R4,P011,453,4,1,0,0,0,0,1.0,0.7975420355796814,0.20245788991451263
1,274,P011_453_R5,P011,453,5,1,0,1,0,0,0.96875,0.4121885299682617,0.5878114700317383
1,275,P013_258_R1,P013,258,1,1,0,1,0,0,1.0,0.453576922416687,0.546423077583313
1,276,P013_258_R2,P013,258,2,1,0,1,0,0,1.0,0.3857100009918213,0.6142899990081787
1,277,P013_258_R3,P013,258,3,1,0,1,0,0,0.989583,0.48062974214553833,0.5193702578544617
1,278,P013_258_R4,P013,258,4,1,0,0,0,0,1.0,0.5154968500137329,0.4845031797885895
1,279,P013_258_R5,P013,258,5,1,0,0,0,0,1.0,0.5478300452232361,0.45216992497444153
1,280,P013_453_R1,P013,453,1,3,1,0,0,0,1.0,0.5400121212005615,0.4599878191947937
1,281,P013_453_R2,P013,453,2,3,1,1,0,0,0.96875,0.4541952610015869,0.5458047389984131
1,282,P013_453_R3,P013,453,3,3,1,1,0,0,1.0,0.476846307516098,0.5231536626815796
1,283,P013_453_R4,P013,453,4,3,1,0,0,0,0.958333,0.5694974660873413,0.4305025041103363
1,284,P013_453_R5,P013,453,5,3,1,0,0,0,1.0,0.5906023979187012,0.40939757227897644
1,285,P013_189_R1,P013,189,1,4,0,0,0,1,1.0,0.539388120174408,0.46061190962791443
1,286,P013_189_R2,P013,189,2,4,0,1,0,1,0.947917,0.45144855976104736,0.5485514402389526
1,287,P013_189_R3,P013,189,3,4,0,1,0,1,0.989583,0.4086894690990448,0.5913105607032776
1,288,P013_189_R4,P013,189,4,4,0,0,0,1,1.0,0.5635993480682373,0.4364006519317627
1,289,P013_189_R5,P013,189,5,4,0,1,0,1,1.0,0.4804399609565735,0.5195600390434265
1,290,P013_893_R1,P013,893,1,5,0,0,0,0,0.979167,0.5100250244140625,0.4899749457836151
1,291,P013_893_R2,P013,893,2,5,0,1,0,0,1.0,0.4662547707557678,0.5337452292442322
1,292,P013_893_R3,P013,893,3,5,0,0,0,0,1.0,0.5075744986534119,0.49242547154426575
1,293,P013_893_R4,P013,893,4,5,0,0,0,0,1.0,0.5737519264221191,0.42624804377555847
1,294,P013_893_R5,P013,893,5,5,0,0,0,0,1.0,0.5572707653045654,0.44272923469543457
1,295,P013_762_R1,P013,762,1,5,0,0,0,0,0.96875,0.6088266372680664,0.391173392534256
1,296,P013_762_R2,P013,762,2,5,0,1,0,0,0.9375,0.4952159523963928,0.5047840476036072
1,297,P013_762_R3,P013,762,3,5,0,1,0,0,1.0,0.3693152964115143,0.6306846737861633
1,298,P013_762_R4,P013,762,4,5,0,1,0,0,0.979167,0.4854818284511566,0.5145182013511658
1,299,P013_762_R5,P013,762,5,5,0,1,0,0,1.0,0.48382917046546936,0.5161707997322083
1,525,P024_258_R1,P024,258,1,2,0,1,0,0,1.0,0.40197256207466125,0.5980274677276611
1,526,P024_258_R2,P024,258,2,2,0,0,0,0,0.895833,0.7376999855041504,0.2623000144958496
1,527,P024_258_R3,P024,258,3,2,0,0,0,0,0.989583,0.5018022060394287,0.4981977939605713
1,528,P024_258_R4,P024,258,4,2,0,0,0,0,0.916667,0.589812159538269,0.41018784046173096
1,529,P024_258_R5,P024,258,5,2,0,1,0,0,1.0,0.44738346338272095,0.5526165962219238
1,530,P024_893_R1,P024,893,1,4,0,1,0,0,0.958333,0.4746066629886627,0.5253933072090149
1,531,P024_893_R2,P024,893,2,4,0,1,0,0,1.0,0.35843077301979065,0.6415692567825317
1,532,P024_893_R3,P024,893,3,4,0,1,0,0,0.979167,0.4949168562889099,0.5050830841064453
1,533,P024_893_R4,P024,893,4,4,0,0,0,0,0.947917,0.834316611289978,0.16568335890769958
1,534,P024_893_R5,P024,893,5,4,0,0,0,0,1.0,0.6255307793617249,0.37446922063827515
1,535,P024_453_R1,P024,453,1,3,1,0,0,0,0.958333,0.6770843863487244,0.3229156732559204
1,536,P024_453_R2,P024,453,2,3,1,0,0,0,1.0,0.5478268265724182,0.4521731436252594
1,537,P024_453_R3,P024,453,3,3,1,0,0,0,1.0,0.8104614019393921,0.1895385980606079
1,538,P024_453_R4,P024,453,4,3,1,0,0,0,0.90625,0.587982714176178,0.4120173156261444
1,539,P024_453_R5,P024,453,5,3,1,1,0,0,1.0,0.31821027398109436,0.681789755821228
1,540,P024_762_R1,P024,762,1,3,1,1,0,0,1.0,0.3314087688922882,0.6685912609100342
1,541,P024_762_R2,P024,762,2,3,1,0,0,0,1.0,0.6225696206092834,0.37743040919303894
1,542,P024_762_R3,P024,762,3,3,1,1,0,0,1.0,0.34397539496421814,0.6560246348381042
1,543,P024_762_R4,P024,762,4,3,1,1,0,0,1.0,0.4574996829032898,0.542500376701355
1,544,P024_762_R5,P024,762,5,3,1,0,0,0,0.9375,0.5514855980873108,0.4485144317150116
1,545,P024_189_R1,P024,189,1,3,1,0,0,1,1.0,0.7389957308769226,0.261004239320755
1,546,P024_189_R2,P024,189,2,3,1,1,0,1,0.96875,0.3669185936450958,0.6330814361572266
1,547,P024_189_R3,P024,189,3,3,1,1,0,1,0.885417,0.4613613486289978,0.5386385917663574
1,548,P024_189_R4,P024,189,4,3,1,0,0,1,0.916667,0.8582598567008972,0.1417400985956192
1,549,P024_189_R5,P024,189,5,3,1,1,0,1,0.958333,0.4430595338344574,0.5569404363632202
1,600,P027_189_R1,P027,189,1,3,1,1,0,1,1.0,0.44109290838241577,0.5589070916175842
1,601,P027_189_R2,P027,189,2,3,1,1,0,1,1.0,0.45096108317375183,0.5490388870239258
1,602,P027_189_R3,P027,189,3,3,1,0,0,1,0.729167,0.8769603371620178,0.1230396181344986
1,603,P027_189_R4,P027,189,4,3,1,0,0,1,1.0,0.5422149896621704,0.4577849805355072
1,604,P027_189_R5,P027,189,5,3,1,0,0,1,0.947917,0.6886259317398071,0.31137412786483765
1,605,P027_762_R1,P027,762,1,3,1,0,0,0,0.833333,0.6516938805580139,0.34830614924430847
1,606,P027_762_R2,P027,762,2,3,1,0,0,0,0.875,0.6988882422447205,0.30111175775527954
1,607,P027_762_R3,P027,762,3,3,1,0,0,0,0.979167,0.7008009552955627,0.29919901490211487
1,608,P027_762_R4,P027,762,4,3,1,0,0,0,1.0,0.5522817373275757,0.4477182626724243
1,609,P027_762_R5,P027,762,5,3,1,1,0,0,1.0,0.3537645936012268,0.6462353467941284
1,610,P027_453_R1,P027,453,1,1,0,0,0,0,0.96875,0.6602287888526917,0.3397712707519531
1,611,P027_453_R2,P027,453,2,1,0,0,0,0,1.0,0.5637208223342896,0.43627917766571045
1,612,P027_453_R3,P027,453,3,1,0,1,0,0,0.927083,0.4774433374404907,0.5225566625595093
1,613,P027_453_R4,P027,453,4,1,0,0,0,0,1.0,0.5734924077987671,0.4265075922012329
1,614,P027_453_R5,P027,453,5,1,0,1,0,0,0.989583,0.4605032801628113,0.5394967794418335
1,615,P027_893_R1,P027,893,1,3,1,0,0,0,1.0,0.721808671951294,0.27819132804870605
1,616,P027_893_R2,P027,893,2,3,1,0,0,0,0.760417,0.7910012602806091,0.20899875462055206
1,617,P027_893_R3,P027,893,3,3,1,0,0,0,0.90625,0.7188761830329895,0.2811238169670105
1,618,P027_893_R4,P027,893,4,3,1,0,0,0,0.90625,0.6692498326301575,0.33075016736984253
1,619,P027_893_R5,P027,893,5,3,1,0,0,0,0.989583,0.5699818730354309,0.4300180971622467
1,620,P027_258_R1,P027,258,1,1,0,0,0,0,0.791667,0.600655734539032,0.39934420585632324
1,621,P027_258_R2,P027,258,2,1,0,1,0,0,0.864583,0.38312605023384094,0.6168739795684814
1,622,P027_258_R3,P027,258,3,1,0,0,0,0,0.864583,0.6360634565353394,0.36393651366233826
1,623,P027_258_R4,P027,258,4,1,0,0,0,0,1.0,0.5378894805908203,0.4621104896068573
1,624,P027_258_R5,P027,258,5,1,0,1,0,0,1.0,0.4418008625507355,0.5581991672515869
2,0,P001_258_R1,P001,258,1,1,0,1,0,0,0.854167,0.27722957730293274,0.7227704524993896
2,1,P001_258_R2,P001,258,2,1,0,0,0,0,0.96875,0.5487326979637146,0.4512673020362854
2,2,P001_258_R3,P001,258,3,1,0,1,0,0,0.958333,0.2838822305202484,0.716117799282074
2,3,P001_258_R4,P001,258,4,1,0,1,0,0,0.927083,0.4733301103115082,0.5266699194908142
2,4,P001_258_R5,P001,258,5,1,0,0,0,0,0.864583,0.5709248781204224,0.42907512187957764
2,5,P001_453_R1,P001,453,1,2,0,0,0,0,0.90625,0.5771385431289673,0.4228615164756775
2,6,P001_453_R2,P001,453,2,2,0,1,0,0,0.875,0.4323478937149048,0.56765216588974
2,7,P001_453_R3,P001,453,3,2,0,0,0,0,0.916667,0.7846032977104187,0.2153967320919037
2,8,P001_453_R4,P001,453,4,2,0,0,0,0,0.927083,0.8015682101249695,0.19843173027038574
2,9,P001_453_R5,P001,453,5,2,0,0,0,0,0.90625,0.5674170851707458,0.43258288502693176
2,10,P001_189_R1,P001,189,1,3,1,0,0,0,1.0,0.743546724319458,0.2564532160758972
2,11,P001_189_R2,P001,189,2,3,1,0,0,0,0.90625,0.7239023447036743,0.2760976254940033
2,12,P001_189_R3,P001,189,3,3,1,0,0,0,0.958333,0.732308566570282,0.267691433429718
2,13,P001_189_R4,P001,189,4,3,1,0,0,0,0.90625,0.8137232065200806,0.18627682328224182
2,14,P001_189_R5,P001,189,5,3,1,0,0,0,1.0,0.8175919651985168,0.18240801990032196
2,15,P001_893_R1,P001,893,1,4,0,0,0,0,0.895833,0.6457153558731079,0.3542846739292145
2,16,P001_893_R2,P001,893,2,4,0,0,0,0,0.9375,0.666404128074646,0.333595871925354
2,17,P001_893_R3,P001,893,3,4,0,0,0,0,0.947917,0.780486524105072,0.21951355040073395
2,18,P001_893_R4,P001,893,4,4,0,0,0,0,1.0,0.8526541590690613,0.14734584093093872
2,19,P001_893_R5,P001,893,5,4,0,0,0,0,1.0,0.914636492729187,0.08536352962255478
2,20,P001_762_R1,P001,762,1,3,1,0,0,0,0.9375,0.982352077960968,0.017647886648774147
2,21,P001_762_R2,P001,762,2,3,1,0,0,0,0.791667,0.5270028710365295,0.47299709916114807
2,22,P001_762_R3,P001,762,3,3,1,0,0,0,1.0,0.585325300693512,0.4146747589111328
2,23,P001_762_R4,P001,762,4,3,1,0,0,0,1.0,0.7884735465049744,0.21152649819850922
2,24,P001_762_R5,P001,762,5,3,1,0,0,0,0.875,0.8465666770935059,0.15343330800533295
2,100,P005_893_R1,P005,893,1,3,1,0,0,0,0.90625,0.9481078386306763,0.051892153918743134
2,101,P005_893_R2,P005,893,2,3,1,0,0,0,0.947917,0.991986870765686,0.008013180457055569
2,102,P005_893_R3,P005,893,3,3,1,0,0,0,1.0,0.9905521869659424,0.009447881951928139
2,103,P005_893_R4,P005,893,4,3,1,0,0,0,0.979167,0.9346299767494202,0.06536996364593506
2,104,P005_893_R5,P005,893,5,3,1,0,0,0,0.96875,0.8477810025215149,0.1522190123796463
2,105,P005_762_R1,P005,762,1,3,1,0,0,0,0.96875,0.7170728445053101,0.28292718529701233
2,106,P005_762_R2,P005,762,2,3,1,0,0,0,0.916667,0.8742231130599976,0.12577687203884125
2,107,P005_762_R3,P005,762,3,3,1,0,0,0,0.947917,0.8516855835914612,0.14831440150737762
2,108,P005_762_R4,P005,762,4,3,1,0,0,0,0.979167,0.7481980919837952,0.25180187821388245
2,109,P005_762_R5,P005,762,5,3,1,0,0,0,0.96875,0.8262901306152344,0.17370988428592682
2,110,P005_258_R1,P005,258,1,1,0,0,0,0,0.958333,0.9685407280921936,0.031459227204322815
2,111,P005_258_R2,P005,258,2,1,0,0,0,0,0.947917,0.9781237244606018,0.021876350045204163
2,112,P005_258_R3,P005,258,3,1,0,0,0,0,0.958333,0.9008079171180725,0.09919212013483047
2,113,P005_258_R4,P005,258,4,1,0,0,0,0,0.96875,0.8566612601280212,0.14333873987197876
2,114,P005_258_R5,P005,258,5,1,0,0,0,0,1.0,0.7721066474914551,0.2278934270143509
2,115,P005_189_R1,P005,189,1,3,1,0,0,0,0.8125,0.9333474040031433,0.06665261089801788
2,116,P005_189_R2,P005,189,2,3,1,0,0,0,1.0,0.9477556347846985,0.05224432051181793
2,117,P005_189_R3,P005,189,3,3,1,0,0,0,0.885417,0.7507157921791077,0.24928414821624756
2,118,P005_189_R4,P005,189,4,3,1,0,0,0,0.96875,0.9022234082221985,0.09777654707431793
2,119,P005_189_R5,P005,189,5,3,1,0,0,0,0.989583,0.8561545014381409,0.14384548366069794
2,120,P005_453_R1,P005,453,1,2,0,0,0,0,0.96875,0.8188419938087463,0.18115800619125366
2,121,P005_453_R2,P005,453,2,2,0,0,0,0,0.885417,0.6918910145759583,0.30810895562171936
2,122,P005_453_R3,P005,453,3,2,0,0,0,0,0.9375,0.6499460339546204,0.350053995847702
2,123,P005_453_R4,P005,453,4,2,0,0,0,0,0.979167,0.8817968964576721,0.11820309609174728
2,124,P005_453_R5,P005,453,5,2,0,1,0,0,0.770833,0.4662218391895294,0.533778190612793
2,325,P015_189_R1,P015,189,1,3,1,0,0,0,1.0,0.7307199239730835,0.26928001642227173
2,326,P015_189_R2,P015,189,2,3,1,0,0,0,1.0,0.6916598081588745,0.3083402216434479
2,327,P015_189_R3,P015,189,3,3,1,0,0,0,0.989583,0.6220765709877014,0.3779233992099762
2,328,P015_189_R4,P015,189,4,3,1,0,0,0,1.0,0.5579071640968323,0.4420928359031677
2,329,P015_189_R5,P015,189,5,3,1,0,0,0,1.0,0.5011441111564636,0.4988558888435364
2,330,P015_762_R1,P015,762,1,4,0,0,0,0,1.0,0.6400785446166992,0.3599214255809784
2,331,P015_762_R2,P015,762,2,4,0,0,0,0,1.0,0.6320434212684631,0.36795660853385925
2,332,P015_762_R3,P015,762,3,4,0,0,0,0,1.0,0.7076609134674072,0.2923390865325928
2,333,P015_762_R4,P015,762,4,4,0,0,0,0,1.0,0.6042007803916931,0.3957991898059845
2,334,P015_762_R5,P015,762,5,4,0,1,0,0,1.0,0.2981474697589874,0.7018525004386902
2,335,P015_453_R1,P015,453,1,1,0,0,0,0,0.989583,0.7094116806983948,0.2905883491039276
2,336,P015_453_R2,P015,453,2,1,0,0,0,0,0.927083,0.6687518954277039,0.33124807476997375
2,337,P015_453_R3,P015,453,3,1,0,0,0,0,1.0,0.6086623072624207,0.39133766293525696
2,338,P015_453_R4,P015,453,4,1,0,0,0,0,1.0,0.7389222979545593,0.26107773184776306
2,339,P015_453_R5,P015,453,5,1,0,0,0,0,1.0,0.8022123575210571,0.19778761267662048
2,340,P015_893_R1,P015,893,1,5,0,0,0,0,0.958333,0.599647045135498,0.40035295486450195
2,341,P015_893_R2,P015,893,2,5,0,1,0,0,0.875,0.42323002219200134,0.5767699480056763
2,342,P015_893_R3,P015,893,3,5,0,0,0,0,1.0,0.6056902408599854,0.39430975914001465
2,343,P015_893_R4,P015,893,4,5,0,0,0,0,0.9375,0.5068194270133972,0.4931805431842804
2,344,P015_893_R5,P015,893,5,5,0,0,0,0,1.0,0.7502792477607727,0.2497207224369049
2,345,P015_258_R1,P015,258,1,1,0,0,0,0,1.0,0.6135040521621704,0.3864959180355072
2,346,P015_258_R2,P015,258,2,1,0,0,0,0,1.0,0.7811753749847412,0.21882465481758118
2,347,P015_258_R3,P015,258,3,1,0,0,0,0,1.0,0.684580385684967,0.31541958451271057
2,348,P015_258_R4,P015,258,4,1,0,0,0,0,1.0,0.6472070217132568,0.35279297828674316
2,349,P015_258_R5,P015,258,5,1,0,0,0,0,1.0,0.7013626098632812,0.29863739013671875
2,450,P020_453_R1,P020,453,1,3,1,0,0,0,0.84375,0.9486409425735474,0.05135907605290413
2,451,P020_453_R2,P020,453,2,3,1,0,0,0,0.802083,0.96662437915802,0.033375661820173264
2,452,P020_453_R3,P020,453,3,3,1,0,0,0,0.864583,0.6795073747634888,0.3204926550388336
2,453,P020_453_R4,P020,453,4,3,1,1,0,0,0.895833,0.29087573289871216,0.7091242671012878
2,454,P020_453_R5,P020,453,5,3,1,0,0,0,0.989583,0.9693766236305237,0.030623437836766243
2,455,P020_189_R1,P020,189,1,4,0,0,0,0,0.802083,0.9036721587181091,0.09632786363363266
2,456,P020_189_R2,P020,189,2,4,0,0,0,0,0.854167,0.8218322992324829,0.1781676858663559
2,457,P020_189_R3,P020,189,3,4,0,0,0,0,0.9375,0.9901747703552246,0.009825224056839943
2,458,P020_189_R4,P020,189,4,4,0,0,0,0,0.947917,0.9872249364852905,0.012775054201483727
2,459,P020_189_R5,P020,189,5,4,0,0,0,0,0.916667,0.8025562763214111,0.19744373857975006
2,460,P020_258_R1,P020,258,1,1,0,0,0,0,0.8125,0.5807428359985352,0.41925716400146484
2,461,P020_258_R2,P020,258,2,1,0,0,0,0,0.979167,0.8327815532684326,0.1672184020280838
2,462,P020_258_R3,P020,258,3,1,0,0,0,0,0.895833,0.9868214726448059,0.013178521767258644
2,463,P020_258_R4,P020,258,4,1,0,0,0,0,1.0,0.9959378242492676,0.004062182269990444
2,464,P020_258_R5,P020,258,5,1,0,0,0,0,0.90625,0.9557289481163025,0.044271085411310196
2,465,P020_762_R1,P020,762,1,4,0,1,0,0,0.854167,0.3548056483268738,0.6451943516731262
2,466,P020_762_R2,P020,762,2,4,0,0,0,0,1.0,0.8880999684333801,0.11189999431371689
2,467,P020_762_R3,P020,762,3,4,0,0,0,0,0.854167,0.8283226490020752,0.17167741060256958
2,468,P020_762_R4,P020,762,4,4,0,0,0,0,0.875,0.9691953659057617,0.030804580077528954
2,469,P020_762_R5,P020,762,5,4,0,1,0,0,0.71875,0.4357914626598358,0.5642085075378418
2,470,P020_893_R1,P020,893,1,5,0,0,0,0,0.864583,0.8488430976867676,0.15115685760974884
2,471,P020_893_R2,P020,893,2,5,0,0,0,0,0.802083,0.7821862697601318,0.21781373023986816
2,472,P020_893_R3,P020,893,3,5,0,0,0,0,0.791667,0.868736207485199,0.13126379251480103
2,473,P020_893_R4,P020,893,4,5,0,0,0,0,0.770833,0.9090700745582581,0.09092990309000015
2,474,P020_893_R5,P020,893,5,5,0,0,0,0,0.90625,0.7930402159690857,0.2069598138332367
2,475,P021_189_R1,P021,189,1,4,0,0,0,0,0.90625,0.5945826172828674,0.40541738271713257
2,476,P021_189_R2,P021,189,2,4,0,1,0,0,0.791667,0.42258167266845703,0.577418327331543
2,477,P021_189_R3,P021,189,3,4,0,0,0,0,1.0,0.5108927488327026,0.489107221364975
2,478,P021_189_R4,P021,189,4,4,0,0,0,0,0.802083,0.5484470129013062,0.45155298709869385
2,479,P021_189_R5,P021,189,5,4,0,0,0,0,0.739583,0.5315474271774292,0.4684526324272156
2,480,P021_762_R1,P021,762,1,4,0,1,0,0,0.791667,0.32286712527275085,0.6771329045295715
2,481,P021_762_R2,P021,762,2,4,0,0,0,0,0.84375,0.550578773021698,0.4494212865829468
2,482,P021_762_R3,P021,762,3,4,0,1,0,0,0.84375,0.44188860058784485,0.5581114292144775
2,483,P021_762_R4,P021,762,4,4,0,1,0,0,0.947917,0.46241506934165955,0.5375849008560181
2,484,P021_762_R5,P021,762,5,4,0,0,0,0,0.854167,0.5586796998977661,0.4413203299045563
2,485,P021_453_R1,P021,453,1,2,0,0,0,0,0.958333,0.5842806100845337,0.4157193899154663
2,486,P021_453_R2,P021,453,2,2,0,0,0,0,0.885417,0.5270457863807678,0.4729542136192322
2,487,P021_453_R3,P021,453,3,2,0,0,0,0,0.84375,0.6004408001899719,0.3995591700077057
2,488,P021_453_R4,P021,453,4,2,0,0,0,0,0.989583,0.530086874961853,0.4699130952358246
2,489,P021_453_R5,P021,453,5,2,0,0,0,0,0.989583,0.6894819140434265,0.3105180859565735
2,490,P021_893_R1,P021,893,1,5,0,1,0,0,0.875,0.4151182174682617,0.5848818421363831
2,491,P021_893_R2,P021,893,2,5,0,1,0,0,1.0,0.4495121240615845,0.5504879355430603
2,492,P021_893_R3,P021,893,3,5,0,0,0,0,0.927083,0.6839606761932373,0.3160393536090851
2,493,P021_893_R4,P021,893,4,5,0,0,0,0,0.947917,0.5044518113136292,0.49554818868637085
2,494,P021_893_R5,P021,893,5,5,0,0,0,0,0.989583,0.5918468832969666,0.40815308690071106
2,495,P021_258_R1,P021,258,1,1,0,0,0,0,0.947917,0.5587486624717712,0.44125133752822876
2,496,P021_258_R2,P021,258,2,1,0,1,0,0,1.0,0.47677963972091675,0.5232203602790833
2,497,P021_258_R3,P021,258,3,1,0,0,0,0,1.0,0.5975013971328735,0.4024985432624817
2,498,P021_258_R4,P021,258,4,1,0,0,0,0,0.927083,0.5131699442863464,0.48683008551597595
2,499,P021_258_R5,P021,258,5,1,0,0,0,0,0.90625,0.5352582335472107,0.46474170684814453
2,500,P023_893_R1,P023,893,1,4,0,0,0,0,1.0,0.6476880311965942,0.35231196880340576
2,501,P023_893_R2,P023,893,2,4,0,0,0,0,1.0,0.5871061682701111,0.4128938913345337
2,502,P023_893_R3,P023,893,3,4,0,1,0,0,1.0,0.3782327175140381,0.6217672824859619
2,503,P023_893_R4,P023,893,4,4,0,1,0,0,1.0,0.4772025942802429,0.5227973461151123
2,504,P023_893_R5,P023,893,5,4,0,1,0,0,1.0,0.45953670144081116,0.5404632687568665
2,505,P023_762_R1,P023,762,1,3,1,1,0,0,1.0,0.2105824202299118,0.7894176244735718
2,506,P023_762_R2,P023,762,2,3,1,0,0,0,1.0,0.5330861806869507,0.4669138491153717
2,507,P023_762_R3,P023,762,3,3,1,1,0,0,0.989583,0.3208625614643097,0.6791374683380127
2,508,P023_762_R4,P023,762,4,3,1,1,0,0,1.0,0.2953205108642578,0.704679548740387
2,509,P023_762_R5,P023,762,5,3,1,0,0,0,1.0,0.5168936848640442,0.48310625553131104
2,510,P023_258_R1,P023,258,1,1,0,1,0,0,1.0,0.4023302495479584,0.5976697206497192
2,511,P023_258_R2,P023,258,2,1,0,1,0,0,1.0,0.14332345128059387,0.8566765785217285
2,512,P023_258_R3,P023,258,3,1,0,1,0,0,0.989583,0.4733308255672455,0.5266691446304321
2,513,P023_258_R4,P023,258,4,1,0,0,0,0,1.0,0.5218942761421204,0.47810569405555725
2,514,P023_258_R5,P023,258,5,1,0,0,0,0,0.989583,0.8724538683891296,0.12754614651203156
2,515,P023_189_R1,P023,189,1,3,1,1,0,0,0.989583,0.3822639584541321,0.6177360415458679
2,516,P023_189_R2,P023,189,2,3,1,0,0,0,1.0,0.5860411524772644,0.4139588475227356
2,517,P023_189_R3,P023,189,3,3,1,0,0,0,0.979167,0.8492342233657837,0.15076583623886108
2,518,P023_189_R4,P023,189,4,3,1,0,0,0,1.0,0.7372603416442871,0.2627396583557129
2,519,P023_189_R5,P023,189,5,3,1,0,0,0,0.947917,0.6123469471931458,0.38765302300453186
2,520,P023_453_R1,P023,453,1,1,0,0,0,0,1.0,0.9050156474113464,0.09498433023691177
2,521,P023_453_R2,P023,453,2,1,0,0,0,0,1.0,0.671592652797699,0.328407347202301
2,522,P023_453_R3,P023,453,3,1,0,0,0,0,1.0,0.9541651606559753,0.04583483934402466
2,523,P023_453_R4,P023,453,4,1,0,0,0,0,1.0,0.8297300338745117,0.17026999592781067
2,524,P023_453_R5,P023,453,5,1,0,0,0,0,0.989583,0.9059380888938904,0.09406189620494843
3,125,P006_258_R1,P006,258,1,3,1,0,0,0,1.0,0.8723404407501221,0.12765951454639435
3,126,P006_258_R2,P006,258,2,3,1,0,0,0,0.9375,0.8978650569915771,0.10213492065668106
3,127,P006_258_R3,P006,258,3,3,1,0,0,0,0.979167,0.9283041954040527,0.07169579714536667
3,128,P006_258_R4,P006,258,4,3,1,0,0,0,0.947917,0.9419037699699402,0.05809628218412399
3,129,P006_258_R5,P006,258,5,3,1,0,0,0,0.916667,0.8530468940734863,0.14695310592651367
3,130,P006_893_R1,P006,893,1,4,0,0,0,0,1.0,0.69366455078125,0.3063354790210724
3,131,P006_893_R2,P006,893,2,4,0,0,0,0,0.9375,0.8920720815658569,0.10792793333530426
3,132,P006_893_R3,P006,893,3,4,0,0,0,0,0.854167,0.8613114953041077,0.13868853449821472
3,133,P006_893_R4,P006,893,4,4,0,0,0,0,1.0,0.9459815621376038,0.05401843041181564
3,134,P006_893_R5,P006,893,5,4,0,0,0,0,1.0,0.7739057540893555,0.22609427571296692
3,135,P006_453_R1,P006,453,1,3,1,0,0,0,1.0,0.8157647848129272,0.18423521518707275
3,136,P006_453_R2,P006,453,2,3,1,0,0,0,1.0,0.9417183995246887,0.05828158184885979
3,137,P006_453_R3,P006,453,3,3,1,0,0,0,1.0,0.9267567992210388,0.07324320822954178
3,138,P006_453_R4,P006,453,4,3,1,0,0,0,0.885417,0.9683790802955627,0.03162086755037308
3,139,P006_453_R5,P006,453,5,3,1,0,0,0,0.927083,0.8806231021881104,0.11937688291072845
3,140,P006_762_R1,P006,762,1,4,0,1,0,1,1.0,0.47576475143432617,0.5242352485656738
3,141,P006_762_R2,P006,762,2,4,0,0,0,1,1.0,0.5777965188026428,0.42220354080200195
3,142,P006_762_R3,P006,762,3,4,0,0,0,1,1.0,0.735013484954834,0.2649865448474884
3,143,P006_762_R4,P006,762,4,4,0,0,0,1,0.989583,0.760869562625885,0.23913048207759857
3,144,P006_762_R5,P006,762,5,4,0,0,0,1,1.0,0.7213122844696045,0.27868765592575073
3,145,P006_189_R1,P006,189,1,3,1,1,0,1,1.0,0.3865688145160675,0.6134312152862549
3,146,P006_189_R2,P006,189,2,3,1,0,0,1,1.0,0.87750643491745,0.12249359488487244
3,147,P006_189_R3,P006,189,3,3,1,0,0,1,1.0,0.9578827023506165,0.042117245495319366
3,148,P006_189_R4,P006,189,4,3,1,0,0,1,1.0,0.6757610440254211,0.32423892617225647
3,149,P006_189_R5,P006,189,5,3,1,0,0,1,1.0,0.7977368235588074,0.20226319134235382
3,150,P007_258_R1,P007,258,1,1,0,1,0,0,1.0,0.31617677211761475,0.6838232278823853
3,151,P007_258_R2,P007,258,2,1,0,1,0,0,1.0,0.38283902406692505,0.617160975933075
3,152,P007_258_R3,P007,258,3,1,0,0,0,0,1.0,0.6445878744125366,0.3554121255874634
3,153,P007_258_R4,P007,258,4,1,0,0,0,0,0.989583,0.6864550709724426,0.313544899225235
3,154,P007_258_R5,P007,258,5,1,0,1,0,0,1.0,0.4630889892578125,0.5369110107421875
3,155,P007_453_R1,P007,453,1,4,0,1,0,0,1.0,0.4310508668422699,0.5689491033554077
3,156,P007_453_R2,P007,453,2,4,0,0,0,0,1.0,0.5260381698608398,0.47396183013916016
3,157,P007_453_R3,P007,453,3,4,0,0,0,0,1.0,0.5030656456947327,0.49693435430526733
3,158,P007_453_R4,P007,453,4,4,0,1,0,0,1.0,0.46685510873794556,0.5331449508666992
3,159,P007_453_R5,P007,453,5,4,0,0,0,0,1.0,0.5584133863449097,0.44158655405044556
3,160,P007_189_R1,P007,189,1,5,0,0,0,1,1.0,0.5478326082229614,0.4521673917770386
3,161,P007_189_R2,P007,189,2,5,0,1,0,1,0.979167,0.4488668441772461,0.5511331558227539
3,162,P007_189_R3,P007,189,3,5,0,0,0,1,0.947917,0.586751401424408,0.41324856877326965
3,163,P007_189_R4,P007,189,4,5,0,0,0,1,1.0,0.657947838306427,0.342052161693573
3,164,P007_189_R5,P007,189,5,5,0,1,0,1,0.9375,0.44874686002731323,0.5512531399726868
3,165,P007_893_R1,P007,893,1,5,0,0,0,0,1.0,0.6231372952461243,0.3768627345561981
3,166,P007_893_R2,P007,893,2,5,0,1,0,0,0.854167,0.3330332040786743,0.6669667959213257
3,167,P007_893_R3,P007,893,3,5,0,1,0,0,1.0,0.4253673255443573,0.5746327042579651
3,168,P007_893_R4,P007,893,4,5,0,1,0,0,1.0,0.4263960123062134,0.5736039876937866
3,169,P007_893_R5,P007,893,5,5,0,1,0,0,0.84375,0.380574107170105,0.619425892829895
3,170,P007_762_R1,P007,762,1,4,0,1,0,1,1.0,0.42980965971946716,0.5701903700828552
3,171,P007_762_R2,P007,762,2,4,0,1,0,1,0.9375,0.44770893454551697,0.5522910356521606
3,172,P007_762_R3,P007,762,3,4,0,0,0,1,0.958333,0.5242164731025696,0.4757835268974304
3,173,P007_762_R4,P007,762,4,4,0,1,0,1,1.0,0.4672105014324188,0.5327894687652588
3,174,P007_762_R5,P007,762,5,4,0,1,0,1,0.989583,0.3701663613319397,0.6298336386680603
3,300,P014_453_R1,P014,453,1,2,0,0,0,0,1.0,0.9793123006820679,0.020687660202383995
3,301,P014_453_R2,P014,453,2,2,0,0,0,0,1.0,0.9789025783538818,0.021097423508763313
3,302,P014_453_R3,P014,453,3,2,0,0,0,0,1.0,0.5759553909301758,0.42404457926750183
3,303,P014_453_R4,P014,453,4,2,0,0,0,0,1.0,0.944941520690918,0.05505847930908203
3,304,P014_453_R5,P014,453,5,2,0,0,0,0,0.989583,0.9400839805603027,0.05991603434085846
3,305,P014_189_R1,P014,189,1,3,1,0,0,1,1.0,0.9465040564537048,0.05349590629339218
3,306,P014_189_R2,P014,189,2,3,1,0,0,1,1.0,0.9989122152328491,0.0010877494933083653
3,307,P014_189_R3,P014,189,3,3,1,0,0,1,1.0,0.9439152479171753,0.05608468875288963
3,308,P014_189_R4,P014,189,4,3,1,0,0,1,1.0,0.9650578498840332,0.03494216501712799
3,309,P014_189_R5,P014,189,5,3,1,0,0,1,0.916667,0.9883223176002502,0.011677645146846771
3,310,P014_258_R1,P014,258,1,1,0,0,0,0,1.0,0.9932482242584229,0.0067517394199967384
3,311,P014_258_R2,P014,258,2,1,0,0,0,0,1.0,0.930647075176239,0.06935290992259979
3,312,P014_258_R3,P014,258,3,1,0,0,0,0,0.979167,0.9780038595199585,0.021996138617396355
3,313,P014_258_R4,P014,258,4,1,0,0,0,0,0.989583,0.9979027509689331,0.0020972646307200193
3,314,P014_258_R5,P014,258,5,1,0,0,0,0,1.0,0.9768109321594238,0.023189058527350426
3,315,P014_762_R1,P014,762,1,3,1,0,0,1,0.989583,0.9880287051200867,0.011971252039074898
3,316,P014_762_R2,P014,762,2,3,1,0,0,1,1.0,0.9572405219078064,0.0427594818174839
3,317,P014_762_R3,P014,762,3,3,1,0,0,1,0.979167,0.9843676686286926,0.015632351860404015
3,318,P014_762_R4,P014,762,4,3,1,0,0,1,1.0,0.9797903299331665,0.020209746435284615
3,319,P014_762_R5,P014,762,5,3,1,0,0,1,0.989583,0.9961276650428772,0.003872369648888707
3,320,P014_893_R1,P014,893,1,4,0,0,0,0,1.0,0.9943599104881287,0.005640140734612942
3,321,P014_893_R2,P014,893,2,4,0,0,0,0,0.958333,0.9957842230796814,0.0042157722637057304
3,322,P014_893_R3,P014,893,3,4,0,0,0,0,0.947917,0.9985587000846863,0.0014412757009267807
3,323,P014_893_R4,P014,893,4,4,0,0,0,0,1.0,0.9819013476371765,0.018098624423146248
3,324,P014_893_R5,P014,893,5,4,0,0,0,0,1.0,0.9979408383369446,0.0020591728389263153
3,350,P016_762_R1,P016,762,1,3,1,0,0,1,1.0,0.5005213022232056,0.49947869777679443
3,351,P016_762_R2,P016,762,2,3,1,0,0,1,1.0,0.5700469613075256,0.429953008890152
3,352,P016_762_R3,P016,762,3,3,1,0,0,1,0.96875,0.6848467588424683,0.31515324115753174
3,353,P016_762_R4,P016,762,4,3,1,1,0,1,1.0,0.4562637209892273,0.5437362790107727
3,354,P016_762_R5,P016,762,5,3,1,0,0,1,0.989583,0.6600825786590576,0.33991739153862
3,355,P016_893_R1,P016,893,1,3,1,1,0,0,1.0,0.3433622121810913,0.6566377878189087
3,356,P016_893_R2,P016,893,2,3,1,1,0,0,1.0,0.3454729914665222,0.6545270085334778
3,357,P016_893_R3,P016,893,3,3,1,1,0,0,0.989583,0.33702924847602844,0.662970781326294
3,358,P016_893_R4,P016,893,4,3,1,0,0,0,1.0,0.5439453125,0.4560546875
3,359,P016_893_R5,P016,893,5,3,1,0,0,0,1.0,0.7079390287399292,0.2920610010623932
3,360,P016_189_R1,P016,189,1,2,0,0,0,1,1.0,0.7867950797080994,0.21320487558841705
3,361,P016_189_R2,P016,189,2,2,0,1,0,1,1.0,0.4522266983985901,0.5477733016014099
3,362,P016_189_R3,P016,189,3,2,0,1,0,1,0.895833,0.4139961898326874,0.5860037803649902
3,363,P016_189_R4,P016,189,4,2,0,0,0,1,0.947917,0.6366838812828064,0.3633160889148712
3,364,P016_189_R5,P016,189,5,2,0,0,0,1,0.864583,0.5444167852401733,0.45558324456214905
3,365,P016_258_R1,P016,258,1,1,0,1,0,0,1.0,0.2584168016910553,0.7415831685066223
3,366,P016_453_R1,P016,453,1,1,0,1,0,0,0.979167,0.4174317717552185,0.5825681686401367
3,367,P016_453_R2,P016,453,2,1,0,0,0,0,0.989583,0.5939449071884155,0.40605512261390686
3,368,P016_453_R3,P016,453,3,1,0,1,0,0,0.854167,0.48589009046554565,0.5141099095344543
3,369,P016_453_R4,P016,453,4,1,0,0,0,0,0.927083,0.6907649040222168,0.3092351257801056
3,370,P016_453_R5,P016,453,5,1,0,0,0,0,0.989583,0.8121083378791809,0.18789169192314148
3,371,P016_258_R2,P016,258,2,1,0,1,0,0,1.0,0.46959277987480164,0.530407190322876
3,372,P016_258_R3,P016,258,3,1,0,0,0,0,1.0,0.538147509098053,0.461852490901947
3,373,P016_258_R4,P016,258,4,1,0,0,0,0,0.947917,0.5973801612854004,0.4026198983192444
3,374,P016_258_R5,P016,258,5,1,0,1,0,0,1.0,0.44426530599594116,0.5557346940040588
3,375,P017_893_R1,P017,893,1,3,1,0,0,0,1.0,0.5587059259414673,0.4412940740585327
3,376,P017_893_R2,P017,893,2,3,1,1,0,0,1.0,0.486247181892395,0.5137528777122498
3,377,P017_893_R3,P017,893,3,3,1,0,0,0,0.802083,0.6273727416992188,0.37262725830078125
3,378,P017_893_R4,P017,893,4,3,1,0,0,0,1.0,0.6182871460914612,0.38171282410621643
3,379,P017_893_R5,P017,893,5,3,1,0,0,0,0.90625,0.5397014617919922,0.4602985680103302
3,380,P017_762_R1,P017,762,1,2,0,0,0,1,0.958333,0.5994101166725159,0.40058988332748413
3,381,P017_762_R2,P017,762,2,2,0,1,0,1,1.0,0.46503719687461853,0.5349628329277039
3,382,P017_762_R3,P017,762,3,2,0,1,0,1,1.0,0.45667511224746704,0.543324887752533
3,383,P017_762_R4,P017,762,4,2,0,0,0,1,0.895833,0.5615350604057312,0.4384649097919464
3,384,P017_762_R5,P017,762,5,2,0,1,0,1,0.895833,0.42095431685447693,0.5790456533432007
3,385,P017_258_R1,P017,258,1,1,0,1,0,0,1.0,0.49313127994537354,0.5068687796592712
3,386,P017_258_R2,P017,258,2,1,0,1,0,0,1.0,0.48422908782958984,0.5157708525657654
3,387,P017_258_R3,P017,258,3,1,0,1,0,0,1.0,0.4514167606830597,0.5485832691192627
3,388,P017_258_R4,P017,258,4,1,0,1,0,0,1.0,0.37696877121925354,0.6230311989784241
3,389,P017_258_R5,P017,258,5,1,0,1,0,0,1.0,0.476298063993454,0.5237019658088684
3,390,P017_189_R1,P017,189,1,2,0,0,0,1,1.0,0.6156663298606873,0.38433369994163513
3,391,P017_189_R2,P017,189,2,2,0,1,0,1,1.0,0.45639994740486145,0.5436000823974609
3,392,P017_189_R3,P017,189,3,2,0,0,0,1,0.947917,0.7432499527931213,0.25675007700920105
3,393,P017_189_R4,P017,189,4,2,0,0,0,1,0.958333,0.5139794945716858,0.4860205352306366
3,394,P017_189_R5,P017,189,5,2,0,0,0,1,1.0,0.5045264363288879,0.4954735040664673
3,395,P017_453_R1,P017,453,1,1,0,0,0,0,1.0,0.5846053957939148,0.4153945744037628
3,396,P017_453_R2,P017,453,2,1,0,0,0,0,1.0,0.5339131951332092,0.46608680486679077
3,397,P017_453_R3,P017,453,3,1,0,0,0,0,0.979167,0.5189538598060608,0.4810461699962616
3,398,P017_453_R4,P017,453,4,1,0,0,0,0,1.0,0.5143681168556213,0.48563188314437866
3,399,P017_453_R5,P017,453,5,1,0,1,0,0,1.0,0.41681230068206787,0.5831876993179321
3,675,P030_258_R1,P030,258,1,3,1,0,0,0,0.989583,0.9926234483718872,0.0073765856213867664
3,676,P030_258_R2,P030,258,2,3,1,0,0,0,0.989583,0.8631895184516907,0.13681042194366455
3,677,P030_258_R3,P030,258,3,3,1,0,0,0,0.96875,0.7986689805984497,0.2013310194015503
3,678,P030_258_R4,P030,258,4,3,1,1,0,0,0.854167,0.3602527976036072,0.639747142791748
3,679,P030_258_R5,P030,258,5,3,1,1,0,0,0.885417,0.33058664202690125,0.6694133281707764
3,680,P030_893_R1,P030,893,1,4,0,1,0,0,1.0,0.45839276909828186,0.5416072607040405
3,681,P030_893_R2,P030,893,2,4,0,0,0,0,1.0,0.5510737895965576,0.4489262104034424
3,682,P030_893_R3,P030,893,3,4,0,1,0,0,0.989583,0.3801254630088806,0.6198745369911194
3,683,P030_893_R4,P030,893,4,4,0,0,0,0,0.947917,0.7084668874740601,0.29153305292129517
3,684,P030_893_R5,P030,893,5,4,0,1,0,0,0.979167,0.42435452342033386,0.5756455063819885
3,685,P030_453_R1,P030,453,1,1,0,0,0,0,1.0,0.5450769066810608,0.4549230635166168
3,686,P030_453_R2,P030,453,2,1,0,0,0,0,0.979167,0.7651547193527222,0.23484525084495544
3,687,P030_453_R3,P030,453,3,1,0,1,0,0,1.0,0.382962703704834,0.617037296295166
3,688,P030_453_R4,P030,453,4,1,0,0,0,0,0.96875,0.8385677337646484,0.16143226623535156
3,689,P030_453_R5,P030,453,5,1,0,0,0,0,0.916667,0.7098075747489929,0.29019248485565186
3,690,P030_762_R1,P030,762,1,4,0,0,0,1,0.96875,0.8789105415344238,0.12108945846557617
3,691,P030_762_R2,P030,762,2,4,0,0,0,1,0.96875,0.8765559196472168,0.1234440878033638
3,692,P030_762_R3,P030,762,3,4,0,0,0,1,1.0,0.9106233716011047,0.08937665075063705
3,693,P030_762_R4,P030,762,4,4,0,0,0,1,0.854167,0.9721031785011292,0.02789676934480667
3,694,P030_762_R5,P030,762,5,4,0,0,0,1,0.875,0.9879704117774963,0.012029573321342468
3,695,P030_189_R1,P030,189,1,2,0,0,0,1,0.958333,0.7732964158058167,0.22670356929302216
3,696,P030_189_R2,P030,189,2,2,0,0,0,1,0.979167,0.6203184127807617,0.37968161702156067
3,697,P030_189_R3,P030,189,3,2,0,1,0,1,0.96875,0.4628816545009613,0.5371183753013611
3,698,P030_189_R4,P030,189,4,2,0,1,0,1,0.84375,0.40049099922180176,0.5995090007781982
3,699,P030_189_R5,P030,189,5,2,0,0,0,1,0.864583,0.9497236609458923,0.050276320427656174
4,175,P008_453_R1,P008,453,1,2,0,0,0,0,0.84375,0.8338561058044434,0.16614395380020142
4,176,P008_453_R2,P008,453,2,2,0,1,0,0,0.958333,0.3631361722946167,0.6368637681007385
4,177,P008_453_R3,P008,453,3,2,0,1,0,0,0.989583,0.3197391927242279,0.6802608370780945
4,178,P008_453_R4,P008,453,4,2,0,1,0,0,0.96875,0.3260510563850403,0.6739489436149597
4,179,P008_453_R5,P008,453,5,2,0,1,0,0,0.96875,0.30891939997673035,0.691080629825592
4,180,P008_189_R1,P008,189,1,3,1,1,0,0,0.96875,0.3317950367927551,0.6682049632072449
4,181,P008_189_R2,P008,189,2,3,1,0,0,0,0.822917,0.6692897081375122,0.3307103216648102
4,182,P008_189_R3,P008,189,3,3,1,1,0,0,1.0,0.4801414906978607,0.5198585391044617
4,183,P008_189_R4,P008,189,4,3,1,1,0,0,0.979167,0.41430237889289856,0.585697591304779
4,184,P008_189_R5,P008,189,5,3,1,1,0,0,0.989583,0.2684233784675598,0.7315766215324402
4,185,P008_258_R1,P008,258,1,1,0,1,0,0,0.947917,0.4355928599834442,0.5644071698188782
4,186,P008_258_R2,P008,258,2,1,0,1,0,0,0.885417,0.4765336811542511,0.5234663486480713
4,187,P008_258_R3,P008,258,3,1,0,0,0,0,1.0,0.5513253211975098,0.44867461919784546
4,188,P008_258_R4,P008,258,4,1,0,1,0,0,0.989583,0.31750133633613586,0.6824986338615417
4,189,P008_258_R5,P008,258,5,1,0,1,0,0,1.0,0.4579106271266937,0.5420893430709839
4,190,P008_762_R1,P008,762,1,4,0,0,0,0,0.885417,0.5313870906829834,0.468612939119339
4,191,P008_762_R2,P008,762,2,4,0,1,0,0,1.0,0.4890848696231842,0.5109151005744934
4,192,P008_762_R3,P008,762,3,4,0,1,0,0,0.979167,0.4219686985015869,0.5780313014984131
4,193,P008_762_R4,P008,762,4,4,0,1,0,0,0.947917,0.3821614980697632,0.6178385019302368
4,194,P008_762_R5,P008,762,5,4,0,1,0,0,0.947917,0.4266042113304138,0.5733957886695862
4,195,P008_893_R1,P008,893,1,4,0,1,0,0,0.958333,0.3897993862628937,0.6102006435394287
4,196,P008_893_R2,P008,893,2,4,0,1,0,0,0.958333,0.353311151266098,0.6466888785362244
4,197,P008_893_R3,P008,893,3,4,0,0,0,0,0.833333,0.517862856388092,0.48213714361190796
4,198,P008_893_R4,P008,893,4,4,0,1,0,0,0.979167,0.3291700780391693,0.6708298921585083
4,199,P008_893_R5,P008,893,5,4,0,1,0,0,0.9375,0.35117584466934204,0.6488240957260132
4,225,P010_762_R1,P010,762,1,3,1,0,0,0,0.916667,0.7828461527824402,0.21715384721755981
4,226,P010_762_R2,P010,762,2,3,1,0,0,0,0.958333,0.6860887408256531,0.3139112591743469
4,227,P010_762_R3,P010,762,3,3,1,0,0,0,0.96875,0.720181941986084,0.279818058013916
4,228,P010_762_R4,P010,762,4,3,1,0,0,0,0.927083,0.699804425239563,0.300195574760437
4,229,P010_762_R5,P010,762,5,3,1,0,0,0,1.0,0.534473717212677,0.4655262529850006
4,230,P010_893_R1,P010,893,1,4,0,0,0,0,0.96875,0.7322815656661987,0.26771846413612366
4,231,P010_893_R2,P010,893,2,4,0,0,0,0,0.947917,0.7337753772735596,0.26622462272644043
4,232,P010_893_R3,P010,893,3,4,0,0,0,0,0.927083,0.6013535857200623,0.3986464738845825
4,233,P010_893_R4,P010,893,4,4,0,0,0,0,1.0,0.5273514986038208,0.4726485311985016
4,234,P010_893_R5,P010,893,5,4,0,0,0,0,0.947917,0.5738651156425476,0.4261348843574524
4,235,P010_189_R1,P010,189,1,2,0,0,0,0,0.979167,0.7282012701034546,0.27179867029190063
4,236,P010_189_R2,P010,189,2,2,0,0,0,0,0.96875,0.7091991901397705,0.2908008396625519
4,237,P010_189_R3,P010,189,3,2,0,0,0,0,1.0,0.5732203125953674,0.42677968740463257
4,238,P010_189_R4,P010,189,4,2,0,0,0,0,0.989583,0.5786998271942139,0.42130014300346375
4,239,P010_189_R5,P010,189,5,2,0,0,0,0,0.958333,0.5692377686500549,0.4307622015476227
4,240,P010_453_R1,P010,453,1,2,0,0,0,0,0.947917,0.550457775592804,0.44954222440719604
4,241,P010_453_R2,P010,453,2,2,0,0,0,0,1.0,0.5951159596443176,0.40488409996032715
4,242,P010_453_R3,P010,453,3,2,0,0,0,0,0.916667,0.5740843415260315,0.42591559886932373
4,243,P010_453_R4,P010,453,4,2,0,1,0,0,1.0,0.3627566993236542,0.6372432708740234
4,244,P010_453_R5,P010,453,5,2,0,0,0,0,1.0,0.6419779062271118,0.3580220937728882
4,245,P010_258_R1,P010,258,1,1,0,0,0,0,0.947917,0.7045658230781555,0.2954341471195221
4,246,P010_258_R2,P010,258,2,1,0,0,0,0,1.0,0.7014206647872925,0.2985793650150299
4,247,P010_258_R3,P010,258,3,1,0,0,0,0,1.0,0.5126184225082397,0.48738157749176025
4,248,P010_258_R4,P010,258,4,1,0,1,0,0,0.989583,0.44530847668647766,0.5546915531158447
4,249,P010_258_R5,P010,258,5,1,0,0,0,0,1.0,0.5078215599060059,0.49217844009399414
4,400,P018_258_R1,P018,258,1,1,0,1,0,0,0.895833,0.4821303188800812,0.5178697109222412
4,401,P018_258_R2,P018,258,2,1,0,1,0,0,1.0,0.4094969630241394,0.5905030369758606
4,402,P018_258_R3,P018,258,3,1,0,1,0,0,0.895833,0.4139915704727173,0.5860084891319275
4,403,P018_258_R4,P018,258,4,1,0,1,0,0,0.84375,0.43241581320762634,0.5675841569900513
4,404,P018_258_R5,P018,258,5,1,0,1,0,0,0.916667,0.39441603422164917,0.605583906173706
4,405,P018_893_R1,P018,893,1,4,0,1,0,0,0.854167,0.4380601644515991,0.5619398951530457
4,406,P018_893_R2,P018,893,2,4,0,0,0,0,0.885417,0.5082528591156006,0.4917471408843994
4,407,P018_893_R3,P018,893,3,4,0,1,0,0,1.0,0.35073330998420715,0.6492667198181152
4,408,P018_893_R4,P018,893,4,4,0,0,0,0,0.833333,0.5834020972251892,0.4165979027748108
4,409,P018_893_R5,P018,893,5,4,0,1,0,0,1.0,0.2698429226875305,0.7301570773124695
4,410,P018_453_R1,P018,453,1,3,1,0,0,0,0.90625,0.5140056014060974,0.485994428396225
4,411,P018_453_R2,P018,453,2,3,1,0,0,0,0.833333,0.5027996897697449,0.4972003102302551
4,412,P018_453_R3,P018,453,3,3,1,1,0,0,0.90625,0.47427812218666077,0.5257218480110168
4,413,P018_453_R4,P018,453,4,3,1,1,0,0,0.979167,0.43883681297302246,0.5611631274223328
4,414,P018_453_R5,P018,453,5,3,1,0,0,0,0.895833,0.6135725378990173,0.38642749190330505
4,415,P018_762_R1,P018,762,1,4,0,1,0,0,0.96875,0.46241050958633423,0.5375894904136658
4,416,P018_762_R2,P018,762,2,4,0,0,0,0,0.979167,0.5855448246002197,0.4144551455974579
4,417,P018_762_R3,P018,762,3,4,0,0,0,0,0.947917,0.6002079844474792,0.39979198575019836
4,418,P018_762_R4,P018,762,4,4,0,0,0,0,0.947917,0.5836241841316223,0.4163757562637329
4,419,P018_762_R5,P018,762,5,4,0,0,0,0,0.96875,0.5001875162124634,0.49981245398521423
4,420,P018_189_R1,P018,189,1,3,1,1,0,0,0.96875,0.36994388699531555,0.6300560832023621
4,421,P018_189_R2,P018,189,2,3,1,1,0,0,1.0,0.3232753276824951,0.6767246127128601
4,422,P018_189_R3,P018,189,3,3,1,0,0,0,0.96875,0.783576488494873,0.21642345190048218
4,423,P018_189_R4,P018,189,4,3,1,1,0,0,0.916667,0.49348941445350647,0.5065105557441711
4,424,P018_189_R5,P018,189,5,3,1,0,0,0,0.9375,0.5907554626464844,0.40924450755119324
4,425,P019_258_R1,P019,258,1,1,0,0,0,0,0.979167,0.6948891282081604,0.3051108717918396
4,426,P019_258_R2,P019,258,2,1,0,0,0,0,1.0,0.5880537033081055,0.4119463562965393
4,427,P019_258_R3,P019,258,3,1,0,0,0,0,1.0,0.6495873928070068,0.35041263699531555
4,428,P019_258_R4,P019,258,4,1,0,0,0,0,0.989583,0.6308436393737793,0.3691563606262207
4,429,P019_258_R5,P019,258,5,1,0,0,0,0,0.916667,0.8220961093902588,0.17790384590625763
4,430,P019_453_R1,P019,453,1,3,1,0,0,0,0.958333,0.5255364775657654,0.47446349263191223
4,431,P019_453_R2,P019,453,2,3,1,0,0,0,1.0,0.5794360637664795,0.4205639064311981
4,432,P019_453_R3,P019,453,3,3,1,0,0,0,1.0,0.6462237238883972,0.3537762761116028
4,433,P019_453_R4,P019,453,4,3,1,0,0,0,0.875,0.7427200078964233,0.25728005170822144
4,434,P019_453_R5,P019,453,5,3,1,0,0,0,0.895833,0.7020559906959534,0.29794400930404663
4,435,P019_189_R1,P019,189,1,4,0,0,0,0,1.0,0.6348075866699219,0.3651924431324005
4,436,P019_189_R2,P019,189,2,4,0,0,0,0,0.947917,0.6553308367729187,0.3446692228317261
4,437,P019_189_R3,P019,189,3,4,0,0,0,0,0.895833,0.6979906558990479,0.30200934410095215
4,438,P019_189_R4,P019,189,4,4,0,0,0,0,1.0,0.5935174226760864,0.4064825475215912
4,439,P019_189_R5,P019,189,5,4,0,0,0,0,0.958333,0.7156221866607666,0.2843778133392334
4,440,P019_893_R1,P019,893,1,4,0,0,0,0,1.0,0.6065115332603455,0.39348843693733215
4,441,P019_893_R2,P019,893,2,4,0,0,0,0,1.0,0.5605635046958923,0.43943649530410767
4,442,P019_893_R3,P019,893,3,4,0,0,0,0,1.0,0.6180026531219482,0.38199734687805176
4,443,P019_893_R4,P019,893,4,4,0,0,0,0,0.885417,0.6609591841697693,0.3390407860279083
4,444,P019_893_R5,P019,893,5,4,0,0,0,0,1.0,0.6009814143180847,0.3990185558795929
4,445,P019_762_R1,P019,762,1,3,1,0,0,0,1.0,0.7425134181976318,0.2574865221977234
4,446,P019_762_R2,P019,762,2,3,1,0,0,0,1.0,0.6384455561637878,0.36155444383621216
4,447,P019_762_R3,P019,762,3,3,1,0,0,0,0.947917,0.7559174299240112,0.24408254027366638
4,448,P019_762_R4,P019,762,4,3,1,0,0,0,0.958333,0.6657153964042664,0.33428454399108887
4,449,P019_762_R5,P019,762,5,3,1,0,0,0,1.0,0.5283375978469849,0.47166240215301514
4,575,P026_453_R1,P026,453,1,1,0,0,0,0,0.895833,0.5057932734489441,0.49420666694641113
4,576,P026_453_R2,P026,453,2,1,0,0,0,0,1.0,0.56380295753479,0.43619707226753235
4,577,P026_453_R3,P026,453,3,1,0,1,0,0,0.989583,0.4143655002117157,0.5856345295906067
4,578,P026_453_R4,P026,453,4,1,0,0,0,0,0.958333,0.6004130244255066,0.399586945772171
4,579,P026_453_R5,P026,453,5,1,0,1,0,0,0.958333,0.3785134553909302,0.6214865446090698
4,580,P026_189_R1,P026,189,1,3,1,0,0,0,0.885417,0.659744918346405,0.34025508165359497
4,581,P026_189_R2,P026,189,2,3,1,0,0,0,0.927083,0.5688421130180359,0.4311578869819641
4,582,P026_189_R3,P026,189,3,3,1,0,0,0,0.875,0.5083994269371033,0.49160054326057434
4,583,P026_189_R4,P026,189,4,3,1,1,0,0,0.989583,0.4630017578601837,0.5369982123374939
4,584,P026_189_R5,P026,189,5,3,1,1,0,0,0.989583,0.4452090263366699,0.5547909736633301
4,585,P026_258_R1,P026,258,1,1,0,1,0,0,0.895833,0.37000805139541626,0.6299919486045837
4,586,P026_258_R2,P026,258,2,1,0,1,0,0,0.927083,0.4124574661254883,0.5875425338745117
4,587,P026_258_R3,P026,258,3,1,0,1,0,0,0.989583,0.4654095470905304,0.5345904231071472
4,588,P026_258_R4,P026,258,4,1,0,0,0,0,0.96875,0.5219646096229553,0.47803542017936707
4,589,P026_258_R5,P026,258,5,1,0,0,0,0,0.916667,0.5019265413284302,0.4980734586715698
4,590,P026_762_R1,P026,762,1,4,0,1,0,0,0.90625,0.38458991050720215,0.6154100894927979
4,591,P026_762_R2,P026,762,2,4,0,1,0,0,0.9375,0.3798532485961914,0.6201466917991638
4,592,P026_762_R3,P026,762,3,4,0,0,0,0,0.947917,0.6601389646530151,0.33986103534698486
4,593,P026_762_R4,P026,762,4,4,0,0,0,0,0.947917,0.545396625995636,0.4546033442020416
4,594,P026_762_R5,P026,762,5,4,0,1,0,0,0.979167,0.3591051399707794,0.6408948302268982
4,595,P026_893_R1,P026,893,1,5,0,0,0,0,0.96875,0.5198841691017151,0.48011577129364014
4,596,P026_893_R2,P026,893,2,5,0,1,0,0,0.979167,0.3835285007953644,0.616471529006958
4,597,P026_893_R3,P026,893,3,5,0,1,0,0,1.0,0.3438705503940582,0.6561294198036194
4,598,P026_893_R4,P026,893,4,5,0,1,0,0,1.0,0.4096665680408478,0.5903334021568298
4,599,P026_893_R5,P026,893,5,5,0,1,0,0,0.9375,0.3550468683242798,0.6449531316757202
5,25,P002_453_R1,P002,453,1,2,0,0,0,0,0.927083,0.5371028780937195,0.46289709210395813
5,26,P002_453_R2,P002,453,2,2,0,0,0,0,0.989583,0.671166181564331,0.32883381843566895
5,27,P002_453_R3,P002,453,3,2,0,0,0,0,0.989583,0.6925169825553894,0.3074829876422882
5,28,P002_453_R4,P002,453,4,2,0,0,0,0,1.0,0.7144739031791687,0.2855260670185089
5,29,P002_453_R5,P002,453,5,2,0,0,0,0,1.0,0.6222805380821228,0.3777194619178772
5,30,P002_189_R1,P002,189,1,4,0,0,0,1,0.989583,0.6767359972000122,0.3232640326023102
5,31,P002_189_R2,P002,189,2,4,0,0,0,1,1.0,0.7177272439002991,0.2822727859020233
5,32,P002_189_R3,P002,189,3,4,0,0,0,1,1.0,0.5606452822685242,0.43935468792915344
5,33,P002_189_R4,P002,189,4,4,0,0,0,1,1.0,0.5033630132675171,0.4966369569301605
5,34,P002_189_R5,P002,189,5,4,0,0,0,1,0.979167,0.6350523233413696,0.364947646856308
5,35,P002_258_R1,P002,258,1,1,0,0,0,0,1.0,0.6719769239425659,0.3280230760574341
5,36,P002_258_R2,P002,258,2,1,0,0,0,0,1.0,0.7112753391265869,0.2887246310710907
5,37,P002_258_R3,P002,258,3,1,0,0,0,0,1.0,0.6387493014335632,0.36125072836875916
5,38,P002_258_R4,P002,258,4,1,0,0,0,0,1.0,0.553325355052948,0.4466746151447296
5,39,P002_258_R5,P002,258,5,1,0,0,0,0,1.0,0.7656983733177185,0.2343016266822815
5,40,P002_762_R1,P002,762,1,4,0,0,0,0,0.989583,0.7144718170166016,0.28552818298339844
5,41,P002_762_R2,P002,762,2,4,0,0,0,0,1.0,0.8026254773139954,0.19737449288368225
5,42,P002_762_R3,P002,762,3,4,0,0,0,0,1.0,0.7130595445632935,0.28694039583206177
5,43,P002_762_R4,P002,762,4,4,0,0,0,0,1.0,0.7240036129951477,0.2759963572025299
5,44,P002_762_R5,P002,762,5,4,0,0,0,0,1.0,0.7102535963058472,0.2897464334964752
5,45,P002_893_R1,P002,893,1,3,1,0,0,0,1.0,0.7162957191467285,0.2837042510509491
5,46,P002_893_R2,P002,893,2,3,1,0,0,0,0.989583,0.7779457569122314,0.22205416858196259
5,47,P002_893_R3,P002,893,3,3,1,0,0,0,1.0,0.5236697196960449,0.4763302803039551
5,48,P002_893_R4,P002,893,4,3,1,0,0,0,0.979167,0.7628945112228394,0.23710548877716064
5,49,P002_893_R5,P002,893,5,3,1,0,0,0,1.0,0.8485659956932068,0.15143395960330963
5,200,P009_189_R1,P009,189,1,3,1,0,0,1,0.979167,0.9155759215354919,0.08442406356334686
5,201,P009_189_R2,P009,189,2,3,1,0,0,1,0.979167,0.8452807068824768,0.15471933782100677
5,202,P009_189_R3,P009,189,3,3,1,0,0,1,0.96875,0.8956777453422546,0.10432218760251999
5,203,P009_189_R4,P009,189,4,3,1,0,0,1,0.979167,0.734050452709198,0.2659496068954468
5,204,P009_189_R5,P009,189,5,3,1,0,0,1,1.0,0.888225257396698,0.11177471280097961
5,205,P009_762_R1,P009,762,1,4,0,0,0,0,0.989583,0.8832982182502747,0.11670183390378952
5,206,P009_762_R2,P009,762,2,4,0,0,0,0,1.0,0.9324332475662231,0.06756674498319626
5,207,P009_762_R3,P009,762,3,4,0,0,0,0,0.958333,0.7472833395004272,0.25271672010421753
5,208,P009_762_R4,P009,762,4,4,0,0,0,0,0.947917,0.5275557041168213,0.4724442958831787
5,209,P009_762_R5,P009,762,5,4,0,0,0,0,0.989583,0.5548576712608337,0.44514232873916626
5,210,P009_453_R1,P009,453,1,2,0,0,0,0,1.0,0.8710591793060303,0.12894079089164734
5,211,P009_453_R2,P009,453,2,2,0,0,0,0,1.0,0.971265435218811,0.028734538704156876
5,212,P009_453_R3,P009,453,3,2,0,0,0,0,0.96875,0.836929976940155,0.1630699783563614
5,213,P009_453_R4,P009,453,4,2,0,0,0,0,0.958333,0.6823068261146545,0.31769323348999023
5,214,P009_453_R5,P009,453,5,2,0,1,0,0,0.90625,0.43441659212112427,0.5655834078788757
5,215,P009_893_R1,P009,893,1,5,0,1,0,0,0.947917,0.37746700644493103,0.6225329637527466
5,216,P009_893_R2,P009,893,2,5,0,0,0,0,1.0,0.8542978763580322,0.14570210874080658
5,217,P009_893_R3,P009,893,3,5,0,1,0,0,0.947917,0.47468605637550354,0.5253139138221741
5,218,P009_893_R4,P009,893,4,5,0,0,0,0,0.947917,0.8277216553688049,0.17227834463119507
5,219,P009_258_R1,P009,258,1,1,0,0,0,0,1.0,0.8641732931137085,0.13582666218280792
5,220,P009_258_R2,P009,258,2,1,0,0,0,0,0.947917,0.8213161826133728,0.1786837875843048
5,221,P009_258_R3,P009,258,3,1,0,0,0,0,1.0,0.8403576612472534,0.1596423238515854
5,222,P009_258_R4,P009,258,4,1,0,0,0,0,1.0,0.6235460042953491,0.3764539957046509
5,223,P009_258_R5,P009,258,5,1,0,1,0,0,0.895833,0.4858085811138153,0.5141913890838623
5,224,P009_893_R5,P009,893,5,5,0,0,0,0,1.0,0.8254492282867432,0.17455081641674042
5,550,P025_258_R1,P025,258,1,1,0,1,0,0,0.989583,0.4579479396343231,0.5420520901679993
5,551,P025_258_R2,P025,258,2,1,0,0,0,0,0.916667,0.6051120758056641,0.39488789439201355
5,552,P025_258_R3,P025,258,3,1,0,0,0,0,0.979167,0.602730929851532,0.3972690999507904
5,553,P025_258_R4,P025,258,4,1,0,0,0,0,0.947917,0.5399567484855652,0.4600432217121124
5,554,P025_258_R5,P025,258,5,1,0,0,0,0,0.979167,0.5941585302352905,0.4058414399623871
5,555,P025_453_R1,P025,453,1,1,0,0,0,0,0.916667,0.572064995765686,0.4279349446296692
5,556,P025_453_R2,P025,453,2,1,0,0,0,0,1.0,0.5025293231010437,0.4974707067012787
5,557,P025_453_R3,P025,453,3,1,0,0,0,0,0.916667,0.592480480670929,0.40751951932907104
5,558,P025_453_R4,P025,453,4,1,0,1,0,0,1.0,0.44554534554481506,0.5544546842575073
5,559,P025_453_R5,P025,453,5,1,0,0,0,0,0.90625,0.5222240686416626,0.4777759909629822
5,560,P025_189_R1,P025,189,1,3,1,0,0,1,0.958333,0.6143279075622559,0.3856721520423889
5,561,P025_189_R2,P025,189,2,3,1,0,0,1,0.947917,0.5701128840446472,0.4298871159553528
5,562,P025_189_R3,P025,189,3,3,1,0,0,1,0.916667,0.5226964950561523,0.47730350494384766
5,563,P025_189_R4,P025,189,4,3,1,0,0,1,0.989583,0.5792664885520935,0.4207334816455841
5,564,P025_189_R5,P025,189,5,3,1,0,0,1,0.885417,0.6241334080696106,0.37586653232574463
5,565,P025_893_R1,P025,893,1,4,0,0,0,0,0.979167,0.5930971503257751,0.40690290927886963
5,566,P025_893_R2,P025,893,2,4,0,0,0,0,0.979167,0.606559157371521,0.3934408128261566
5,567,P025_893_R3,P025,893,3,4,0,0,0,0,0.895833,0.6270608901977539,0.3729391098022461
5,568,P025_893_R4,P025,893,4,4,0,0,0,0,0.916667,0.5566462874412537,0.44335371255874634
5,569,P025_893_R5,P025,893,5,4,0,0,0,0,0.916667,0.5956115126609802,0.4043884873390198
5,570,P025_762_R1,P025,762,1,3,1,1,0,0,0.895833,0.49523457884788513,0.5047653913497925
5,571,P025_762_R2,P025,762,2,3,1,1,0,0,0.916667,0.45536214113235474,0.5446378588676453
5,572,P025_762_R3,P025,762,3,3,1,1,0,0,1.0,0.423724502325058,0.5762755274772644
5,573,P025_762_R4,P025,762,4,3,1,0,0,0,1.0,0.5574396252632141,0.4425604045391083
5,574,P025_762_R5,P025,762,5,3,1,0,0,0,0.916667,0.5030575394630432,0.4969424307346344
5,625,P028_762_R1,P028,762,1,3,1,0,0,0,0.96875,0.8903522491455078,0.10964775830507278
5,626,P028_762_R2,P028,762,2,3,1,0,0,0,1.0,0.8605411648750305,0.1394588053226471
5,627,P028_762_R3,P028,762,3,3,1,0,0,0,0.979167,0.8598523736000061,0.1401476413011551
5,628,P028_762_R4,P028,762,4,3,1,0,0,0,1.0,0.8660408854484558,0.1339590698480606
5,629,P028_762_R5,P028,762,5,3,1,0,0,0,0.96875,0.8452728986740112,0.15472710132598877
5,630,P028_893_R1,P028,893,1,3,1,0,0,0,1.0,0.6357374787330627,0.36426252126693726
5,631,P028_893_R2,P028,893,2,3,1,0,0,0,1.0,0.7635573744773865,0.23644258081912994
5,632,P028_893_R3,P028,893,3,3,1,0,0,0,0.96875,0.8384957909584045,0.16150423884391785
5,633,P028_893_R4,P028,893,4,3,1,0,0,0,0.989583,0.8722745180130005,0.1277255117893219
5,634,P028_893_R5,P028,893,5,3,1,0,0,0,0.947917,0.8673873543739319,0.13261264562606812
5,635,P028_189_R1,P028,189,1,2,0,0,0,1,1.0,0.8961705565452576,0.10382945835590363
5,636,P028_189_R2,P028,189,2,2,0,0,0,1,1.0,0.8820737600326538,0.11792626976966858
5,637,P028_189_R3,P028,189,3,2,0,0,0,1,1.0,0.862298309803009,0.13770164549350739
5,638,P028_189_R4,P028,189,4,2,0,0,0,1,0.989583,0.8809410929679871,0.11905888468027115
5,639,P028_189_R5,P028,189,5,2,0,0,0,1,1.0,0.9161239266395569,0.08387605845928192
5,640,P028_453_R1,P028,453,1,3,1,0,0,0,1.0,0.9113604426383972,0.08863954246044159
5,641,P028_453_R2,P028,453,2,3,1,0,0,0,0.989583,0.8237679600715637,0.1762320101261139
5,642,P028_453_R3,P028,453,3,3,1,0,0,0,1.0,0.9289527535438538,0.07104721665382385
5,643,P028_453_R4,P028,453,4,3,1,0,0,0,0.989583,0.8829230666160583,0.11707688122987747
5,644,P028_453_R5,P028,453,5,3,1,0,0,0,0.96875,0.8469681739807129,0.1530318707227707
5,645,P028_258_R1,P028,258,1,1,0,0,0,0,1.0,0.7793170213699341,0.22068296372890472
5,646,P028_258_R2,P028,258,2,1,0,0,0,0,1.0,0.8466926217079163,0.15330740809440613
5,647,P028_258_R3,P028,258,3,1,0,0,0,0,1.0,0.9048541784286499,0.0951458215713501
5,648,P028_258_R4,P028,258,4,1,0,0,0,0,0.989583,0.8649510145187378,0.13504904508590698
5,649,P028_258_R5,P028,258,5,1,0,0,0,0,1.0,0.911414384841919,0.08858560770750046
5,650,P029_893_R1,P029,893,1,3,1,0,0,0,1.0,0.6390829682350159,0.36091703176498413
5,651,P029_893_R2,P029,893,2,3,1,0,0,0,1.0,0.6266733407974243,0.3733266294002533
5,652,P029_893_R3,P029,893,3,3,1,0,0,0,1.0,0.6107978820800781,0.38920214772224426
5,653,P029_893_R4,P029,893,4,3,1,1,0,0,0.895833,0.46249881386756897,0.5375012159347534
5,654,P029_893_R5,P029,893,5,3,1,0,0,0,1.0,0.6380957961082458,0.3619041442871094
5,655,P029_762_R1,P029,762,1,4,0,1,0,0,0.958333,0.48488613963127136,0.515113890171051
5,656,P029_762_R2,P029,762,2,4,0,0,0,0,0.895833,0.5479568839073181,0.4520431160926819
5,657,P029_762_R3,P029,762,3,4,0,0,0,0,0.78125,0.5042107701301575,0.49578920006752014
5,658,P029_762_R4,P029,762,4,4,0,1,0,0,0.854167,0.4656306803226471,0.5343693494796753
5,659,P029_762_R5,P029,762,5,4,0,0,0,0,0.989583,0.6917783617973328,0.30822163820266724
5,660,P029_258_R1,P029,258,1,1,0,1,0,0,0.875,0.3911612331867218,0.6088387966156006
5,661,P029_258_R2,P029,258,2,1,0,1,0,0,1.0,0.4672408699989319,0.5327591300010681
5,662,P029_258_R3,P029,258,3,1,0,0,0,0,0.916667,0.5734513998031616,0.4265486001968384
5,663,P029_258_R4,P029,258,4,1,0,1,0,0,0.84375,0.47858956456184387,0.5214104056358337
5,664,P029_258_R5,P029,258,5,1,0,0,0,0,0.989583,0.6063140034675598,0.3936859369277954
5,665,P029_189_R1,P029,189,1,4,0,0,0,1,0.75,0.80592942237854,0.19407065212726593
5,666,P029_189_R2,P029,189,2,4,0,0,0,1,0.979167,0.8619888424873352,0.13801120221614838
5,667,P029_189_R3,P029,189,3,4,0,0,0,1,0.96875,0.5999048948287964,0.4000951051712036
5,668,P029_189_R4,P029,189,4,4,0,1,0,1,1.0,0.4479615390300751,0.5520384907722473
5,669,P029_189_R5,P029,189,5,4,0,0,0,1,1.0,0.5822449922561646,0.41775500774383545
5,670,P029_453_R1,P029,453,1,3,1,1,0,0,1.0,0.4025258719921112,0.5974740982055664
5,671,P029_453_R2,P029,453,2,3,1,1,0,0,0.958333,0.35098835825920105,0.6490116715431213
5,672,P029_453_R3,P029,453,3,3,1,0,0,0,0.96875,0.5339199304580688,0.46608009934425354
5,673,P029_453_R4,P029,453,4,3,1,0,0,0,0.927083,0.7169267535209656,0.2830732762813568
5,674,P029_453_R5,P029,453,5,3,1,0,0,0,0.833333,0.5385361313819885,0.4614638388156891
